sku,year,make,model,class,code,condition,web_unit,status,retail_price,sale_price,ls_id
2025-MERCURY-ME-2.5MH-4S-TMC-4,2025,Mercury,ME 2.5MH 4S TMC,M,1F02201KK,N,0,,,,33914
2026-CUB-CADET-13A6A9TS596-13A6A9TS596,2026,Cub Cadet,13A6A9TS596,Tractor,XT1 LT42 42-in. 547cc Riding Lawn Mower,N,0,,,,57647
2025-MERCURY-ME-2.5MH-4S-TMC-8,2025,Mercury,ME 2.5MH 4S TMC,M,1F02201KK,N,0,,,,33926
2025-MERCURY-ME-6MH-20,2025,Mercury,ME 6MH,M,1FX6201KK,N,0,,,,33958
2025-MERCURY-ME-2.5MH-4S-TMC-2,2025,Mercury,ME 2.5MH 4S TMC,M,1F02201KK,N,0,,,,33908
2025-MERCURY-ME-2.5MH-4S-TMC-3,2025,Mercury,ME 2.5MH 4S TMC,M,1F02201KK,N,0,,,,33911
2026-TORO-75747-444,2026,Toro,75747,ZT,42 in. (107 cm) TimeCutter® MyRIDE® Zero Turn Mower,N,0,,,,56397
2025-MERCURY-ME-2.5MH-4S-TMC-10,2025,Mercury,ME 2.5MH 4S TMC,M,1F02201KK,N,0,,,,33932
2025-MERCURY-ME-5MH-24,2025,Mercury,ME 5MH,M,1FX5201KK,N,0,,,,33968
2025-MERCURY-ME-2.5MH-4S-TMC-5,2025,Mercury,ME 2.5MH 4S TMC,M,1F02201KK,N,0,,,,33917
2026-CUB-CADET-13A6A9TS596-13A6A9TS596,2026,Cub Cadet,13A6A9TS596,Tractor,XT1 LT42 42-in. 547cc Riding Lawn Mower,N,0,,,,57648
2023-PRINCECRAFT-SPORTFISHER-23-2RS-34499,2023,Princecraft,SPORTFISHER 23 2RS,B,,N,0,,,,34499
2025-MERCURY-ME-6MH-26,2025,Mercury,ME 6MH,M,1FX6201KK,N,0,,,,33974
2025-MERCURY-ME-6MH-28,2025,Mercury,ME 6MH,M,1FX6201KK,N,0,,,,33980
2025-MERCURY-ME-9.9MH-4S-30,2025,Mercury,ME 9.9MH 4S,M,1A10201LK,N,0,,,,33986
2026-TORO-75747-447,2026,Toro,75747,ZT,42 in. (107 cm) TimeCutter® MyRIDE® Zero Turn Mower,N,0,,,,56400
2025-MERCURY-ME-9.9MH-4S-32,2025,Mercury,ME 9.9MH 4S,M,1A10201LK,N,0,,,,33992
2026-MERCURY-ME-115XL-PXS4S-322,2026,Mercury,ME 115XL PXS4S,M,MERCURY 115 HP PRO XS XL,N,0,,,,54280
2023-MERCURY-ME-9.9ELH-4S-TMC-34,2023,Mercury,ME 9.9ELH 4S TMC,M,1A10211LK,N,0,,,,33996
2026-CUB-CADET-13A6A9TS596-13A6A9TS596,2026,Cub Cadet,13A6A9TS596,Tractor,XT1 LT42 42-in. 547cc Riding Lawn Mower,N,0,,,,57649
2023-MERCURY-90-EXLPT-CT-34490,2023,Mercury,90 EXLPT CT,M,,N,0,,,,34490
2026-TRAILER-100162-WHEEL-KIT-PAI-100162,2026,Trailer,100162 Wheel Kit Pair Lift Dock,O,100162 Wheel Kit Pair Lift Dock,N,0,O,,,56223
2023-PRINCECRAFT-SPORTFISHER-21-2RS-34487,2023,Princecraft,SPORTFISHER 21 2RS,B,,N,0,,,,34487
26-MERCURY-ME-90ELPT-4S-5995,26,Mercury,ME 90ELPT 4S,M,ME 90ELPT 4S,N,0,,,,55835
2026-CUB-CADET-13A6A9TS596-13A6A9TS596,2026,Cub Cadet,13A6A9TS596,Tractor,XT1 LT42 42-in. 547cc Riding Lawn Mower,N,0,,,,57650
2024-MERCURY-ME-50-ELPT-4S-EFI-42,2024,Mercury,ME 50 ELPT 4S EFI,M,1F51413GZ,N,0,,,,34014
2024-MERCURY-ME-50-ELPT-4S-EFI-44,2024,Mercury,ME 50 ELPT 4S EFI,M,1F51413GZ,N,0,,,,34020
2026-TORO-75747-448,2026,Toro,75747,ZT,42 in. (107 cm) TimeCutter® MyRIDE® Zero Turn Mower,N,0,,,,56401
2024-MERCURY-ME-60-ELPT-4S-EFI-45,2024,Mercury,ME 60 ELPT 4S EFI,M,1F60413GZ,N,0,,,,34023
2025-MERCURY-ME-2.5MH-4S-TMC-6,2025,Mercury,ME 2.5MH 4S TMC,M,1F02201KK,N,0,,,,33920
26-MERCURY-ME-90ELPT-4S-ME 90,26,Mercury,ME 90ELPT 4S,M,ME 90ELPT 4S,N,0,,,,57612
2024-MERCURY-ME-15-EH-4S-50,2024,Mercury,ME 15 EH 4S,M,1A15301LK,N,0,,,,34036
2023-MERCURY-ME-15-ELPHPT-PK-4S-55,2023,Mercury,ME 15 ELPHPT PK 4S,M,1A15451BK,N,0,,,,34047
2022-MERCURY-ME-5-MXLHA-LPG-4S-SA-83,2022,Mercury,ME 5 MXLHA LPG 4S SAILPOWER,M,ME 5 MXLHA LPG 4S SAILPOWER,N,0,,,,34060
2025-MERCURY-ME-2.5MH-4S-TMC-9,2025,Mercury,ME 2.5MH 4S TMC,M,1F02201KK,N,0,,,,33929
2023-MERCURY-115-PRO-XS-34500,2023,Mercury,115 Pro XS,M,,N,0,,,,34500
2026-EASY-HAULER-AL-PTDB2023-306,2026,Easy Hauler,AL-PTDB2023,T,DRIVE ON BUNK BLACK,N,0,,,,54211
2023-MERCURY-ME-20-MLH-4S-59,2023,Mercury,ME 20 MLH 4S,M,1A20211LK,N,0,,,,34055
2026-CUB-CADET-13APA1TEA10-13APA1TEA10,2026,Cub Cadet,13APA1TEA10,Tractor,XT2 LX42 42-in. 20 HP,N,0,,,,57675
2021-MERCURY-ME-2.5MH-4S-TMC-11,2021,Mercury,ME 2.5MH 4S TMC,M,1F02201KK,N,0,,,,33935
2022-MERCURY-ME-8MH-4S-TMC-38,2022,Mercury,ME 8MH 4S TMC,M,1A08201LK,N,0,,,,34004
2023-MERCURY-ME-3.5MH-4S-TMC-13,2023,Mercury,ME 3.5MH 4S TMC,M,1F03201KK,N,0,,,,33939
2025-MERCURY-ME-20-EH-4S-91,2025,Mercury,ME 20 EH 4S,M,1A20301LK,N,0,,,,34064
2026-CUB-CADET-13APA1TEA10-13APA1TEA10,2026,Cub Cadet,13APA1TEA10,Tractor,XT2 LX42 42-in. 20 HP,N,0,,,,57676
2025-MERCURY-ME-60-ELHPT-CT-4S-95,2025,Mercury,ME 60 ELHPT CT 4S,M,1F6045TJZ,N,0,,,,34076
2024-MERCURY-ME-25-ELHPT-EFI-4S-98,2024,Mercury,ME 25 ELHPT EFI 4S,M,1A25411BK,N,0,,,,34082
2022-MERCURY-ME-4MH-4S-15,2022,Mercury,ME 4MH 4S,M,1F04201KK,N,0,,,,33943
2023-MERCURY-ME-25-ELPT-EFI-4S-100,2023,Mercury,ME 25 ELPT EFI 4S,M,1A25413BK,N,0,,,,34088
2022-MERCURY-ME-20-MLH-4S-104,2022,Mercury,ME 20 MLH 4S,M,1A20211LK,N,0,,,,34096
2023-MERCURY-ME-30-ELHPT-EFI-4S-106,2023,Mercury,ME 30 ELHPT EFI 4S,M,1A30411BK,N,0,,,,34098
2022-MERCURY-ME-30-ELPT-EFI-4S-108,2022,Mercury,ME 30 ELPT EFI 4S,M,1A30413BK,N,0,,,,34102
2023-MERCURY-ME-30-ELHPT-EFI-4S-110,2023,Mercury,ME 30 ELHPT EFI 4S,M,1A30411BK,N,0,,,,34104
2025-TRAILER-X-34509,2025,Trailer,X,T,,N,0,,,,34509
2022-EASY-HAULER-AL-PTDB2026-TRI-307,2022,Easy Hauler,AL-PTDB2026-TRI,T,DRIVE ON BUNK TRI TRAILER 20' 2600#- BLACK,N,0,,,,54212
2022-EASY-HAULER-AL-PTDB2026-TRI-308,2022,Easy Hauler,AL-PTDB2026-TRI,T,DRIVE ON BUNK TRI TRAILER 20' 2600#- BLACK,N,0,,,,54217
2026-CUB-CADET-13APA1TEA10-13APA1TEA10,2026,Cub Cadet,13APA1TEA10,Tractor,XT2 LX42 42-in. 20 HP,N,0,,,,57677
2024-MERCURY-ME-4MH-4S-16,2024,Mercury,ME 4MH 4S,M,1F04201KK,N,0,,,,33946
2022-EASY-HAULER-AL-PTDB2026-TRI-315,2022,Easy Hauler,AL-PTDB2026-TRI,T,DRIVE ON BUNK TRI TRAILER 20' 2600#- BLACK,N,0,,,,54218
2026-TORO-72504-72504,2026,Toro,72504,ZT,GrandStand® 48 in. Turbo Force Deck(122 cm) 22 hp  Kaw 726cc,N,0,,,,56752
2024-TORO-74532-340,2024,Toro,74532,ZT,GRANDSTAND HDM 32 IN KAWI 18.5HP,N,0,,,,54911
2026-TORO-77283-77283,2026,Toro,77283,ZT,52' 2000 Z MASTER TF2 DECK 24.5 HP TORO V TWIN,N,0,,,,56759
2026-CUB-CADET-13APA1TEA10-13APA1TEA10,2026,Cub Cadet,13APA1TEA10,Tractor,XT2 LX42 42-in. 20 HP,N,0,,,,57678
2024-MERCURY-ME-6MLH-19,2024,Mercury,ME 6MLH,M,1FX6211KK,N,0,,,,33955
2024-TRAILER-X-34518,2024,Trailer,X,T,,N,0,,,,34518
2024-PRINCECRAFT-RESORTER-160-BT-34512,2024,Princecraft,RESORTER 160 BT,B,,N,0,,,,34512
2025-MERCURY-ME-6MH-21,2025,Mercury,ME 6MH,M,1FX6201KK,N,0,,,,33961
2026-TRAILER-X-34431,2026,Trailer,X,T,,N,0,,,,34431
2025-TORO-77502-323,2025,Toro,77502,ZT,50 in. (127 cm) TimeCutter® Max MyRide® Zero Turn Mower 50 in. (127 cm) TimeCutter® Max MyRide® Zero Turn Mower 54 inch TimeCutter Max Zero Turn Mower 23 hp Kawasaki 726cc V-Twin Engine IronForged Deck - Fabricated 10 gauge steel Pro DNA - proven by pros. Built for you MyRide Suspension &#45; save your back with comfort 4-point hanging system - step up deck that doesn't flinch 20 inch rear tires - featuring aggressive treads 5-gallon fuel tank - get the job done in one go Protective fenders shield from tire spray TimeCutter-Video.jpg toro-myride-suspension-system-video-thumbnail_2k.jpg  50 in. (127 cm) TimeCutter® Max MyRide® Zero Turn Mower,N,0,,,,54458
2023-MERCURY-ME-6MH-22,2023,Mercury,ME 6MH,M,1FX6201KK,N,0,,,,33964
2025-MERCURY-ME-5MH-23,2025,Mercury,ME 5MH,M,1FX5201KK,N,0,,,,33965
2021-MERCURY-ME-5-MH-LPG-4S-81,2021,Mercury,ME 5 MH LPG 4S,M,1FX5201KK,N,0,,,,34058
2026-MERCURY-ME-115XL-PXS4S-321,2026,Mercury,ME 115XL PXS4S,M,1117F231D,N,0,,,,54279
2026-CUB-CADET-13CC1JD596-13CC1JD596,2026,Cub Cadet,13CC1JD596,RM,CC30H,N,0,,,,57258
2025-MERCURY-ME-6MH-25,2025,Mercury,ME 6MH,M,1FX6201KK,N,0,,,,33971
2025-MERCURY-ME-6MH-27,2025,Mercury,ME 6MH,M,1FX6201KK,N,0,,,,33977
2025-MERCURY-ME-9.9MH-4S-29,2025,Mercury,ME 9.9MH 4S,M,1A10201LK,N,0,,,,33983
2026-CUB-CADET-13APA1TNA10-XT2 LX46 46-in. 22 HP,2026,Cub Cadet,13APA1TNA10,Tractor,XT2 LX46 46-in. 22 HP,N,0,,,,57683
2025-MERCURY-ME-9.9MH-4S-31,2025,Mercury,ME 9.9MH 4S,M,1A10201LK,N,0,,,,33989
2025-MERCURY-ME-2.5MH-4S-TMC-7,2025,Mercury,ME 2.5MH 4S TMC,M,1F02201KK,N,0,,,,33923
2026-CUB-CADET-13APA1TEA10-13APA1TEA10,2026,Cub Cadet,13APA1TEA10,Tractor,XT2 LX42 42-in. 20 HP,N,0,,,,57679
2026-CUB-CADET-13APA1TNA10-13APA1TNA10,2026,Cub Cadet,13APA1TNA10,Tractor,XT2 LX46 46-in. 22 HP,N,0,,,,57682
2026-TORO-77501-326,2026,Toro,77501,ZT,50 IN TC FAB 23HP KAWI V-TWIN,N,0,,,,54503
2023-MERCURY-ME-3.5MH-4S-TMC-14,2023,Mercury,ME 3.5MH 4S TMC,M,1F03201KK,N,0,,,,33942
2026-MERCURY-115-EXLPT-PRO-XS-34474,2026,Mercury,115 EXLPT PRO XS,M,,N,0,,,,34474
2026-TORO-75747-446,2026,Toro,75747,ZT,42 in. (107 cm) TimeCutter® MyRIDE® Zero Turn Mower,N,0,,,,56399
2024-MERCURY-ME-6MLH-18,2024,Mercury,ME 6MLH,M,1FX6211KK,N,0,,,,33952
2026-CUB-CADET-13B6A9TTA10-13B6A9TTA10,2026,Cub Cadet,13B6A9TTA10,Tractor,XT1 LT46 46-in. 547cc,N,0,,,,57689
2026-CUB-CADET-13B6A9TTA10-13B6A9TTA10,2026,Cub Cadet,13B6A9TTA10,Tractor,XT1 LT46 46-in. 547cc,N,0,,,,57690
2025-TORO-76501-343,2025,Toro,76501,ZT,54 in. (137 cm) TITAN Zero Turn Mower,N,0,,,,54934
2026-PRINCECRAFT-VECTRA-21-RL-34459,2026,Princecraft,VECTRA 21 RL,B,,N,0,,,,34459
2025-MERCURY-75-ELPT-34524,2025,Mercury,75 ELPT,M,,N,0,,,,34524
2025-TRAILER-X-34527,2025,Trailer,X,T,,N,0,,,,34527
2026-TRAILER-X-34477,2026,Trailer,X,T,,N,0,,,,34477
2026-CUB-CADET-13B6A9TTA10-13B6A9TTA10,2026,Cub Cadet,13B6A9TTA10,Tractor,XT1 LT46 46-in. 547cc,N,0,,,,57691
2025-PRINCECRAFT-AMAROK-166-WS-34521,2025,Princecraft,AMAROK 166 WS,B,,N,0,,,,34521
2026-CUB-CADET-13APA9TTA10-13APA9TTA10,2026,Cub Cadet,13APA9TTA10,Tractor,XT1 LT46 46-in. 22 HP* Riding Lawn Mower,N,0,,,,57692
2026-CUB-CADET-13APA9TTA10-13APA9TTA10,2026,Cub Cadet,13APA9TTA10,Tractor,XT1 LT46 46-in. 22 HP* Riding Lawn Mower,N,0,,,,57694
2026-CUB-CADET-13APA9TTA10-13APA9TTA10,2026,Cub Cadet,13APA9TTA10,Tractor,XT1 LT46 46-in. 22 HP* Riding Lawn Mower,N,0,,,,57695
2026-EASY-HAULER-AL-PTDB2023-301,2026,Easy Hauler,AL-PTDB2023,T,,N,0,,,,54140
2025-MERCURY-ME-9.9MH-4S-35,2025,Mercury,ME 9.9MH 4S,M,1A10201LK,N,0,,,,33997
2026-MERCURY-ME-115XL-PXS4S-322,2026,Mercury,ME 115XL PXS4S,M,MERCURY 115 HP PRO XS XL,N,0,,,,54280
2022-MERCURY-ME-60-ELPT-4S-EFI-102,2022,Mercury,ME 60 ELPT 4S EFI,M,1F60413GZ,N,0,,,,34094
2025-MERCURY-ME-9.9MH-4S-32,2025,Mercury,ME 9.9MH 4S,M,1A10201LK,N,0,,,,33992
2025-MERCURY-ME-2.5MH-4S-TMC-2,2025,Mercury,ME 2.5MH 4S TMC,M,1F02201KK,N,0,,,,33908
2026-CUB-CADET-13A6A9TS596-13A6A9TS596,2026,Cub Cadet,13A6A9TS596,Tractor,XT1 LT42 42-in. 547cc Riding Lawn Mower,N,0,,,,57648
2022-MERCURY-ME-9.9ELH-4S-TMC-33,2022,Mercury,ME 9.9ELH 4S TMC,M,1A10311LK,N,0,,,,33995
2024-MERCURY-ME-25-ELHPT-EFI-4S-99,2024,Mercury,ME 25 ELHPT EFI 4S,M,1A25411BK,N,0,,,,34085
2026-CUB-CADET-13APA1TEA10-13APA1TEA10,2026,Cub Cadet,13APA1TEA10,Tractor,XT2 LX42 42-in. 20 HP,N,0,,,,57679
2026-TORO-77283-327,2026,Toro,77283,ZT,TORO 2000 Series 52 in. (132 cm) 24.5 hp 708 cc,N,0,,,,54504
2025-MERCURY-ME-6MH-27,2025,Mercury,ME 6MH,M,1FX6201KK,N,0,,,,33977
2026-MERCURY-40-ELPT-34455,2026,Mercury,40 ELPT,M,,N,0,,,,34455
26-MERCURY-ME-90ELPT-4S-5995,26,Mercury,ME 90ELPT 4S,M,ME 90ELPT 4S,N,0,,,,55835
2023-MERCURY-ME-3.5MH-4S-TMC-14,2023,Mercury,ME 3.5MH 4S TMC,M,1F03201KK,N,0,,,,33942
2025-MERCURY-ME-20-MH-4S-92,2025,Mercury,ME 20 MH 4S,M,1A20201LK,N,0,,,,34067
2026-TORO-77404-325,2026,Toro,77404,ZT,ZT TIMECUTTER 42IN FAB DECK V-TWIN BRIGGS,N,0,,,,54502
2025-MERCURY-ME-6MH-20,2025,Mercury,ME 6MH,M,1FX6201KK,N,0,,,,33958
2024-MERCURY-ME-8EH-4S-39,2024,Mercury,ME 8EH 4S,M,1A08301LK,N,0,,,,34005
2023-MERCURY-ME-30-ELHPT-EFI-4S-109,2023,Mercury,ME 30 ELHPT EFI 4S,M,1A30411BK,N,0,,,,34103
26-TRAILER-VERTICAL-PT-LIFT-101460,26,Trailer,Vertical PT Lift,O,,N,0,R,,,55607
2024-MERCURY-ME-25-EH-EFI-4S-101,2024,Mercury,ME 25 EH EFI 4S,M,1A25301BK,N,0,,,,34091
2025-MERCURY-ME-2.5MH-4S-TMC-1,2025,Mercury,ME 2.5MH 4S TMC,M,1F02201KK,N,0,,,,33904
2026-CUB-CADET-13AQA1TLA10-13AQA1TLA10,2026,Cub Cadet,13AQA1TLA10,Tractor,XT1 LT50 50-in. 24 HP* Riding Lawn Mower,N,0,,,,57800
2026-CUB-CADET-13APA1TEA10-13APA1TEA10,2026,Cub Cadet,13APA1TEA10,Tractor,XT2 LX42 42-in. 20 HP,N,0,,,,57675
2021-MERCURY-ME-2.5MH-4S-TMC-11,2021,Mercury,ME 2.5MH 4S TMC,M,1F02201KK,N,0,,,,33935
2025-MERCURY-ME-6MH-25,2025,Mercury,ME 6MH,M,1FX6201KK,N,0,,,,33971
2023-MERCURY-ME-20-MLH-4S-59,2023,Mercury,ME 20 MLH 4S,M,1A20211LK,N,0,,,,34055
2026-MERCURY-90-EXLPT-CT-34462,2026,Mercury,90 EXLPT CT,M,,N,0,,,,34462
2023-MERCURY-ME-30-ELHPT-EFI-4S-110,2023,Mercury,ME 30 ELHPT EFI 4S,M,1A30411BK,N,0,,,,34104
2025-TRAILER-X-34527,2025,Trailer,X,T,,N,0,,,,34527
2023-MERCURY-115-PRO-XS-34500,2023,Mercury,115 Pro XS,M,,N,0,,,,34500
2026-CUB-CADET-13AQA1TLA10-13AQA1TLA10,2026,Cub Cadet,13AQA1TLA10,Tractor,XT1 LT50 50-in. 24 HP* Riding Lawn Mower,N,0,,,,57698
2024-MERCURY-ME-50-ELPT-4S-EFI-44,2024,Mercury,ME 50 ELPT 4S EFI,M,1F51413GZ,N,0,,,,34020
2021-MERCURY-ME-5-MH-LPG-4S-81,2021,Mercury,ME 5 MH LPG 4S,M,1FX5201KK,N,0,,,,34058
2023-MERCURY-ME-3.5MH-4S-TMC-12,2023,Mercury,ME 3.5MH 4S TMC,M,1F03201KK,N,0,,,,33936
2024-MERCURY-ME-6MLH-19,2024,Mercury,ME 6MLH,M,1FX6211KK,N,0,,,,33955
2025-MERCURY-ME-60-ELHPT-CT-4S-95,2025,Mercury,ME 60 ELHPT CT 4S,M,1F6045TJZ,N,0,,,,34076
2025-MERCURY-ME-50-ELPT-CT-4S-EFI-41,2025,Mercury,ME 50 ELPT CT 4S EFI,M,1F51453GZ,N,0,,,,34011
2026-MERCURY-115-EXLPT-PRO-XS-34474,2026,Mercury,115 EXLPT PRO XS,M,,N,0,,,,34474
2026-CUB-CADET-13APA9TTA10-13APA9TTA10,2026,Cub Cadet,13APA9TTA10,Tractor,XT1 LT46 46-in. 22 HP* Riding Lawn Mower,N,0,,,,57693
2022-EASY-HAULER-AL-PTDB2026-TRI-308,2022,Easy Hauler,AL-PTDB2026-TRI,T,DRIVE ON BUNK TRI TRAILER 20' 2600#- BLACK,N,0,,,,54217
2024-MERCURY-ME-15-ELPT-4S-54,2024,Mercury,ME 15 ELPT 4S,M,1A15412LK,N,0,,,,34044
2025-MERCURY-ME-5MH-23,2025,Mercury,ME 5MH,M,1FX5201KK,N,0,,,,33965
2026-TORO-77503-324,2026,Toro,77503,ZT,TimeCutter MyRIDE 54in Zero Turn Riding Mower Kaw 23HP Fabricated,N,0,,,,54501
2023-MERCURY-ME-40-ELHPT-4S-EFI-103,2023,Mercury,ME 40 ELHPT 4S EFI,M,1F4041TJZ,N,0,,,,34095
2022-EASY-HAULER-AL-PTDB2026-TRI-307,2022,Easy Hauler,AL-PTDB2026-TRI,T,DRIVE ON BUNK TRI TRAILER 20' 2600#- BLACK,N,0,,,,54212
2024-MERCURY-ME-6MLH-18,2024,Mercury,ME 6MLH,M,1FX6211KK,N,0,,,,33952
2026-EASY-HAULER-AL-PTDB2023-301,2026,Easy Hauler,AL-PTDB2023,T,,N,0,,,,54140
2025-MERCURY-ME-60-ELPT-CT-4S-EFI-94,2025,Mercury,ME 60 ELPT CT 4S EFI,M,1F60453GZ,N,0,,,,34073
2024-EASY-HAULER-AL-1610B-YC-302,2024,Easy Hauler,AL-1610B-YC,T,1000# BUNK TRAILER 480 X 12B E-COAT BLACK,N,0,,,,54204
2026-TRAILER-X-34422,2026,Trailer,X,T,,N,0,,,,34422
2026-TORO-75747-444,2026,Toro,75747,ZT,42 in. (107 cm) TimeCutter® MyRIDE® Zero Turn Mower,N,0,,,,56397
2026-CUB-CADET-13A6A9TS596-13A6A9TS596,2026,Cub Cadet,13A6A9TS596,Tractor,XT1 LT42 42-in. 547cc Riding Lawn Mower,N,0,,,,57650
2023-MERCURY-ME-15-ELHPT-PK-4S-53,2023,Mercury,ME 15 ELHPT PK 4S,M,1A15451BK,N,0,,,,34041
2025-MERCURY-ME-20-EH-4S-91,2025,Mercury,ME 20 EH 4S,M,1A20301LK,N,0,,,,34064
2022-MERCURY-ME-8MH-4S-TMC-38,2022,Mercury,ME 8MH 4S TMC,M,1A08201LK,N,0,,,,34004
2023-MERCURY-ME-9.9ELH-4S-TMC-34,2023,Mercury,ME 9.9ELH 4S TMC,M,1A10211LK,N,0,,,,33996
2026-CUB-CADET-13B5A2TLA10-SLX 50,2026,Cub Cadet,13B5A2TLA10,Tractor,NX 15 SLX50,N,0,,,,58405
2026-MERCURY-115-EXLPT-PRO-XS-34481,2026,Mercury,115 EXLPT PRO XS,M,,N,0,,,,34481
2025-MERCURY-75-ELPT-34524,2025,Mercury,75 ELPT,M,,N,0,,,,34524
2025-MERCURY-ME-50-ELHPT-4S-EFI-40,2025,Mercury,ME 50 ELHPT 4S EFI,M,1F5141TJZ,N,0,,,,34008
2026-MERCURY-ME-115XL-PXS4S-320,2026,Mercury,ME 115XL PXS4S,M,1117F231D,N,0,,,,54278
2025-EASY-HAULER-1250#-PAINTED-TRAILE-304,2025,Easy Hauler,1250# PAINTED TRAILER 480 X 12B E-COAT,T,,N,0,,,,54208
2026-CUB-CADET-13B6A9TTA10-13B6A9TTA10,2026,Cub Cadet,13B6A9TTA10,Tractor,XT1 LT46 46-in. 547cc,N,0,,,,57691
2025-TORO-77507-341,2025,Toro,77507,ZT,"54"" KAW 23HP HAVOC FAB DECK",N,0,,,,54932
2014-MERCURY-50-ELHPT-4S-EFI-97,2014,Mercury,50 ELHPT 4S EFI,M,1A25411BK,N,0,,,,34079
2026-CUB-CADET-13APA1TNA10-13APA1TNA10,2026,Cub Cadet,13APA1TNA10,Tractor,XT2 LX46 46-in. 22 HP,N,0,,,,57685
2022-MERCURY-ME-15-ELH-4S-51,2022,Mercury,ME 15 ELH 4S,M,1A15311LK,N,0,,,,34039
2023-MERCURY-60-ELPT-34496,2023,Mercury,60 ELPT,M,,N,0,,,,34496
2026-TORO-75747-445,2026,Toro,75747,ZT,42 in. (107 cm) TimeCutter® MyRIDE® Zero Turn Mower,N,0,,,,56398
2026-MERCURY-ME-115XL-PXS4S-321,2026,Mercury,ME 115XL PXS4S,M,1117F231D,N,0,,,,54279
2026-TRAILER-X-34440,2026,Trailer,X,T,,N,0,,,,34440
2025-MERCURY-ME-5MH-24,2025,Mercury,ME 5MH,M,1FX5201KK,N,0,,,,33968
2026-CUB-CADET-SLX50-TEMP,2026,Cub Cadet,SLX50,RM,XT2 SLX50,N,0,R,,,55097
2026-CUB-CADET-13A6A9TS596-13A6A9TS596,2026,Cub Cadet,13A6A9TS596,Tractor,XT1 LT42 42-in. 547cc Riding Lawn Mower,N,0,,,,57644
26-MERCURY-ME-90ELPT-4S-ME 90,26,Mercury,ME 90ELPT 4S,M,ME 90ELPT 4S,N,0,,,,57612
2025-MERCURY-ME-2.5MH-4S-TMC-5,2025,Mercury,ME 2.5MH 4S TMC,M,1F02201KK,N,0,,,,33917
2026-MERCURY-50-ELPT-EFI-CT-34437,2026,Mercury,50 ELPT EFI CT,M,,N,0,,,,34437
2024-TRAILER-X-34518,2024,Trailer,X,T,,N,0,,,,34518
2025-MERCURY-ME-2.5MH-4S-TMC-6,2025,Mercury,ME 2.5MH 4S TMC,M,1F02201KK,N,0,,,,33920
2023-MERCURY-ME-30-ELHPT-EFI-4S-106,2023,Mercury,ME 30 ELHPT EFI 4S,M,1A30411BK,N,0,,,,34098
2026-TORO-77283-77283,2026,Toro,77283,ZT,52' 2000 Z MASTER TF2 DECK 24.5 HP TORO V TWIN,N,0,,,,56759
2023-MERCURY-ME-3.5MH-4S-TMC-13,2023,Mercury,ME 3.5MH 4S TMC,M,1F03201KK,N,0,,,,33939
2026-EASY-HAULER-AL-PTDB2023-305,2026,Easy Hauler,AL-PTDB2023,T,DRIVE ON BUNK TRAILER 18' 2300#,N,0,,,,54210
2025-MERCURY-ME-2.5MH-4S-TMC-3,2025,Mercury,ME 2.5MH 4S TMC,M,1F02201KK,N,0,,,,33911
2024-TORO-74532-340,2024,Toro,74532,ZT,GRANDSTAND HDM 32 IN KAWI 18.5HP,N,0,,,,54911
2024-MERCURY-ME-50-ELPT-4S-EFI-42,2024,Mercury,ME 50 ELPT 4S EFI,M,1F51413GZ,N,0,,,,34014
2026-CUB-CADET-ACSRY:RZTL:50-54-60--TEMP,2026,Cub Cadet,ACSRY:RZTL:50 54 60 DK TRI BAG,LMA,50 54 60 DK TRI BAGGER,N,0,R,,,55126
2022-MERCURY-ME-20-MLH-4S-104,2022,Mercury,ME 20 MLH 4S,M,1A20211LK,N,0,,,,34096
2026-CUB-CADET-13APA1TEA10-13APA1TEA10,2026,Cub Cadet,13APA1TEA10,Tractor,XT2 LX42 42-in. 20 HP,N,0,,,,57678
2026-MERCURY-50-ELPT-EFI-CT-34446,2026,Mercury,50 ELPT EFI CT,M,,N,0,,,,34446
2025-MERCURY-ME-2.5MH-4S-TMC-10,2025,Mercury,ME 2.5MH 4S TMC,M,1F02201KK,N,0,,,,33932
2025-MERCURY-40-ELPT-34506,2025,Mercury,40 ELPT,M,,N,0,,,,34506
2025-MERCURY-ME-6MH-26,2025,Mercury,ME 6MH,M,1FX6201KK,N,0,,,,33974
2022-MERCURY-ME-30-ELPT-EFI-4S-108,2022,Mercury,ME 30 ELPT EFI 4S,M,1A30413BK,N,0,,,,34102
2026-MERCURY-150-XL-34468,2026,Mercury,150 XL,M,,N,0,,,,34468
2023-MERCURY-90-EXLPT-CT-34490,2023,Mercury,90 EXLPT CT,M,,N,0,,,,34490
2026-CUB-CADET-13APA9TTA10-13APA9TTA10,2026,Cub Cadet,13APA9TTA10,Tractor,XT1 LT46 46-in. 22 HP* Riding Lawn Mower,N,0,,,,57694
2025-MERCURY-ME-9.9MH-4S-29,2025,Mercury,ME 9.9MH 4S,M,1A10201LK,N,0,,,,33983
2021-MERCURY-ME-20-ELHPT-4S-105,2021,Mercury,ME 20 ELHPT 4S,M,1A20411LK,N,0,,,,34097
2025-TRAILER-X-34509,2025,Trailer,X,T,,N,0,,,,34509
2025-MERCURY-ME-2.5MH-4S-TMC-7,2025,Mercury,ME 2.5MH 4S TMC,M,1F02201KK,N,0,,,,33923
2025-MERCURY-ME-25-ELPT-EFI-4S-56,2025,Mercury,ME 25 ELPT EFI 4S,M,1A25413BK,N,0,,,,34048
2023-MERCURY-ME-15-ELPHPT-PK-4S-55,2023,Mercury,ME 15 ELPHPT PK 4S,M,1A15451BK,N,0,,,,34047
2026-CUB-CADET-13APA1TNA10-XT2 LX46 46-in. 22 HP,2026,Cub Cadet,13APA1TNA10,Tractor,XT2 LX46 46-in. 22 HP,N,0,,,,57683
2026-TORO-75747-447,2026,Toro,75747,ZT,42 in. (107 cm) TimeCutter® MyRIDE® Zero Turn Mower,N,0,,,,56400
