sku,product_title,brand,image_num,image_url,image_type,source
MK-TER80-26,Minnkota Terrova 80,Minn Kota,1,https://johnsonoutdoors.widen.net/content/k3fqzoosr0/webp/MK_Terrova_QUEST_HeroAlt.webp,hero,widen-cdn
MK-TER80-26,Minnkota Terrova 80,Minn Kota,2,https://johnsonoutdoors.widen.net/content/pxgl7hzhul/webp/MK_1358210_Terrova_QUEST_Profile.webp,studio,widen-cdn
MK-TER80-26,Minnkota Terrova 80,Minn Kota,3,https://johnsonoutdoors.widen.net/content/ecuigqdjtb/webp/MK_Terrova_QUEST_FullStow.webp,studio,widen-cdn
MK-TER80-26,Minnkota Terrova 80,Minn Kota,4,https://johnsonoutdoors.widen.net/content/mz3654ihyd/webp/MK_Terrova_QUEST_ControlHeadV2.webp,detail,widen-cdn
MK-TER80-26,Minnkota Terrova 80,Minn Kota,5,https://johnsonoutdoors.widen.net/content/qkyolcbrpi/webp/MK_Terrova_QUEST_SteeringHousing.webp,detail,widen-cdn
MK-TER80-26,Minnkota Terrova 80,Minn Kota,6,https://johnsonoutdoors.widen.net/content/3isyploh4b/webp/MK_Terrova_QUEST_DepthCollarOpen.webp,detail,widen-cdn
MK-TER80-26,Minnkota Terrova 80,Minn Kota,7,https://johnsonoutdoors.widen.net/content/svvqazxpjo/webp/MK_Terrova_QUEST_DeployLeverDetail2.webp,detail,widen-cdn
MK-TER80-26,Minnkota Terrova 80,Minn Kota,8,https://johnsonoutdoors.widen.net/content/ym2opsw12u/webp/MK_Terrova_QUEST_DeployLeverDetail1.webp,detail,widen-cdn
MK-TER80-26,Minnkota Terrova 80,Minn Kota,9,https://johnsonoutdoors.widen.net/content/iuqkohuhl4/webp/MK_Terrova_QUEST_DepthCollarClosed.webp,detail,widen-cdn
MK-TER80-26,Minnkota Terrova 80,Minn Kota,10,https://johnsonoutdoors.widen.net/content/yjuivfmfdj/webp/MK_Terrova_Lifestyle1_square.webp,lifestyle,widen-cdn
MK-TER80-26,Minnkota Terrova 80,Minn Kota,11,https://johnsonoutdoors.widen.net/content/1gkgndqcjx/webp/MK_Terrova_Lifestyle2_square.webp,lifestyle,widen-cdn
MK-ULT80-45-26,Minn Kota Ultrex 80 lb — 45 Shaft,Minn Kota,1,https://johnsonoutdoors.widen.net/content/panck07gjo/webp/MK_Ultrex_QUEST_HeroAlt.webp,hero,widen-cdn
MK-ULT80-45-26,Minn Kota Ultrex 80 lb — 45 Shaft,Minn Kota,2,https://johnsonoutdoors.widen.net/content/rcpvkse4gb/webp/MK_1368900_Ultrex_QUEST_Profile.webp,studio,widen-cdn
MK-ULT80-45-26,Minn Kota Ultrex 80 lb — 45 Shaft,Minn Kota,3,https://johnsonoutdoors.widen.net/content/me2o5pelpw/webp/MK_Ultrex_QUEST_MotorAssemblyRemoval.webp,studio,widen-cdn
MK-ULT80-45-26,Minn Kota Ultrex 80 lb — 45 Shaft,Minn Kota,4,https://johnsonoutdoors.widen.net/content/tu65xnwu1y/webp/MK_Ultrex_QUEST_FullStow.webp,studio,widen-cdn
MK-ULT80-45-26,Minn Kota Ultrex 80 lb — 45 Shaft,Minn Kota,5,https://johnsonoutdoors.widen.net/content/suv5xkjzlw/webp/MK_Ultrex_QUEST_ControlHeadV2.webp,detail,widen-cdn
MK-ULT80-45-26,Minn Kota Ultrex 80 lb — 45 Shaft,Minn Kota,6,https://johnsonoutdoors.widen.net/content/ajetggxsne/webp/MK_Ultrex_QUEST_SteeringHousing.webp,detail,widen-cdn
MK-ULT80-45-26,Minn Kota Ultrex 80 lb — 45 Shaft,Minn Kota,7,https://johnsonoutdoors.widen.net/content/seq9dymab4/webp/MK_Ultrex_QUEST_LiftAssist.webp,detail,widen-cdn
MK-ULT80-45-26,Minn Kota Ultrex 80 lb — 45 Shaft,Minn Kota,8,https://johnsonoutdoors.widen.net/content/4hfggg5iq/webp/MK_Ultrex_QUEST_DepthCollarClosed.webp,detail,widen-cdn
MK-ULT80-45-26,Minn Kota Ultrex 80 lb — 45 Shaft,Minn Kota,9,https://johnsonoutdoors.widen.net/content/gfifd5zjvq/webp/MK_Ultrex_QUEST_DepthCollarOpen.webp,detail,widen-cdn
MK-ULT80-45-26,Minn Kota Ultrex 80 lb — 45 Shaft,Minn Kota,10,https://johnsonoutdoors.widen.net/content/pscfhio92m/webp/MK_Ultrex_QUEST_Strap.webp,detail,widen-cdn
MK-ULT80-45-26,Minn Kota Ultrex 80 lb — 45 Shaft,Minn Kota,11,https://johnsonoutdoors.widen.net/content/kyrxqsbqwf/webp/MK_Ultrex_Lifestyle2_square.webp,lifestyle,widen-cdn
MK-ULT80-45-26,Minn Kota Ultrex 80 lb — 45 Shaft,Minn Kota,12,https://johnsonoutdoors.widen.net/content/1vmi7dz1bv/webp/MK_Ultrex_Lifestyle1_square.webp,lifestyle,widen-cdn
MK-ULT80-52-26,Minn Kota Ultrex 80 lb — 52 Shaft,Minn Kota,1,https://johnsonoutdoors.widen.net/content/panck07gjo/webp/MK_Ultrex_QUEST_HeroAlt.webp,hero,widen-cdn
MK-ULT80-52-26,Minn Kota Ultrex 80 lb — 52 Shaft,Minn Kota,2,https://johnsonoutdoors.widen.net/content/rcpvkse4gb/webp/MK_1368900_Ultrex_QUEST_Profile.webp,studio,widen-cdn
MK-ULT80-52-26,Minn Kota Ultrex 80 lb — 52 Shaft,Minn Kota,3,https://johnsonoutdoors.widen.net/content/me2o5pelpw/webp/MK_Ultrex_QUEST_MotorAssemblyRemoval.webp,studio,widen-cdn
MK-ULT80-52-26,Minn Kota Ultrex 80 lb — 52 Shaft,Minn Kota,4,https://johnsonoutdoors.widen.net/content/tu65xnwu1y/webp/MK_Ultrex_QUEST_FullStow.webp,studio,widen-cdn
MK-ULT80-52-26,Minn Kota Ultrex 80 lb — 52 Shaft,Minn Kota,5,https://johnsonoutdoors.widen.net/content/suv5xkjzlw/webp/MK_Ultrex_QUEST_ControlHeadV2.webp,detail,widen-cdn
MK-ULT80-52-26,Minn Kota Ultrex 80 lb — 52 Shaft,Minn Kota,6,https://johnsonoutdoors.widen.net/content/ajetggxsne/webp/MK_Ultrex_QUEST_SteeringHousing.webp,detail,widen-cdn
MK-ULT80-52-26,Minn Kota Ultrex 80 lb — 52 Shaft,Minn Kota,7,https://johnsonoutdoors.widen.net/content/seq9dymab4/webp/MK_Ultrex_QUEST_LiftAssist.webp,detail,widen-cdn
MK-ULT80-52-26,Minn Kota Ultrex 80 lb — 52 Shaft,Minn Kota,8,https://johnsonoutdoors.widen.net/content/4hfggg5iq/webp/MK_Ultrex_QUEST_DepthCollarClosed.webp,detail,widen-cdn
MK-ULT80-52-26,Minn Kota Ultrex 80 lb — 52 Shaft,Minn Kota,9,https://johnsonoutdoors.widen.net/content/gfifd5zjvq/webp/MK_Ultrex_QUEST_DepthCollarOpen.webp,detail,widen-cdn
MK-ULT80-52-26,Minn Kota Ultrex 80 lb — 52 Shaft,Minn Kota,10,https://johnsonoutdoors.widen.net/content/pscfhio92m/webp/MK_Ultrex_QUEST_Strap.webp,detail,widen-cdn
MK-ULT80-52-26,Minn Kota Ultrex 80 lb — 52 Shaft,Minn Kota,11,https://johnsonoutdoors.widen.net/content/kyrxqsbqwf/webp/MK_Ultrex_Lifestyle2_square.webp,lifestyle,widen-cdn
MK-ULT80-52-26,Minn Kota Ultrex 80 lb — 52 Shaft,Minn Kota,12,https://johnsonoutdoors.widen.net/content/1vmi7dz1bv/webp/MK_Ultrex_Lifestyle1_square.webp,lifestyle,widen-cdn
MK-ULTQUEST9115-45-26,Minn Kota Ultrex QUEST 90/115 lb,Minn Kota,1,https://johnsonoutdoors.widen.net/content/panck07gjo/webp/MK_Ultrex_QUEST_HeroAlt.webp,hero,widen-cdn
MK-ULTQUEST9115-45-26,Minn Kota Ultrex QUEST 90/115 lb,Minn Kota,2,https://johnsonoutdoors.widen.net/content/rcpvkse4gb/webp/MK_1368900_Ultrex_QUEST_Profile.webp,studio,widen-cdn
MK-ULTQUEST9115-45-26,Minn Kota Ultrex QUEST 90/115 lb,Minn Kota,3,https://johnsonoutdoors.widen.net/content/me2o5pelpw/webp/MK_Ultrex_QUEST_MotorAssemblyRemoval.webp,studio,widen-cdn
MK-ULTQUEST9115-45-26,Minn Kota Ultrex QUEST 90/115 lb,Minn Kota,4,https://johnsonoutdoors.widen.net/content/tu65xnwu1y/webp/MK_Ultrex_QUEST_FullStow.webp,studio,widen-cdn
MK-ULTQUEST9115-45-26,Minn Kota Ultrex QUEST 90/115 lb,Minn Kota,5,https://johnsonoutdoors.widen.net/content/suv5xkjzlw/webp/MK_Ultrex_QUEST_ControlHeadV2.webp,detail,widen-cdn
MK-ULTQUEST9115-45-26,Minn Kota Ultrex QUEST 90/115 lb,Minn Kota,6,https://johnsonoutdoors.widen.net/content/ajetggxsne/webp/MK_Ultrex_QUEST_SteeringHousing.webp,detail,widen-cdn
MK-ULTQUEST9115-45-26,Minn Kota Ultrex QUEST 90/115 lb,Minn Kota,7,https://johnsonoutdoors.widen.net/content/seq9dymab4/webp/MK_Ultrex_QUEST_LiftAssist.webp,detail,widen-cdn
MK-ULTQUEST9115-45-26,Minn Kota Ultrex QUEST 90/115 lb,Minn Kota,8,https://johnsonoutdoors.widen.net/content/4hfggg5iq/webp/MK_Ultrex_QUEST_DepthCollarClosed.webp,detail,widen-cdn
MK-ULTQUEST9115-45-26,Minn Kota Ultrex QUEST 90/115 lb,Minn Kota,9,https://johnsonoutdoors.widen.net/content/gfifd5zjvq/webp/MK_Ultrex_QUEST_DepthCollarOpen.webp,detail,widen-cdn
MK-ULTQUEST9115-45-26,Minn Kota Ultrex QUEST 90/115 lb,Minn Kota,10,https://johnsonoutdoors.widen.net/content/pscfhio92m/webp/MK_Ultrex_QUEST_Strap.webp,detail,widen-cdn
MK-ULTQUEST9115-45-26,Minn Kota Ultrex QUEST 90/115 lb,Minn Kota,11,https://johnsonoutdoors.widen.net/content/kyrxqsbqwf/webp/MK_Ultrex_Lifestyle2_square.webp,lifestyle,widen-cdn
MK-ULTQUEST9115-45-26,Minn Kota Ultrex QUEST 90/115 lb,Minn Kota,12,https://johnsonoutdoors.widen.net/content/1vmi7dz1bv/webp/MK_Ultrex_Lifestyle1_square.webp,lifestyle,widen-cdn
MK-RTQUEST9115-72-26,Minn Kota Riptide Terrova QUEST 90/115 — 72,Minn Kota,1,https://johnsonoutdoors.widen.net/content/esb89bkugo/webp/MK_RiptideTerrova_QUEST_HeroAlt.webp,hero,widen-cdn
MK-RTQUEST9115-72-26,Minn Kota Riptide Terrova QUEST 90/115 — 72,Minn Kota,2,https://johnsonoutdoors.widen.net/content/guuprkoij9/webp/MK_1363902_RiptideTerrova_QUEST_Profile.webp,studio,widen-cdn
MK-RTQUEST9115-72-26,Minn Kota Riptide Terrova QUEST 90/115 — 72,Minn Kota,3,https://johnsonoutdoors.widen.net/content/snultqtqk2/webp/MK_RiptideTerrova_QUEST_ControlHeadV2.webp,detail,widen-cdn
MK-RTQUEST9115-72-26,Minn Kota Riptide Terrova QUEST 90/115 — 72,Minn Kota,4,https://johnsonoutdoors.widen.net/content/iwthyay431/webp/MK_RiptideTerrova_QUEST_SteeringHousing.webp,detail,widen-cdn
MK-RTQUEST9115-72-26,Minn Kota Riptide Terrova QUEST 90/115 — 72,Minn Kota,5,https://johnsonoutdoors.widen.net/content/xpjumy2nmt/webp/MK_RiptideTerrova_QUEST_FullStow.webp,studio,widen-cdn
MK-RTQUEST9115-72-26,Minn Kota Riptide Terrova QUEST 90/115 — 72,Minn Kota,6,https://johnsonoutdoors.widen.net/content/rmihpk8w51/webp/MK_RiptideTerrova_QUEST_DeployLeverDetail1.webp,detail,widen-cdn
MK-RTQUEST9115-72-26,Minn Kota Riptide Terrova QUEST 90/115 — 72,Minn Kota,7,https://johnsonoutdoors.widen.net/content/kmfg5ltigz/webp/MK_RiptideTerrova_QUEST_DeployLeverDetail2.webp,detail,widen-cdn
MK-RTQUEST9115-72-26,Minn Kota Riptide Terrova QUEST 90/115 — 72,Minn Kota,8,https://johnsonoutdoors.widen.net/content/w9yhfatfpj/webp/MK_RiptideTerrova_QUEST_DepthCollarClosed.webp,detail,widen-cdn
MK-RTQUEST9115-72-26,Minn Kota Riptide Terrova QUEST 90/115 — 72,Minn Kota,9,https://johnsonoutdoors.widen.net/content/s4ewfdrons/webp/MK_RiptideTerrova_QUEST_DepthCollarOpen.webp,detail,widen-cdn
MK-RTQUEST9115-72-26,Minn Kota Riptide Terrova QUEST 90/115 — 72,Minn Kota,10,https://johnsonoutdoors.widen.net/content/ox2hbwu8sl/webp/MK_Riptide_Terrova_Lifestyle_1_square.webp,lifestyle,widen-cdn
MK-RTQUEST9115-72-26,Minn Kota Riptide Terrova QUEST 90/115 — 72,Minn Kota,11,https://johnsonoutdoors.widen.net/content/troyldrmjf/webp/MK_Riptide_Terrova_Lifestyle_2_square.webp,lifestyle,widen-cdn
MK-RTQUEST9115-87-26,Minn Kota Riptide Terrova QUEST 90/115 — 87,Minn Kota,1,https://johnsonoutdoors.widen.net/content/esb89bkugo/webp/MK_RiptideTerrova_QUEST_HeroAlt.webp,hero,widen-cdn
MK-RTQUEST9115-87-26,Minn Kota Riptide Terrova QUEST 90/115 — 87,Minn Kota,2,https://johnsonoutdoors.widen.net/content/guuprkoij9/webp/MK_1363902_RiptideTerrova_QUEST_Profile.webp,studio,widen-cdn
MK-RTQUEST9115-87-26,Minn Kota Riptide Terrova QUEST 90/115 — 87,Minn Kota,3,https://johnsonoutdoors.widen.net/content/snultqtqk2/webp/MK_RiptideTerrova_QUEST_ControlHeadV2.webp,detail,widen-cdn
MK-RTQUEST9115-87-26,Minn Kota Riptide Terrova QUEST 90/115 — 87,Minn Kota,4,https://johnsonoutdoors.widen.net/content/iwthyay431/webp/MK_RiptideTerrova_QUEST_SteeringHousing.webp,detail,widen-cdn
MK-RTQUEST9115-87-26,Minn Kota Riptide Terrova QUEST 90/115 — 87,Minn Kota,5,https://johnsonoutdoors.widen.net/content/xpjumy2nmt/webp/MK_RiptideTerrova_QUEST_FullStow.webp,studio,widen-cdn
MK-RTQUEST9115-87-26,Minn Kota Riptide Terrova QUEST 90/115 — 87,Minn Kota,6,https://johnsonoutdoors.widen.net/content/rmihpk8w51/webp/MK_RiptideTerrova_QUEST_DeployLeverDetail1.webp,detail,widen-cdn
MK-RTQUEST9115-87-26,Minn Kota Riptide Terrova QUEST 90/115 — 87,Minn Kota,7,https://johnsonoutdoors.widen.net/content/kmfg5ltigz/webp/MK_RiptideTerrova_QUEST_DeployLeverDetail2.webp,detail,widen-cdn
MK-RTQUEST9115-87-26,Minn Kota Riptide Terrova QUEST 90/115 — 87,Minn Kota,8,https://johnsonoutdoors.widen.net/content/w9yhfatfpj/webp/MK_RiptideTerrova_QUEST_DepthCollarClosed.webp,detail,widen-cdn
MK-RTQUEST9115-87-26,Minn Kota Riptide Terrova QUEST 90/115 — 87,Minn Kota,9,https://johnsonoutdoors.widen.net/content/s4ewfdrons/webp/MK_RiptideTerrova_QUEST_DepthCollarOpen.webp,detail,widen-cdn
MK-RTQUEST9115-87-26,Minn Kota Riptide Terrova QUEST 90/115 — 87,Minn Kota,10,https://johnsonoutdoors.widen.net/content/ox2hbwu8sl/webp/MK_Riptide_Terrova_Lifestyle_1_square.webp,lifestyle,widen-cdn
MK-RTQUEST9115-87-26,Minn Kota Riptide Terrova QUEST 90/115 — 87,Minn Kota,11,https://johnsonoutdoors.widen.net/content/troyldrmjf/webp/MK_Riptide_Terrova_Lifestyle_2_square.webp,lifestyle,widen-cdn
MK-RTQUEST9115-100-26,Minn Kota Riptide Terrova QUEST 90/115 — 100,Minn Kota,1,https://johnsonoutdoors.widen.net/content/esb89bkugo/webp/MK_RiptideTerrova_QUEST_HeroAlt.webp,hero,widen-cdn
MK-RTQUEST9115-100-26,Minn Kota Riptide Terrova QUEST 90/115 — 100,Minn Kota,2,https://johnsonoutdoors.widen.net/content/guuprkoij9/webp/MK_1363902_RiptideTerrova_QUEST_Profile.webp,studio,widen-cdn
MK-RTQUEST9115-100-26,Minn Kota Riptide Terrova QUEST 90/115 — 100,Minn Kota,3,https://johnsonoutdoors.widen.net/content/snultqtqk2/webp/MK_RiptideTerrova_QUEST_ControlHeadV2.webp,detail,widen-cdn
MK-RTQUEST9115-100-26,Minn Kota Riptide Terrova QUEST 90/115 — 100,Minn Kota,4,https://johnsonoutdoors.widen.net/content/iwthyay431/webp/MK_RiptideTerrova_QUEST_SteeringHousing.webp,detail,widen-cdn
MK-RTQUEST9115-100-26,Minn Kota Riptide Terrova QUEST 90/115 — 100,Minn Kota,5,https://johnsonoutdoors.widen.net/content/xpjumy2nmt/webp/MK_RiptideTerrova_QUEST_FullStow.webp,studio,widen-cdn
MK-RTQUEST9115-100-26,Minn Kota Riptide Terrova QUEST 90/115 — 100,Minn Kota,6,https://johnsonoutdoors.widen.net/content/rmihpk8w51/webp/MK_RiptideTerrova_QUEST_DeployLeverDetail1.webp,detail,widen-cdn
MK-RTQUEST9115-100-26,Minn Kota Riptide Terrova QUEST 90/115 — 100,Minn Kota,7,https://johnsonoutdoors.widen.net/content/kmfg5ltigz/webp/MK_RiptideTerrova_QUEST_DeployLeverDetail2.webp,detail,widen-cdn
MK-RTQUEST9115-100-26,Minn Kota Riptide Terrova QUEST 90/115 — 100,Minn Kota,8,https://johnsonoutdoors.widen.net/content/w9yhfatfpj/webp/MK_RiptideTerrova_QUEST_DepthCollarClosed.webp,detail,widen-cdn
MK-RTQUEST9115-100-26,Minn Kota Riptide Terrova QUEST 90/115 — 100,Minn Kota,9,https://johnsonoutdoors.widen.net/content/s4ewfdrons/webp/MK_RiptideTerrova_QUEST_DepthCollarOpen.webp,detail,widen-cdn
MK-RTQUEST9115-100-26,Minn Kota Riptide Terrova QUEST 90/115 — 100,Minn Kota,10,https://johnsonoutdoors.widen.net/content/ox2hbwu8sl/webp/MK_Riptide_Terrova_Lifestyle_1_square.webp,lifestyle,widen-cdn
MK-RTQUEST9115-100-26,Minn Kota Riptide Terrova QUEST 90/115 — 100,Minn Kota,11,https://johnsonoutdoors.widen.net/content/troyldrmjf/webp/MK_Riptide_Terrova_Lifestyle_2_square.webp,lifestyle,widen-cdn
MK-RT112-87-26,Minn Kota Riptide Terrova 112 lb — 87 Shaft,Minn Kota,1,https://johnsonoutdoors.widen.net/content/esb89bkugo/webp/MK_RiptideTerrova_QUEST_HeroAlt.webp,hero,widen-cdn
MK-RT112-87-26,Minn Kota Riptide Terrova 112 lb — 87 Shaft,Minn Kota,2,https://johnsonoutdoors.widen.net/content/guuprkoij9/webp/MK_1363902_RiptideTerrova_QUEST_Profile.webp,studio,widen-cdn
MK-RT112-87-26,Minn Kota Riptide Terrova 112 lb — 87 Shaft,Minn Kota,3,https://johnsonoutdoors.widen.net/content/snultqtqk2/webp/MK_RiptideTerrova_QUEST_ControlHeadV2.webp,detail,widen-cdn
MK-RT112-87-26,Minn Kota Riptide Terrova 112 lb — 87 Shaft,Minn Kota,4,https://johnsonoutdoors.widen.net/content/iwthyay431/webp/MK_RiptideTerrova_QUEST_SteeringHousing.webp,detail,widen-cdn
MK-RT112-87-26,Minn Kota Riptide Terrova 112 lb — 87 Shaft,Minn Kota,5,https://johnsonoutdoors.widen.net/content/xpjumy2nmt/webp/MK_RiptideTerrova_QUEST_FullStow.webp,studio,widen-cdn
MK-RT112-87-26,Minn Kota Riptide Terrova 112 lb — 87 Shaft,Minn Kota,6,https://johnsonoutdoors.widen.net/content/rmihpk8w51/webp/MK_RiptideTerrova_QUEST_DeployLeverDetail1.webp,detail,widen-cdn
MK-RT112-87-26,Minn Kota Riptide Terrova 112 lb — 87 Shaft,Minn Kota,7,https://johnsonoutdoors.widen.net/content/kmfg5ltigz/webp/MK_RiptideTerrova_QUEST_DeployLeverDetail2.webp,detail,widen-cdn
MK-RT112-87-26,Minn Kota Riptide Terrova 112 lb — 87 Shaft,Minn Kota,8,https://johnsonoutdoors.widen.net/content/w9yhfatfpj/webp/MK_RiptideTerrova_QUEST_DepthCollarClosed.webp,detail,widen-cdn
MK-RT112-87-26,Minn Kota Riptide Terrova 112 lb — 87 Shaft,Minn Kota,9,https://johnsonoutdoors.widen.net/content/s4ewfdrons/webp/MK_RiptideTerrova_QUEST_DepthCollarOpen.webp,detail,widen-cdn
MK-RT112-87-26,Minn Kota Riptide Terrova 112 lb — 87 Shaft,Minn Kota,10,https://johnsonoutdoors.widen.net/content/ox2hbwu8sl/webp/MK_Riptide_Terrova_Lifestyle_1_square.webp,lifestyle,widen-cdn
MK-RT112-87-26,Minn Kota Riptide Terrova 112 lb — 87 Shaft,Minn Kota,11,https://johnsonoutdoors.widen.net/content/troyldrmjf/webp/MK_Riptide_Terrova_Lifestyle_2_square.webp,lifestyle,widen-cdn
MK-RT80-60-REFURB,Minn Kota Riptide Terrova 80 lb Refurb — 60,Minn Kota,1,https://johnsonoutdoors.widen.net/content/esb89bkugo/webp/MK_RiptideTerrova_QUEST_HeroAlt.webp,hero,widen-cdn
MK-RT80-60-REFURB,Minn Kota Riptide Terrova 80 lb Refurb — 60,Minn Kota,2,https://johnsonoutdoors.widen.net/content/guuprkoij9/webp/MK_1363902_RiptideTerrova_QUEST_Profile.webp,studio,widen-cdn
MK-RT80-60-REFURB,Minn Kota Riptide Terrova 80 lb Refurb — 60,Minn Kota,3,https://johnsonoutdoors.widen.net/content/snultqtqk2/webp/MK_RiptideTerrova_QUEST_ControlHeadV2.webp,detail,widen-cdn
MK-RT80-60-REFURB,Minn Kota Riptide Terrova 80 lb Refurb — 60,Minn Kota,4,https://johnsonoutdoors.widen.net/content/iwthyay431/webp/MK_RiptideTerrova_QUEST_SteeringHousing.webp,detail,widen-cdn
MK-RT80-60-REFURB,Minn Kota Riptide Terrova 80 lb Refurb — 60,Minn Kota,5,https://johnsonoutdoors.widen.net/content/xpjumy2nmt/webp/MK_RiptideTerrova_QUEST_FullStow.webp,studio,widen-cdn
MK-RT80-60-REFURB,Minn Kota Riptide Terrova 80 lb Refurb — 60,Minn Kota,6,https://johnsonoutdoors.widen.net/content/rmihpk8w51/webp/MK_RiptideTerrova_QUEST_DeployLeverDetail1.webp,detail,widen-cdn
MK-RT80-60-REFURB,Minn Kota Riptide Terrova 80 lb Refurb — 60,Minn Kota,7,https://johnsonoutdoors.widen.net/content/kmfg5ltigz/webp/MK_RiptideTerrova_QUEST_DeployLeverDetail2.webp,detail,widen-cdn
MK-RT80-60-REFURB,Minn Kota Riptide Terrova 80 lb Refurb — 60,Minn Kota,8,https://johnsonoutdoors.widen.net/content/w9yhfatfpj/webp/MK_RiptideTerrova_QUEST_DepthCollarClosed.webp,detail,widen-cdn
MK-RT80-60-REFURB,Minn Kota Riptide Terrova 80 lb Refurb — 60,Minn Kota,9,https://johnsonoutdoors.widen.net/content/s4ewfdrons/webp/MK_RiptideTerrova_QUEST_DepthCollarOpen.webp,detail,widen-cdn
MK-RT80-60-REFURB,Minn Kota Riptide Terrova 80 lb Refurb — 60,Minn Kota,10,https://johnsonoutdoors.widen.net/content/ox2hbwu8sl/webp/MK_Riptide_Terrova_Lifestyle_1_square.webp,lifestyle,widen-cdn
MK-RT80-60-REFURB,Minn Kota Riptide Terrova 80 lb Refurb — 60,Minn Kota,11,https://johnsonoutdoors.widen.net/content/troyldrmjf/webp/MK_Riptide_Terrova_Lifestyle_2_square.webp,lifestyle,widen-cdn
MK-KTRV55-FW-26,Minn Kota Kayak Terrova 55 lb — Freshwater,Minn Kota,1,https://johnsonoutdoors.widen.net/content/3godaclbqr/webp/MK_KayakTerrova_HeroAlt.webp,hero,widen-cdn
MK-KTRV55-FW-26,Minn Kota Kayak Terrova 55 lb — Freshwater,Minn Kota,2,https://johnsonoutdoors.widen.net/content/e8ibiuquy3/webp/MK_KayakTerrova_Profile.webp,studio,widen-cdn
MK-KTRV55-FW-26,Minn Kota Kayak Terrova 55 lb — Freshwater,Minn Kota,3,https://johnsonoutdoors.widen.net/content/imqiah4euk/webp/MK_KayakTerrova_Mounted.webp,studio,widen-cdn
MK-KTRV55-FW-26,Minn Kota Kayak Terrova 55 lb — Freshwater,Minn Kota,4,https://johnsonoutdoors.widen.net/content/yzknfg5vkx/webp/MK_KayakTerrova_FullStow.webp,studio,widen-cdn
MK-KTRV55-FW-26,Minn Kota Kayak Terrova 55 lb — Freshwater,Minn Kota,5,https://johnsonoutdoors.widen.net/content/5ll6d06pjj/webp/MK_KayakTerrova_ControlHead.webp,detail,widen-cdn
MK-KTRV55-FW-26,Minn Kota Kayak Terrova 55 lb — Freshwater,Minn Kota,6,https://johnsonoutdoors.widen.net/content/9k8v51hww1/webp/MK_KayakTerrova_SteeringHousing.webp,detail,widen-cdn
MK-KTRV55-FW-26,Minn Kota Kayak Terrova 55 lb — Freshwater,Minn Kota,7,https://johnsonoutdoors.widen.net/content/byckdx0zyt/webp/MK_KayakTerrova_LeverDetail1.webp,detail,widen-cdn
MK-KTRV55-FW-26,Minn Kota Kayak Terrova 55 lb — Freshwater,Minn Kota,8,https://johnsonoutdoors.widen.net/content/iwu7qr8ir9/webp/MK_KayakTerrova_DepthCollar.webp,detail,widen-cdn
MK-KTRV55-FW-26,Minn Kota Kayak Terrova 55 lb — Freshwater,Minn Kota,9,https://johnsonoutdoors.widen.net/content/jltsqygsfs/webp/MK_KayakTerrova_Cords.webp,detail,widen-cdn
MK-KTRV55-FW-26,Minn Kota Kayak Terrova 55 lb — Freshwater,Minn Kota,10,https://johnsonoutdoors.widen.net/content/h8ajvrmpea/webp/MK_KayakTerrova_Lifestyle1.webp,lifestyle,widen-cdn
MK-KTRV55-FW-26,Minn Kota Kayak Terrova 55 lb — Freshwater,Minn Kota,11,https://johnsonoutdoors.widen.net/content/9jwtro54o3/webp/MK_KayakTerrova_Lifestyle2.webp,lifestyle,widen-cdn
MK-KTRV55-FW-26,Minn Kota Kayak Terrova 55 lb — Freshwater,Minn Kota,12,https://johnsonoutdoors.widen.net/content/meypxdcl2b/webp/MK_KayakTerrova_Lifestyle3.webp,lifestyle,widen-cdn
MK-KTRV55-FW-26,Minn Kota Kayak Terrova 55 lb — Freshwater,Minn Kota,13,https://johnsonoutdoors.widen.net/content/mmzv4xvgpb/webp/MK_KayakTerrova_Lifestyle4.webp,lifestyle,widen-cdn
MK-KTRV55-FW-26,Minn Kota Kayak Terrova 55 lb — Freshwater,Minn Kota,14,https://johnsonoutdoors.widen.net/content/cuc6uhuus4/webp/MK_KayakTerrova_Lifestyle5.webp,lifestyle,widen-cdn
MK-RTKAYAK55-26,Minn Kota Riptide Kayak Terrova 55 lb — Saltwater,Minn Kota,1,https://johnsonoutdoors.widen.net/content/3godaclbqr/webp/MK_KayakTerrova_HeroAlt.webp,hero,widen-cdn
MK-RTKAYAK55-26,Minn Kota Riptide Kayak Terrova 55 lb — Saltwater,Minn Kota,2,https://johnsonoutdoors.widen.net/content/e8ibiuquy3/webp/MK_KayakTerrova_Profile.webp,studio,widen-cdn
MK-RTKAYAK55-26,Minn Kota Riptide Kayak Terrova 55 lb — Saltwater,Minn Kota,3,https://johnsonoutdoors.widen.net/content/imqiah4euk/webp/MK_KayakTerrova_Mounted.webp,studio,widen-cdn
MK-RTKAYAK55-26,Minn Kota Riptide Kayak Terrova 55 lb — Saltwater,Minn Kota,4,https://johnsonoutdoors.widen.net/content/yzknfg5vkx/webp/MK_KayakTerrova_FullStow.webp,studio,widen-cdn
MK-RTKAYAK55-26,Minn Kota Riptide Kayak Terrova 55 lb — Saltwater,Minn Kota,5,https://johnsonoutdoors.widen.net/content/5ll6d06pjj/webp/MK_KayakTerrova_ControlHead.webp,detail,widen-cdn
MK-RTKAYAK55-26,Minn Kota Riptide Kayak Terrova 55 lb — Saltwater,Minn Kota,6,https://johnsonoutdoors.widen.net/content/9k8v51hww1/webp/MK_KayakTerrova_SteeringHousing.webp,detail,widen-cdn
MK-RTKAYAK55-26,Minn Kota Riptide Kayak Terrova 55 lb — Saltwater,Minn Kota,7,https://johnsonoutdoors.widen.net/content/byckdx0zyt/webp/MK_KayakTerrova_LeverDetail1.webp,detail,widen-cdn
MK-RTKAYAK55-26,Minn Kota Riptide Kayak Terrova 55 lb — Saltwater,Minn Kota,8,https://johnsonoutdoors.widen.net/content/iwu7qr8ir9/webp/MK_KayakTerrova_DepthCollar.webp,detail,widen-cdn
MK-RTKAYAK55-26,Minn Kota Riptide Kayak Terrova 55 lb — Saltwater,Minn Kota,9,https://johnsonoutdoors.widen.net/content/jltsqygsfs/webp/MK_KayakTerrova_Cords.webp,detail,widen-cdn
MK-RTKAYAK55-26,Minn Kota Riptide Kayak Terrova 55 lb — Saltwater,Minn Kota,10,https://johnsonoutdoors.widen.net/content/h8ajvrmpea/webp/MK_KayakTerrova_Lifestyle1.webp,lifestyle,widen-cdn
MK-RTKAYAK55-26,Minn Kota Riptide Kayak Terrova 55 lb — Saltwater,Minn Kota,11,https://johnsonoutdoors.widen.net/content/9jwtro54o3/webp/MK_KayakTerrova_Lifestyle2.webp,lifestyle,widen-cdn
MK-RTKAYAK55-26,Minn Kota Riptide Kayak Terrova 55 lb — Saltwater,Minn Kota,12,https://johnsonoutdoors.widen.net/content/meypxdcl2b/webp/MK_KayakTerrova_Lifestyle3.webp,lifestyle,widen-cdn
MK-RTKAYAK55-26,Minn Kota Riptide Kayak Terrova 55 lb — Saltwater,Minn Kota,13,https://johnsonoutdoors.widen.net/content/mmzv4xvgpb/webp/MK_KayakTerrova_Lifestyle4.webp,lifestyle,widen-cdn
MK-RTKAYAK55-26,Minn Kota Riptide Kayak Terrova 55 lb — Saltwater,Minn Kota,14,https://johnsonoutdoors.widen.net/content/cuc6uhuus4/webp/MK_KayakTerrova_Lifestyle5.webp,lifestyle,widen-cdn
MK-MK330PC-26,Minn Kota Precision Charger MK 330 PC,Minn Kota,1,https://johnsonoutdoors.widen.net/content/jtqt11mfb4/webp/MK_1833300_MK-330PC_3q2.webp,studio,widen-cdn
MK-MK330PC-26,Minn Kota Precision Charger MK 330 PC,Minn Kota,2,https://johnsonoutdoors.widen.net/content/d7dojupmfy/webp/MK_1833300_MK-330PC_3q.webp,studio,widen-cdn
MK-MK460PCL-26,Minn Kota Precision Charger MK 460 PCL,Minn Kota,1,https://johnsonoutdoors.widen.net/content/pv0vsj8xdx/webp/MK_1834604_MK-460PCL_3q.webp,studio,widen-cdn
HB-HLX7CH-26,Humminbird HELIX 7 CHIRP,Humminbird,1,https://johnsonoutdoors.widen.net/content/key3ri2qru/webp/HB_411630-1_HELIX_7_CHIRP_GPS_G4N_alt1.webp,hero,widen-cdn
HB-HLX7CH-26,Humminbird HELIX 7 CHIRP,Humminbird,2,https://johnsonoutdoors.widen.net/content/0qmm4bfkxi/webp/HB_411630-1_HELIX_7_CHIRP_GPS_G4N_alt2.webp,studio,widen-cdn
HB-HLX7CH-26,Humminbird HELIX 7 CHIRP,Humminbird,3,https://johnsonoutdoors.widen.net/content/deqswehejl/webp/HB_411630-1_HELIX_7_CHIRP_GPS_G4N_alt3.webp,studio,widen-cdn
HB-HLX7CH-26,Humminbird HELIX 7 CHIRP,Humminbird,4,https://johnsonoutdoors.widen.net/content/jqqs1h5ak4/webp/HB_411630-1_HELIX_7_CHIRP_GPS_G4N_alt4.webp,detail,widen-cdn
HB-HLX7CH-26,Humminbird HELIX 7 CHIRP,Humminbird,5,https://johnsonoutdoors.widen.net/content/sgaoqkkuak/webp/HB_411630-1_HELIX_7_CHIRP_GPS_G4N_alt5.webp,detail,widen-cdn
HB-HLX7CH-26,Humminbird HELIX 7 CHIRP,Humminbird,6,https://johnsonoutdoors.widen.net/content/amzvcxnld2/webp/HB_411630-1_HELIX_7_CHIRP_GPS_G4N_alt6.webp,detail,widen-cdn
HB-HLX7CH-26,Humminbird HELIX 7 CHIRP,Humminbird,7,https://johnsonoutdoors.widen.net/content/68pv3mldue/webp/HB_411630-1_HELIX_7_CHIRP_GPS_G4N_alt7.webp,lifestyle,widen-cdn
HB-APEX13-26,Humminbird APEX 13 MEGA SI+ Chartplotter,Humminbird,1,https://johnsonoutdoors.widen.net/content/uhblzlafdp/webp/HB_411470-1VX_APEX_VX_13_alt1.webp,hero,widen-cdn
HB-APEX13-26,Humminbird APEX 13 MEGA SI+ Chartplotter,Humminbird,2,https://johnsonoutdoors.widen.net/content/gtjjk6ywnu/webp/HB_411470-1VX_APEX_VX_13_alt2.webp,studio,widen-cdn
HB-APEX13-26,Humminbird APEX 13 MEGA SI+ Chartplotter,Humminbird,3,https://johnsonoutdoors.widen.net/content/plrxfcosot/webp/HB_411470-1VX_APEX_VX_13_alt3.webp,studio,widen-cdn
HB-APEX13-26,Humminbird APEX 13 MEGA SI+ Chartplotter,Humminbird,4,https://johnsonoutdoors.widen.net/content/vk3gagqqli/webp/HB_411470-1VX_APEX_VX_13_alt4.webp,detail,widen-cdn
HB-APEX13-26,Humminbird APEX 13 MEGA SI+ Chartplotter,Humminbird,5,https://johnsonoutdoors.widen.net/content/edzq6fx8ds/webp/HB_411470-1VX_APEX_VX_13_alt5.webp,detail,widen-cdn
HB-APEX13-26,Humminbird APEX 13 MEGA SI+ Chartplotter,Humminbird,6,https://johnsonoutdoors.widen.net/content/uzy8w4to3l/webp/HB_411470-1VX_APEX_VX_13_alt6.webp,detail,widen-cdn
HB-APEX13-26,Humminbird APEX 13 MEGA SI+ Chartplotter,Humminbird,7,https://johnsonoutdoors.widen.net/content/vxfkjhftli/webp/HB_411470-1VX_APEX_VX_13_alt7.webp,lifestyle,widen-cdn
HB-APEX13-CHO-26,Humminbird APEX 13 MEGA SI+ Chartplotter (CHO),Humminbird,1,https://johnsonoutdoors.widen.net/content/uhblzlafdp/webp/HB_411470-1VX_APEX_VX_13_alt1.webp,hero,widen-cdn
HB-APEX13-CHO-26,Humminbird APEX 13 MEGA SI+ Chartplotter (CHO),Humminbird,2,https://johnsonoutdoors.widen.net/content/gtjjk6ywnu/webp/HB_411470-1VX_APEX_VX_13_alt2.webp,studio,widen-cdn
HB-APEX13-CHO-26,Humminbird APEX 13 MEGA SI+ Chartplotter (CHO),Humminbird,3,https://johnsonoutdoors.widen.net/content/plrxfcosot/webp/HB_411470-1VX_APEX_VX_13_alt3.webp,studio,widen-cdn
HB-APEX13-CHO-26,Humminbird APEX 13 MEGA SI+ Chartplotter (CHO),Humminbird,4,https://johnsonoutdoors.widen.net/content/vk3gagqqli/webp/HB_411470-1VX_APEX_VX_13_alt4.webp,detail,widen-cdn
HB-APEX13-CHO-26,Humminbird APEX 13 MEGA SI+ Chartplotter (CHO),Humminbird,5,https://johnsonoutdoors.widen.net/content/edzq6fx8ds/webp/HB_411470-1VX_APEX_VX_13_alt5.webp,detail,widen-cdn
HB-APEX13-CHO-26,Humminbird APEX 13 MEGA SI+ Chartplotter (CHO),Humminbird,6,https://johnsonoutdoors.widen.net/content/uzy8w4to3l/webp/HB_411470-1VX_APEX_VX_13_alt6.webp,detail,widen-cdn
HB-APEX13-CHO-26,Humminbird APEX 13 MEGA SI+ Chartplotter (CHO),Humminbird,7,https://johnsonoutdoors.widen.net/content/vxfkjhftli/webp/HB_411470-1VX_APEX_VX_13_alt7.webp,lifestyle,widen-cdn
HB-APEX16-26,Humminbird APEX 16 MEGA SI+ Chartplotter,Humminbird,1,https://johnsonoutdoors.widen.net/content/6col5o03mj/webp/HB_411500-1VX_APEXVX_16_alt1.webp,hero,widen-cdn
HB-APEX16-CHO-26,Humminbird APEX 16 MEGA SI+ Chartplotter (CHO),Humminbird,1,https://johnsonoutdoors.widen.net/content/6col5o03mj/webp/HB_411500-1VX_APEXVX_16_alt1.webp,hero,widen-cdn
HB-APEX19-26,Humminbird APEX 19 MEGA SI+ Chartplotter,Humminbird,1,https://johnsonoutdoors.widen.net/content/uhblzlafdp/webp/HB_411470-1VX_APEX_VX_13_alt1.webp,hero,widen-cdn
HB-APEX19-26,Humminbird APEX 19 MEGA SI+ Chartplotter,Humminbird,2,https://johnsonoutdoors.widen.net/content/gtjjk6ywnu/webp/HB_411470-1VX_APEX_VX_13_alt2.webp,studio,widen-cdn
HB-APEX19-26,Humminbird APEX 19 MEGA SI+ Chartplotter,Humminbird,3,https://johnsonoutdoors.widen.net/content/plrxfcosot/webp/HB_411470-1VX_APEX_VX_13_alt3.webp,studio,widen-cdn
HB-APEX19-26,Humminbird APEX 19 MEGA SI+ Chartplotter,Humminbird,4,https://johnsonoutdoors.widen.net/content/vk3gagqqli/webp/HB_411470-1VX_APEX_VX_13_alt4.webp,detail,widen-cdn
HB-APEX19-26,Humminbird APEX 19 MEGA SI+ Chartplotter,Humminbird,5,https://johnsonoutdoors.widen.net/content/edzq6fx8ds/webp/HB_411470-1VX_APEX_VX_13_alt5.webp,detail,widen-cdn
HB-APEX19-26,Humminbird APEX 19 MEGA SI+ Chartplotter,Humminbird,6,https://johnsonoutdoors.widen.net/content/uzy8w4to3l/webp/HB_411470-1VX_APEX_VX_13_alt6.webp,detail,widen-cdn
HB-APEX19-26,Humminbird APEX 19 MEGA SI+ Chartplotter,Humminbird,7,https://johnsonoutdoors.widen.net/content/vxfkjhftli/webp/HB_411470-1VX_APEX_VX_13_alt7.webp,lifestyle,widen-cdn
HB-APEX19-CHO-26,Humminbird APEX 19 MEGA SI+ Chartplotter (CHO),Humminbird,1,https://johnsonoutdoors.widen.net/content/uhblzlafdp/webp/HB_411470-1VX_APEX_VX_13_alt1.webp,hero,widen-cdn
HB-APEX19-CHO-26,Humminbird APEX 19 MEGA SI+ Chartplotter (CHO),Humminbird,2,https://johnsonoutdoors.widen.net/content/gtjjk6ywnu/webp/HB_411470-1VX_APEX_VX_13_alt2.webp,studio,widen-cdn
HB-APEX19-CHO-26,Humminbird APEX 19 MEGA SI+ Chartplotter (CHO),Humminbird,3,https://johnsonoutdoors.widen.net/content/plrxfcosot/webp/HB_411470-1VX_APEX_VX_13_alt3.webp,studio,widen-cdn
HB-APEX19-CHO-26,Humminbird APEX 19 MEGA SI+ Chartplotter (CHO),Humminbird,4,https://johnsonoutdoors.widen.net/content/vk3gagqqli/webp/HB_411470-1VX_APEX_VX_13_alt4.webp,detail,widen-cdn
HB-APEX19-CHO-26,Humminbird APEX 19 MEGA SI+ Chartplotter (CHO),Humminbird,5,https://johnsonoutdoors.widen.net/content/edzq6fx8ds/webp/HB_411470-1VX_APEX_VX_13_alt5.webp,detail,widen-cdn
HB-APEX19-CHO-26,Humminbird APEX 19 MEGA SI+ Chartplotter (CHO),Humminbird,6,https://johnsonoutdoors.widen.net/content/uzy8w4to3l/webp/HB_411470-1VX_APEX_VX_13_alt6.webp,detail,widen-cdn
HB-APEX19-CHO-26,Humminbird APEX 19 MEGA SI+ Chartplotter (CHO),Humminbird,7,https://johnsonoutdoors.widen.net/content/vxfkjhftli/webp/HB_411470-1VX_APEX_VX_13_alt7.webp,lifestyle,widen-cdn
CAN-OPTIMUMTS-26,Cannon Optimum TS Downrigger,Cannon,1,https://johnsonoutdoors.widen.net/content/pnrq0dnwkl/webp/CN_1902340_OptimumTS_3qRight.webp,hero,widen-cdn
CAN-OPTIMUMTS-26,Cannon Optimum TS Downrigger,Cannon,2,https://johnsonoutdoors.widen.net/content/gcax3wcrss/webp/CN_1902340_OptimumTS_3qLeft.webp,studio,widen-cdn
CAN-OPTIMUMTS-26,Cannon Optimum TS Downrigger,Cannon,3,https://johnsonoutdoors.widen.net/content/lybamaqjk7/webp/CN_1902340_OptimumTS_LowAway.webp,studio,widen-cdn
CAN-OPTIMUMTS-26,Cannon Optimum TS Downrigger,Cannon,4,https://johnsonoutdoors.widen.net/content/puakaa5w13/webp/CN_1902340_OptimumTS_DayMode.webp,detail,widen-cdn
CAN-OPTIMUMTS-26,Cannon Optimum TS Downrigger,Cannon,5,https://johnsonoutdoors.widen.net/content/zqacaazf46/webp/CN_1902340_OptimumTS_DepthCycle.webp,detail,widen-cdn
CAN-OPTIMUMTS-26,Cannon Optimum TS Downrigger,Cannon,6,https://johnsonoutdoors.widen.net/content/biwiib3vpe/webp/CN_1902340_OptimumTS_DataView.webp,detail,widen-cdn
CAN-OPTIMUMTS-26,Cannon Optimum TS Downrigger,Cannon,7,https://johnsonoutdoors.widen.net/content/zprhvax90s/webp/CN_1902340_OptimumTS_2DSonar.webp,detail,widen-cdn
CAN-OPTIMUMTS-26,Cannon Optimum TS Downrigger,Cannon,8,https://johnsonoutdoors.widen.net/content/8t0innokdr/webp/CN_1902340_OptimumTS_BottomTracking.webp,detail,widen-cdn
CAN-OPTIMUMTS-26,Cannon Optimum TS Downrigger,Cannon,9,https://johnsonoutdoors.widen.net/content/8ltdxzlkyv/webp/CN_1902340_OptimumTS_NightMode.webp,detail,widen-cdn
CAN-OPTIMUMTS-26,Cannon Optimum TS Downrigger,Cannon,10,https://johnsonoutdoors.widen.net/content/ltqiz5odmv/webp/CN_1902340_OptimumTS_PresetDepths.webp,detail,widen-cdn
CAN-OPTIMUMTS-26,Cannon Optimum TS Downrigger,Cannon,11,https://johnsonoutdoors.widen.net/content/pwz6bwtnsx/webp/CN_OptimumTS_Lifestyle1_square.webp,lifestyle,widen-cdn
CAN-OPTIMUMTS-26,Cannon Optimum TS Downrigger,Cannon,12,https://johnsonoutdoors.widen.net/content/kl4ctkjeth/webp/CN_OptimumTS_Lifestyle2_square.webp,lifestyle,widen-cdn
CAN-OPTIMUMTS-26,Cannon Optimum TS Downrigger,Cannon,13,https://johnsonoutdoors.widen.net/content/wfzvcufhy0/webp/CN_OptimumTS_Lifestyle3_square.webp,lifestyle,widen-cdn
CAN-OPTIMUMTS-26,Cannon Optimum TS Downrigger,Cannon,14,https://johnsonoutdoors.widen.net/content/mufahoc5vk/webp/CN_OptimumTS_Lifestyle4_square.webp,lifestyle,widen-cdn
CAN-OPTIMUM-26,Cannon Optimum Downrigger,Cannon,1,https://johnsonoutdoors.widen.net/content/vlgdugzspy/webp/CN_1902335_Optimum_3qRight.webp,hero,widen-cdn
CAN-OPTIMUM-26,Cannon Optimum Downrigger,Cannon,2,https://johnsonoutdoors.widen.net/content/ygrg6vfesk/webp/CN_1902335_Optimum_3qLeft.webp,studio,widen-cdn
CAN-OPTIMUM-26,Cannon Optimum Downrigger,Cannon,3,https://johnsonoutdoors.widen.net/content/i36kpw8kth/webp/CN_1902335_Optimum_LowAway.webp,studio,widen-cdn
CAN-OPTIMUM-26,Cannon Optimum Downrigger,Cannon,4,https://johnsonoutdoors.widen.net/content/cezgytyrq6/webp/CN_1902335_Optimum_DayMode.webp,detail,widen-cdn
CAN-OPTIMUM-26,Cannon Optimum Downrigger,Cannon,5,https://johnsonoutdoors.widen.net/content/y2p0belmys/webp/CN_1902335_Optimum_DualAxisRodHolders.webp,detail,widen-cdn
CAN-OPTIMUM-26,Cannon Optimum Downrigger,Cannon,6,https://johnsonoutdoors.widen.net/content/g03ocdegzy/webp/CN_1902335_Optimum_DataView.webp,detail,widen-cdn
CAN-OPTIMUM-26,Cannon Optimum Downrigger,Cannon,7,https://johnsonoutdoors.widen.net/content/x9kst620t8/webp/CN_1902335_Optimum_PresetDepths.webp,detail,widen-cdn
CAN-OPTIMUM-26,Cannon Optimum Downrigger,Cannon,8,https://johnsonoutdoors.widen.net/content/o7jv3r5m6e/webp/CN_1902335_Optimum_2DSonar.webp,detail,widen-cdn
CAN-OPTIMUM-26,Cannon Optimum Downrigger,Cannon,9,https://johnsonoutdoors.widen.net/content/jadxjpbhjx/webp/CN_1902335_Optimum_NightMode.webp,detail,widen-cdn
CAN-OPTIMUM-26,Cannon Optimum Downrigger,Cannon,10,https://johnsonoutdoors.widen.net/content/mpmxup1mon/webp/CN_1902335_Optimum_BottomTracking.webp,detail,widen-cdn
CAN-OPTIMUM-26,Cannon Optimum Downrigger,Cannon,11,https://johnsonoutdoors.widen.net/content/ftjgjgimt2/webp/CN_1902335_Optimum_DepthCycle.webp,detail,widen-cdn
CAN-OPTIMUM-26,Cannon Optimum Downrigger,Cannon,12,https://johnsonoutdoors.widen.net/content/wl5aw9xebf/webp/CN_Optimum_Lifestyle1_square.webp,lifestyle,widen-cdn
CAN-OPTIMUM-26,Cannon Optimum Downrigger,Cannon,13,https://johnsonoutdoors.widen.net/content/n1efsupb0p/webp/CN_Optimum_Lifestyle2_square.webp,lifestyle,widen-cdn
CAN-OPTIMUM-26,Cannon Optimum Downrigger,Cannon,14,https://johnsonoutdoors.widen.net/content/xxaneshisk/webp/CN_Optimum_Lifestyle3_square.webp,lifestyle,widen-cdn
CAN-OPTIMUM-26,Cannon Optimum Downrigger,Cannon,15,https://johnsonoutdoors.widen.net/content/15vfx05ajx/webp/CN_Optimum_Lifestyle4_square.webp,lifestyle,widen-cdn
CAN-MAG10TS-26,Cannon Magnum 10 TS,Cannon,1,https://johnsonoutdoors.widen.net/content/67saz6qhcp/webp/CN_1902310_Magnum10TS_3qRight.webp,hero,widen-cdn
CAN-MAG10TS-26,Cannon Magnum 10 TS,Cannon,2,https://johnsonoutdoors.widen.net/content/4ailedo0xx/webp/CN_1902310_Magnum10TS_3qLowRight.webp,studio,widen-cdn
CAN-MAG10TS-26,Cannon Magnum 10 TS,Cannon,3,https://johnsonoutdoors.widen.net/content/vnkqr3ym9w/webp/CN_1902310_Magnum10TS_3qLeft.webp,studio,widen-cdn
CAN-MAG10TS-26,Cannon Magnum 10 TS,Cannon,4,https://johnsonoutdoors.widen.net/content/cfror8jixu/webp/CN_1902310_Magnum10TS_3qRearLeft.webp,studio,widen-cdn
CAN-MAG10TS-26,Cannon Magnum 10 TS,Cannon,5,https://johnsonoutdoors.widen.net/content/5on2o9fd5o/webp/CN_1902310_Magnum10TS_Top.webp,studio,widen-cdn
CAN-MAG10TS-26,Cannon Magnum 10 TS,Cannon,6,https://johnsonoutdoors.widen.net/content/1fhvunodzx/webp/CN_1902310_Magnum10TS_ModelView.webp,detail,widen-cdn
CAN-MAG10TS-26,Cannon Magnum 10 TS,Cannon,7,https://johnsonoutdoors.widen.net/content/xik9nehezm/webp/CN_1902310_Magnum10TS_Switch.webp,detail,widen-cdn
CAN-MAG10TS-26,Cannon Magnum 10 TS,Cannon,8,https://johnsonoutdoors.widen.net/content/jnhwpgyjkd/webp/CN_1902310_Magnum10TS_Extension.webp,detail,widen-cdn
CAN-MAG10TS-26,Cannon Magnum 10 TS,Cannon,9,https://johnsonoutdoors.widen.net/content/ithgorgw1b/webp/CN_MagnumTS_Lifestyle1_square.webp,lifestyle,widen-cdn
CAN-MAG10TS-26,Cannon Magnum 10 TS,Cannon,10,https://johnsonoutdoors.widen.net/content/csayby5kmh/webp/CN_MagnumTS_Lifestyle2_square.webp,lifestyle,widen-cdn
CAN-MAG10TS-26,Cannon Magnum 10 TS,Cannon,11,https://johnsonoutdoors.widen.net/content/bwbaxykvct/webp/CN_MagnumTS_Lifestyle3_square.webp,lifestyle,widen-cdn
CAN-MAG10TS-26,Cannon Magnum 10 TS,Cannon,12,https://johnsonoutdoors.widen.net/content/jhthcywpoq/webp/CN_MagnumTS_Lifestyle4_square.webp,lifestyle,widen-cdn
CAN-MAG10TS-26,Cannon Magnum 10 TS,Cannon,13,https://johnsonoutdoors.widen.net/content/yt9asirubg/webp/CN_MagnumTS_Lifestyle5_square.webp,lifestyle,widen-cdn
CAN-MAG10TS-26,Cannon Magnum 10 TS,Cannon,14,https://johnsonoutdoors.widen.net/content/ykn9d5tng1/webp/CN_MagnumTS_Lifestyle6_square.webp,lifestyle,widen-cdn
CAN-MAG10-26,Cannon Magnum 10,Cannon,1,https://johnsonoutdoors.widen.net/content/ho3pkhwzkb/webp/CN_1902305_Magnum10_3qRightNew.webp,hero,widen-cdn
CAN-MAG10-26,Cannon Magnum 10,Cannon,2,https://johnsonoutdoors.widen.net/content/fcylwgghe9/webp/CN_1902305_Magnum10_3qLowRight.webp,studio,widen-cdn
CAN-MAG10-26,Cannon Magnum 10,Cannon,3,https://johnsonoutdoors.widen.net/content/mteowoxydu/webp/CN_1902305_Magnum10_3qLeft.webp,studio,widen-cdn
CAN-MAG10-26,Cannon Magnum 10,Cannon,4,https://johnsonoutdoors.widen.net/content/8hko7kjrp9/webp/CN_1902305_Magnum10_Top.webp,studio,widen-cdn
CAN-MAG10-26,Cannon Magnum 10,Cannon,5,https://johnsonoutdoors.widen.net/content/1kcazpahjg/webp/CN_1902305_Magnum10_ModelView.webp,detail,widen-cdn
CAN-MAG10-26,Cannon Magnum 10,Cannon,6,https://johnsonoutdoors.widen.net/content/pkhxp7hs0s/webp/CN_1902305_Magnum10_Switch.webp,detail,widen-cdn
CAN-MAG10-26,Cannon Magnum 10,Cannon,7,https://johnsonoutdoors.widen.net/content/uw4fnvwjmw/webp/CN_1902305_Magnum10_Extension.webp,detail,widen-cdn
CAN-MAG10-26,Cannon Magnum 10,Cannon,8,https://johnsonoutdoors.widen.net/content/56ork7pqk7/webp/CN_Magnum_Lifestyle6_square.webp,lifestyle,widen-cdn
CAN-MAG10-26,Cannon Magnum 10,Cannon,9,https://johnsonoutdoors.widen.net/content/ogdnjq5b87/webp/CN_Magnum_Lifestyle5_square.webp,lifestyle,widen-cdn
CAN-MAG10-26,Cannon Magnum 10,Cannon,10,https://johnsonoutdoors.widen.net/content/1qsiv7rk3c/webp/CN_Magnum_Lifestyle4_square.webp,lifestyle,widen-cdn
CAN-MAG5-26,Cannon Magnum 5,Cannon,1,https://johnsonoutdoors.widen.net/content/psc6hoxphf/webp/CN_1902300_Magnum5_3qRight.webp,hero,widen-cdn
CAN-MAG5-26,Cannon Magnum 5,Cannon,2,https://johnsonoutdoors.widen.net/content/wbdacqangw/webp/CN_1902300_Magnum5_3qLowRight.webp,studio,widen-cdn
CAN-MAG5-26,Cannon Magnum 5,Cannon,3,https://johnsonoutdoors.widen.net/content/bzdwtb4e0i/webp/CN_1902300_Magnum5_3qLeft.webp,studio,widen-cdn
CAN-MAG5-26,Cannon Magnum 5,Cannon,4,https://johnsonoutdoors.widen.net/content/g0lhntu4ts/webp/CN_1902300_Magnum5_3qRearLeft.webp,studio,widen-cdn
CAN-MAG5-26,Cannon Magnum 5,Cannon,5,https://johnsonoutdoors.widen.net/content/tsz878cnkf/webp/CN_1902300_Magnum5_Top.webp,studio,widen-cdn
CAN-MAG5-26,Cannon Magnum 5,Cannon,6,https://johnsonoutdoors.widen.net/content/bddsf14c17/webp/CN_1902300_Magnum5_ModelView.webp,detail,widen-cdn
CAN-MAG5-26,Cannon Magnum 5,Cannon,7,https://johnsonoutdoors.widen.net/content/lws8buadty/webp/CN_1902300_Magnum5_Switch.webp,detail,widen-cdn
CAN-UNI10TS-26,Cannon Uni-Troll 10 TS,Cannon,1,https://johnsonoutdoors.widen.net/content/qcg7sskxwv/webp/CN_1901140_Uni-Troll10TS_Hero.webp,hero,widen-cdn
CAN-UNI10TS-26,Cannon Uni-Troll 10 TS,Cannon,2,https://johnsonoutdoors.widen.net/content/h1juh1tnmp/webp/CN_1901140_UNI-TROLL-10TS.webp,studio,widen-cdn
CAN-UNI10TS-26,Cannon Uni-Troll 10 TS,Cannon,3,https://johnsonoutdoors.widen.net/content/nfh9tqcbtt/webp/CN_1901140_UNI-TROLL-10TS_Left.webp,studio,widen-cdn
CAN-UNI10TS-26,Cannon Uni-Troll 10 TS,Cannon,4,https://johnsonoutdoors.widen.net/content/zhfljmqnag/webp/CN_1901140_Uni-Troll10TS_TopAngled.webp,studio,widen-cdn
CAN-UNI10TS-26,Cannon Uni-Troll 10 TS,Cannon,5,https://johnsonoutdoors.widen.net/content/x5863h3xgo/webp/CN_1901140_Uni-Troll10TS_Top.webp,studio,widen-cdn
CAN-UNI10TS-26,Cannon Uni-Troll 10 TS,Cannon,6,https://johnsonoutdoors.widen.net/content/hw3jhm90uc/webp/CN_1901140_Uni-Troll10TS_RodHolder.webp,detail,widen-cdn
CAN-UNI10TS-26,Cannon Uni-Troll 10 TS,Cannon,7,https://johnsonoutdoors.widen.net/content/vam02dytmn/webp/CN_1901140_Uni-Troll10TS_Handle_square.webp,detail,widen-cdn
CAN-UNI10TS-26,Cannon Uni-Troll 10 TS,Cannon,8,https://johnsonoutdoors.widen.net/content/gaitbiobqq/webp/CN_1901140_Uni-Troll10TS_Boom.webp,detail,widen-cdn
CAN-UNI10TS-26,Cannon Uni-Troll 10 TS,Cannon,9,https://johnsonoutdoors.widen.net/content/g0zdwmejex/webp/CN_1901140_Uni-Troll10TS_Base2.webp,detail,widen-cdn
CAN-UNI10TS-26,Cannon Uni-Troll 10 TS,Cannon,10,https://johnsonoutdoors.widen.net/content/ljllzrcaka/webp/CN_1901140_Uni-Troll10TS_Bases.webp,detail,widen-cdn
CAN-UNI10-26,Cannon Uni-Troll 10,Cannon,1,https://johnsonoutdoors.widen.net/content/ydwctz1ffp/webp/CN_1901130_UNI-TROLL-10_Hero.webp,hero,widen-cdn
CAN-UNI10-26,Cannon Uni-Troll 10,Cannon,2,https://johnsonoutdoors.widen.net/content/r0dhi6f5z2/webp/CN_1901130_UNI-TROLL-10.webp,studio,widen-cdn
CAN-UNI10-26,Cannon Uni-Troll 10,Cannon,3,https://johnsonoutdoors.widen.net/content/ggg9vd71ve/webp/CN_1901130_UNI-TROLL-10_Left.webp,studio,widen-cdn
CAN-UNI10-26,Cannon Uni-Troll 10,Cannon,4,https://johnsonoutdoors.widen.net/content/oatnnc951u/webp/CN_1901130_Uni-Troll10_Top.webp,studio,widen-cdn
CAN-UNI10-26,Cannon Uni-Troll 10,Cannon,5,https://johnsonoutdoors.widen.net/content/cxuvnjsngp/webp/CN_1901130_Uni-Troll10_TopAngled.webp,studio,widen-cdn
CAN-UNI10-26,Cannon Uni-Troll 10,Cannon,6,https://johnsonoutdoors.widen.net/content/7azak94yyj/webp/CN_1901130_Uni-Troll10_RodHolder.webp,detail,widen-cdn
CAN-UNI10-26,Cannon Uni-Troll 10,Cannon,7,https://johnsonoutdoors.widen.net/content/hkdbviyvzh/webp/CN_1901130_Uni-Troll10_Boom.webp,detail,widen-cdn
CAN-UNI10-26,Cannon Uni-Troll 10,Cannon,8,https://johnsonoutdoors.widen.net/content/ns5z8ijhlh/webp/CN_1901130_Uni-Troll10_Handle_square.webp,detail,widen-cdn
CAN-UNI10-26,Cannon Uni-Troll 10,Cannon,9,https://johnsonoutdoors.widen.net/content/ca8bgqqb5q/webp/CN_1901130_Uni-Troll10_LineCounter_square.webp,detail,widen-cdn
CAN-UNI10-26,Cannon Uni-Troll 10,Cannon,10,https://johnsonoutdoors.widen.net/content/hggd0obfb5/webp/CN_1901130_Uni-Troll10_Base2.webp,detail,widen-cdn
CAN-UNI10-26,Cannon Uni-Troll 10,Cannon,11,https://johnsonoutdoors.widen.net/content/a8shv0g2b6/webp/CN_1901130_Uni-Troll10_Bases.webp,detail,widen-cdn
CAN-UNI10-26,Cannon Uni-Troll 10,Cannon,12,https://johnsonoutdoors.widen.net/content/cwghw3kggs/webp/CN_Uni-Troll_Lifestyle1_square.webp,lifestyle,widen-cdn
CAN-UNI10-26,Cannon Uni-Troll 10,Cannon,13,https://johnsonoutdoors.widen.net/content/sq3m2lrnro/webp/CN_Uni-Troll_Lifestyle2_square.webp,lifestyle,widen-cdn
CAN-UNI10-26,Cannon Uni-Troll 10,Cannon,14,https://johnsonoutdoors.widen.net/content/crobpsaeyv/webp/CN_Uni-Troll_Lifestyle4_square.webp,lifestyle,widen-cdn
CAN-UNI5-26,Cannon Uni-Troll 5,Cannon,1,https://johnsonoutdoors.widen.net/content/pxlpcqwlh3/webp/CN_1901120_Uni-Troll5_Hero.webp,hero,widen-cdn
CAN-UNI5-26,Cannon Uni-Troll 5,Cannon,2,https://johnsonoutdoors.widen.net/content/17xbvncyl9/webp/CN_1901120_UNI-TROLL-5-rev.webp,studio,widen-cdn
CAN-UNI5-26,Cannon Uni-Troll 5,Cannon,3,https://johnsonoutdoors.widen.net/content/evgbsfuneu/webp/CN_1901120_UNI-TROLL-5-3qLeft.webp,studio,widen-cdn
CAN-UNI5-26,Cannon Uni-Troll 5,Cannon,4,https://johnsonoutdoors.widen.net/content/xc5annhh1o/webp/CN_1901120_Uni-Troll5_TopAngled.webp,studio,widen-cdn
CAN-UNI5-26,Cannon Uni-Troll 5,Cannon,5,https://johnsonoutdoors.widen.net/content/q9nngqzjne/webp/CN_1901120_Uni-Troll5_Top.webp,studio,widen-cdn
CAN-UNI5-26,Cannon Uni-Troll 5,Cannon,6,https://johnsonoutdoors.widen.net/content/dsbm3giemm/webp/CN_1901120_Uni-Troll5_RodHolder.webp,detail,widen-cdn
CAN-UNI5-26,Cannon Uni-Troll 5,Cannon,7,https://johnsonoutdoors.widen.net/content/2sazztz8iz/webp/CN_1901120_Uni-Troll5_Boom.webp,detail,widen-cdn
CAN-UNI5-26,Cannon Uni-Troll 5,Cannon,8,https://johnsonoutdoors.widen.net/content/ccahkffesl/webp/CN_1901120_Uni-Troll5_Handle_square.webp,detail,widen-cdn
CAN-UNI5-26,Cannon Uni-Troll 5,Cannon,9,https://johnsonoutdoors.widen.net/content/2sjkhky23q/webp/CN_1901120_Uni-Troll5_Base2.webp,detail,widen-cdn
CAN-UNI5-26,Cannon Uni-Troll 5,Cannon,10,https://johnsonoutdoors.widen.net/content/wkkxvbjhyc/webp/CN_1901120_Uni-Troll5_LineCounter_square.webp,detail,widen-cdn
CAN-UNI5-26,Cannon Uni-Troll 5,Cannon,11,https://johnsonoutdoors.widen.net/content/yihhjoynck/webp/CN_1901120_Uni-Troll5_Base.webp,detail,widen-cdn
CAN-UNI5-26,Cannon Uni-Troll 5,Cannon,12,https://johnsonoutdoors.widen.net/content/cwghw3kggs/webp/CN_Uni-Troll_Lifestyle1_square.webp,lifestyle,widen-cdn
CAN-UNI5-26,Cannon Uni-Troll 5,Cannon,13,https://johnsonoutdoors.widen.net/content/sq3m2lrnro/webp/CN_Uni-Troll_Lifestyle2_square.webp,lifestyle,widen-cdn
CAN-UNI5-26,Cannon Uni-Troll 5,Cannon,14,https://johnsonoutdoors.widen.net/content/rzo78ampvm/webp/CN_Uni-Troll_Lifestyle3_square.webp,lifestyle,widen-cdn
CAN-UNI5-26,Cannon Uni-Troll 5,Cannon,15,https://johnsonoutdoors.widen.net/content/crobpsaeyv/webp/CN_Uni-Troll_Lifestyle4_square.webp,lifestyle,widen-cdn
CAN-EASITROLL-26,Cannon Easi-Troll,Cannon,1,https://johnsonoutdoors.widen.net/content/5hf2dw8lim/webp/CN_1901020_Easi-Troll_Hero.webp,hero,widen-cdn
CAN-EASITROLL-26,Cannon Easi-Troll,Cannon,2,https://johnsonoutdoors.widen.net/content/3qafnv1jy1/webp/CN_1901020_Easi-Troll_3qRight.webp,studio,widen-cdn
CAN-EASITROLL-26,Cannon Easi-Troll,Cannon,3,https://johnsonoutdoors.widen.net/content/hscxagtqzo/webp/CN_1901020_Easi-Troll_3qLeft.webp,studio,widen-cdn
CAN-EASITROLL-26,Cannon Easi-Troll,Cannon,4,https://johnsonoutdoors.widen.net/content/ojsydg2ffx/webp/CN_1901020_Easi-Troll_Top.webp,studio,widen-cdn
CAN-EASITROLL-26,Cannon Easi-Troll,Cannon,5,https://johnsonoutdoors.widen.net/content/w8ey59edl4/webp/CN_1901020_Easi-Troll_TopAngled.webp,studio,widen-cdn
CAN-EASITROLL-26,Cannon Easi-Troll,Cannon,6,https://johnsonoutdoors.widen.net/content/hp76psmcit/webp/CN_1901020_Easi-Troll_RodHolder.webp,detail,widen-cdn
CAN-EASITROLL-26,Cannon Easi-Troll,Cannon,7,https://johnsonoutdoors.widen.net/content/ucmoguc3wb/webp/CN_1901020_Easi-Troll_Boom.webp,detail,widen-cdn
CAN-EASITROLL-26,Cannon Easi-Troll,Cannon,8,https://johnsonoutdoors.widen.net/content/ycscu0fsd0/webp/CN_1901020_Easi-Troll_LineCounter_Square.webp,detail,widen-cdn
CAN-EASITROLL-26,Cannon Easi-Troll,Cannon,9,https://johnsonoutdoors.widen.net/content/v5wjod1ams/webp/CN_1901020_Easi-Troll_Handle_square.webp,detail,widen-cdn
CAN-EASITROLL-26,Cannon Easi-Troll,Cannon,10,https://johnsonoutdoors.widen.net/content/vlmaamx9s6/webp/CN_1901020_Easi-Troll_Base.webp,detail,widen-cdn
CAN-EASITROLL-26,Cannon Easi-Troll,Cannon,11,https://johnsonoutdoors.widen.net/content/7qrxdufhn8/webp/CN_1901020_Easi-Troll_Base2.webp,detail,widen-cdn
CAN-LAKETROLL-26,Cannon Lake-Troll,Cannon,1,https://johnsonoutdoors.widen.net/content/njcjs7y0qe/webp/CN_1901250_Lake-Troll_Hero.webp,hero,widen-cdn
CAN-LAKETROLL-26,Cannon Lake-Troll,Cannon,2,https://johnsonoutdoors.widen.net/content/wovgpwokhg/webp/CN_1901250_Lake-Troll.webp,studio,widen-cdn
CAN-LAKETROLL-26,Cannon Lake-Troll,Cannon,3,https://johnsonoutdoors.widen.net/content/q5bkcsyktk/webp/CN_1901250_Lake-Troll_3qRight.webp,studio,widen-cdn
CAN-LAKETROLL-26,Cannon Lake-Troll,Cannon,4,https://johnsonoutdoors.widen.net/content/btymusa9td/webp/CN_1901250_Lake-Troll_Top.webp,studio,widen-cdn
CAN-LAKETROLL-26,Cannon Lake-Troll,Cannon,5,https://johnsonoutdoors.widen.net/content/7pjwuq6jnq/webp/CN_1901250_Lake-Troll_TopAngled.webp,studio,widen-cdn
CAN-LAKETROLL-26,Cannon Lake-Troll,Cannon,6,https://johnsonoutdoors.widen.net/content/wa0vssmave/webp/CN_1901250_Lake-Troll_RodHolder.webp,detail,widen-cdn
CAN-LAKETROLL-26,Cannon Lake-Troll,Cannon,7,https://johnsonoutdoors.widen.net/content/nj7siy2zi5/webp/CN_1901250_Lake-Troll_Boom.webp,detail,widen-cdn
CAN-LAKETROLL-26,Cannon Lake-Troll,Cannon,8,https://johnsonoutdoors.widen.net/content/5fhamymoqo/webp/CN_1901250_Lake-Troll_LineCounter.webp,detail,widen-cdn
CAN-LAKETROLL-26,Cannon Lake-Troll,Cannon,9,https://johnsonoutdoors.widen.net/content/dg7rbeip6b/webp/CN_1901250_Lake-Troll_Handle_square.webp,detail,widen-cdn
CAN-LAKETROLL-26,Cannon Lake-Troll,Cannon,10,https://johnsonoutdoors.widen.net/content/rjjqhgxrdx/webp/CN_1901250_Lake-Troll_Base.webp,detail,widen-cdn
CAN-LAKETROLL-26,Cannon Lake-Troll,Cannon,11,https://johnsonoutdoors.widen.net/content/sskknk2svp/webp/CN_1901250_Lake-Troll_Base2.webp,detail,widen-cdn
CAN-LAKETROLL-26,Cannon Lake-Troll,Cannon,12,https://johnsonoutdoors.widen.net/content/jcttvlmkxu/webp/CN_1901250_Lake-Troll_Hardware.webp,detail,widen-cdn
CAN-MINITROLL-26,Cannon Mini-Troll,Cannon,1,https://johnsonoutdoors.widen.net/content/mhw2zagduo/webp/CN_1901200_Mini-Troll_Hero.webp,hero,widen-cdn
CAN-MINITROLL-26,Cannon Mini-Troll,Cannon,2,https://johnsonoutdoors.widen.net/content/quyzv4g5ww/webp/CN_1901200_Mini-Troll.webp,studio,widen-cdn
CAN-MINITROLL-26,Cannon Mini-Troll,Cannon,3,https://johnsonoutdoors.widen.net/content/s8k14xaevj/webp/CN_1901200_Mini-Troll_3qRight.webp,studio,widen-cdn
CAN-MINITROLL-26,Cannon Mini-Troll,Cannon,4,https://johnsonoutdoors.widen.net/content/u04sxg6duk/webp/CN_1901200_Mini-Troll_Top.webp,studio,widen-cdn
CAN-MINITROLL-26,Cannon Mini-Troll,Cannon,5,https://johnsonoutdoors.widen.net/content/uyj9pezqbo/webp/CN_1901200_Mini-Troll_TopAngled.webp,studio,widen-cdn
CAN-MINITROLL-26,Cannon Mini-Troll,Cannon,6,https://johnsonoutdoors.widen.net/content/zmncftzglp/webp/CN_1901200_Mini-Troll_Boom.webp,detail,widen-cdn
CAN-MINITROLL-26,Cannon Mini-Troll,Cannon,7,https://johnsonoutdoors.widen.net/content/dvafllfbgz/webp/CN_1901200_Mini-Troll_LineCounter.webp,detail,widen-cdn
CAN-MINITROLL-26,Cannon Mini-Troll,Cannon,8,https://johnsonoutdoors.widen.net/content/fsnwzdxf4v/webp/CN_1901200_Mini-Troll_Handle.webp,detail,widen-cdn
CAN-MINITROLL-26,Cannon Mini-Troll,Cannon,9,https://johnsonoutdoors.widen.net/content/1hgdihgvci/webp/CN_1901200_Mini-Troll_Base.webp,detail,widen-cdn
