wc_sku,brand,product_name,tag_main_category,tag_subcategory,tag_brand,tag_product_name,flags
2014-MERCURY-50-ELHP,Mercury,2014 Mercury 50 ELHPT 4S EFI,Marine,Outboards,Mercury,50 HP Electric Start EFI Outboard,
2021-MERCURY-ME-2-5M,Mercury,2021 Mercury ME 2.5MH 4S TMC,Marine,Outboards,Mercury,2.5 HP Outboard,
2021-MERCURY-ME-20-E,Mercury,2021 Mercury ME 20 ELHPT 4S,Marine,Outboards,Mercury,20 HP Electric Start Outboard,
2021-MERCURY-ME-5-MH,Mercury,2021 Mercury ME 5 MH LPG 4S,Marine,Outboards,Mercury,5 HP Outboard (LPG),BEST JUDGMENT: LPG specialty outboard — Casey to verify consumer label
2022-EASY-HAULER-AL-,Easy Hauler,2022 Easy Hauler AL-PTDB2026-TRI,Marine,Boat Trailers,Easy Hauler,DRIVE ON BUNK TRI TRAILER 20' 2600#,
2022-MERCURY-ME-15-E,Mercury,2022 Mercury ME 15 ELH 4S,Marine,Outboards,Mercury,15 HP Electric Start Outboard,
2022-MERCURY-ME-20-M,Mercury,2022 Mercury ME 20 MLH 4S,Marine,Outboards,Mercury,20 HP Outboard,
2022-MERCURY-ME-30-E,Mercury,2022 Mercury ME 30 ELPT EFI 4S,Marine,Outboards,Mercury,30 HP EFI Outboard,
2022-MERCURY-ME-4MH-,Mercury,2022 Mercury ME 4MH 4S,Marine,Outboards,Mercury,4 HP Outboard,
2022-MERCURY-ME-5-MX,Mercury,2022 Mercury ME 5 MXLHA LPG 4S SAILPOWER,Marine,Outboards,Mercury,5 HP Sailboat Outboard (LPG),BEST JUDGMENT: LPG specialty outboard — Casey to verify consumer label
2022-MERCURY-ME-60-E,Mercury,2022 Mercury ME 60 ELPT 4S EFI,Marine,Outboards,Mercury,60 HP EFI Outboard,
2022-MERCURY-ME-8MH-,Mercury,2022 Mercury ME 8MH 4S TMC,Marine,Outboards,Mercury,8 HP Outboard,
2022-MERCURY-ME-9-9E,Mercury,2022 Mercury ME 9.9ELH 4S TMC,Marine,Outboards,Mercury,9.9 HP Electric Start Outboard,
2022-TORO-74055,Toro,2022 Toro 74055,Power Equipment,Zero Turn Mowers,Toro,TimeCutter 74055,BEST JUDGMENT: not in Lightspeed data — verify model name
2023-CUB-CADET-17AIE,Cub Cadet,2023 Cub Cadet 17AIEACL010,Power Equipment,Zero Turn Mowers,Cub Cadet,ZT2 54 Zero Turn,BEST JUDGMENT: not in Lightspeed data — verify model name
2023-CUB-CADET-17ARG,Cub Cadet,2023 Cub Cadet 17ARGBYEA10,Power Equipment,Zero Turn Mowers,Cub Cadet,ZT2 42 Zero Turn,BEST JUDGMENT: not in Lightspeed data — verify model name
2023-MERCURY-115-PRO,Mercury,2023 Mercury 115 Pro XS,Marine,Outboards,Mercury,115 HP Pro XS Outboard,
2023-MERCURY-60-ELPT,Mercury,2023 Mercury 60 ELPT,Marine,Outboards,Mercury,60 HP Outboard,
2023-MERCURY-90-EXLP,Mercury,2023 Mercury 90 EXLPT CT,Marine,Outboards,Mercury,90 HP Command Thrust Outboard,
2023-MERCURY-ME-15-E,Mercury,2023 Mercury ME 15 ELHPT PK 4S,Marine,Outboards,Mercury,15 HP Electric Start Outboard,
2023-MERCURY-ME-20-M,Mercury,2023 Mercury ME 20 MLH 4S,Marine,Outboards,Mercury,20 HP Outboard,
2023-MERCURY-ME-25-E,Mercury,2023 Mercury ME 25 ELPT EFI 4S,Marine,Outboards,Mercury,25 HP EFI Outboard,
2023-MERCURY-ME-3-5M,Mercury,2023 Mercury ME 3.5MH 4S TMC,Marine,Outboards,Mercury,3.5 HP Outboard,
2023-MERCURY-ME-30-E,Mercury,2023 Mercury ME 30 ELHPT EFI 4S,Marine,Outboards,Mercury,30 HP Electric Start EFI Outboard,
2023-MERCURY-ME-40-E,Mercury,2023 Mercury ME 40 ELHPT 4S EFI,Marine,Outboards,Mercury,40 HP Electric Start EFI Outboard,
2023-MERCURY-ME-6MH,Mercury,2023 Mercury ME 6MH,Marine,Outboards,Mercury,6 HP Outboard,
2023-MERCURY-ME-9-9E,Mercury,2023 Mercury ME 9.9ELH 4S TMC,Marine,Outboards,Mercury,9.9 HP Electric Start Outboard,
2023-PRINCECRAFT-SPO,Princecraft,2023 Princecraft SPORTFISHER 21 2RS,Marine,Fishing Boats,Princecraft,Sportfisher 21,
2024-CUB-CADET-17AIE,Cub Cadet,2024 Cub Cadet 17AIEAC2A10,Power Equipment,Zero Turn Mowers,Cub Cadet,ZT2 54 Zero Turn,BEST JUDGMENT: not in Lightspeed data — verify model name
2024-CUB-CADET-17ARG,Cub Cadet,2024 Cub Cadet 17ARGBYLA10,Power Equipment,Zero Turn Mowers,Cub Cadet,ZT2 42 Zero Turn,BEST JUDGMENT: not in Lightspeed data — verify model name
2024-EASY-HAULER-AL-,Easy Hauler,2024 Easy Hauler AL-1610B-YC,Marine,Boat Trailers,Easy Hauler,1000 lb Bunk Trailer,
2024-MERCURY-ME-15-E,Mercury,2024 Mercury ME 15 EH 4S,Marine,Outboards,Mercury,15 HP Electric Start Outboard,
2024-MERCURY-ME-25-E,Mercury,2024 Mercury ME 25 EH EFI 4S,Marine,Outboards,Mercury,25 HP Electric Start EFI Outboard,
2024-MERCURY-ME-4MH-,Mercury,2024 Mercury ME 4MH 4S,Marine,Outboards,Mercury,4 HP Outboard,
2024-MERCURY-ME-50-E,Mercury,2024 Mercury ME 50 ELPT 4S EFI,Marine,Outboards,Mercury,50 HP EFI Outboard,
2024-MERCURY-ME-60-E,Mercury,2024 Mercury ME 60 ELPT 4S EFI,Marine,Outboards,Mercury,60 HP EFI Outboard,
2024-MERCURY-ME-6MLH,Mercury,2024 Mercury ME 6MLH,Marine,Outboards,Mercury,6 HP Outboard,
2024-MERCURY-ME-8EH-,Mercury,2024 Mercury ME 8EH 4S,Marine,Outboards,Mercury,8 HP Electric Start Outboard,
2024-PRINCECRAFT-RES,Princecraft,2024 Princecraft RESORTER 160 BT,Marine,Pontoons,Princecraft,Resorter 160,
2024-TORO-74532,Toro,2024 Toro 74532,Power Equipment,Zero Turn Mowers,Toro,GRANDSTAND HDM 74532,
2024-TORO-74532-2,Toro,2024 Toro 74532,Power Equipment,Zero Turn Mowers,Toro,GRANDSTAND HDM 74532,
2024-TRAILER-X,Trailer,2024 Trailer X,Marine,Boat Trailers,Easy Hauler,Boat Trailer,BEST JUDGMENT: brand unconfirmed — Casey to verify
2024-TRAILER-X-2,Trailer,2024 Trailer X,Marine,Boat Trailers,Easy Hauler,Boat Trailer,BEST JUDGMENT: brand unconfirmed — Casey to verify
2025-CUB-CADET-17ARG,Cub Cadet,2025 Cub Cadet 17ARGBYNA10,Power Equipment,Zero Turn Mowers,Cub Cadet,ZT2 42 Zero Turn,BEST JUDGMENT: not in Lightspeed data — verify model name
2025-EASY-HAULER-125,Easy Hauler,2025 Easy Hauler 1250# PAINTED TRAILER 480 X 12B E-COAT,Marine,Boat Trailers,Easy Hauler,1250 lb Bunk Trailer,
2025-MERCURY-40-ELPT,Mercury,2025 Mercury 40 ELPT,Marine,Outboards,Mercury,40 HP Outboard,
2025-MERCURY-75-ELPT,Mercury,2025 Mercury 75 ELPT,Marine,Outboards,Mercury,75 HP Outboard,
2025-MERCURY-ME-2-5M,Mercury,2025 Mercury ME 2.5MH 4S TMC,Marine,Outboards,Mercury,2.5 HP Outboard,
2025-MERCURY-ME-20-E,Mercury,2025 Mercury ME 20 EH 4S,Marine,Outboards,Mercury,20 HP Electric Start Outboard,
2025-MERCURY-ME-20-M,Mercury,2025 Mercury ME 20 MH 4S,Marine,Outboards,Mercury,20 HP Outboard,
2025-MERCURY-ME-25-E,Mercury,2025 Mercury ME 25 ELPT EFI 4S,Marine,Outboards,Mercury,25 HP EFI Outboard,
2025-MERCURY-ME-50-E,Mercury,2025 Mercury ME 50 ELHPT 4S EFI,Marine,Outboards,Mercury,50 HP Electric Start EFI Outboard,
2025-MERCURY-ME-5MH,Mercury,2025 Mercury ME 5MH,Marine,Outboards,Mercury,5 HP Outboard,
2025-MERCURY-ME-5MH-,Mercury,2025 Mercury ME 5MH,Marine,Outboards,Mercury,5 HP Outboard,
2025-MERCURY-ME-60-E,Mercury,2025 Mercury ME 60 ELHPT CT 4S,Marine,Outboards,Mercury,60 HP Electric Start Command Thrust Outboard,
2025-MERCURY-ME-6MH,Mercury,2025 Mercury ME 6MH,Marine,Outboards,Mercury,6 HP Outboard,
2025-MERCURY-ME-6MH-,Mercury,2025 Mercury ME 6MH,Marine,Outboards,Mercury,6 HP Outboard,
2025-MERCURY-ME-9-9M,Mercury,2025 Mercury ME 9.9MH 4S,Marine,Outboards,Mercury,9.9 HP Outboard,
2025-PRINCECRAFT-AMA,Princecraft,2025 Princecraft AMAROK 166 WS,Marine,Fishing Boats,Princecraft,Amarok 166,
2025-TORO-77502,Toro,2025 Toro 77502,Power Equipment,Zero Turn Mowers,Toro,TimeCutter® Max MyRide 77502,
2025-TORO-77507,Toro,2025 Toro 77507,Power Equipment,Zero Turn Mowers,Toro,Z Master 77507,"PRODUCT NAME: Code shows ""HAVOC FAB DECK"" — verify correct Toro product line name (Z Master 2000?)."
2025-TRAILER-X,Trailer,2025 Trailer X,Marine,Boat Trailers,Easy Hauler,Boat Trailer,BEST JUDGMENT: brand unconfirmed — Casey to verify
2025-TRAILER-X-2,Trailer,2025 Trailer X,Marine,Boat Trailers,Easy Hauler,Boat Trailer,BEST JUDGMENT: brand unconfirmed — Casey to verify
2025-TRAILER-X-3,Trailer,2025 Trailer X,Marine,Boat Trailers,Easy Hauler,Boat Trailer,BEST JUDGMENT: brand unconfirmed — Casey to verify
2025-TRAILER-X-4,Trailer,2025 Trailer X,Marine,Boat Trailers,Easy Hauler,Boat Trailer,BEST JUDGMENT: brand unconfirmed — Casey to verify
2026-CUB-CADET-13A6A,Cub Cadet,2026 Cub Cadet 13A6A9TS596,Power Equipment,Riding Lawn Mowers,Cub Cadet,XT1 LT42,
2026-CUB-CADET-13APA,Cub Cadet,2026 Cub Cadet 13APA1TEA10,Power Equipment,Riding Lawn Mowers,Cub Cadet,XT2 LX42,
2026-CUB-CADET-13AQA,Cub Cadet,2026 Cub Cadet 13AQA1TLA10,Power Equipment,Riding Lawn Mowers,Cub Cadet,XT1 LT50,
2026-CUB-CADET-13B5A,Cub Cadet,2026 Cub Cadet 13B5A2TLA10,Power Equipment,Riding Lawn Mowers,Cub Cadet,XT2 SLX50,Verified: cubcadet.com XT2 SLX50 — pending Casey final confirm
2026-CUB-CADET-13B6A,Cub Cadet,2026 Cub Cadet 13B6A9TTA10,Power Equipment,Riding Lawn Mowers,Cub Cadet,XT1 LT46,
2026-EASY-HAULER-AL-,Easy Hauler,2026 Easy Hauler AL-PTDB2023,Marine,Boat Trailers,Easy Hauler,DRIVE ON BUNK BLACK,
2026-MERCURY-115-EXL,Mercury,2026 Mercury 115 EXLPT PRO XS,Marine,Outboards,Mercury,115 HP Pro XS Outboard,
2026-MERCURY-150-XL,Mercury,2026 Mercury 150 XL,Marine,Outboards,Mercury,150 HP Outboard,
2026-MERCURY-40-ELPT,Mercury,2026 Mercury 40 ELPT,Marine,Outboards,Mercury,40 HP Outboard,
2026-MERCURY-50-ELPT,Mercury,2026 Mercury 50 ELPT EFI CT,Marine,Outboards,Mercury,50 HP EFI Command Thrust Outboard,
2026-MERCURY-90-EXLP,Mercury,2026 Mercury 90 EXLPT CT,Marine,Outboards,Mercury,90 HP Command Thrust Outboard,
2026-MERCURY-ME-115X,Mercury,2026 Mercury ME 115XL PXS4S,Marine,Outboards,Mercury,115 HP Pro XS Outboard,
2026-PRINCECRAFT-VEC,Princecraft,2026 Princecraft VECTRA 21 RL,Marine,Pontoons,Princecraft,Vectra 21,
2026-TORO-22217,Toro,2026 Toro 22217,Power Equipment,Walk-Behind Mowers,Toro,Recycler 22217,BEST JUDGMENT: not in Lightspeed data — verify model name
2026-TORO-22217-2,Toro,2026 Toro 22217,Power Equipment,Walk-Behind Mowers,Toro,Recycler 22217,BEST JUDGMENT: not in Lightspeed data — verify model name
2026-TORO-72504,Toro,2026 Toro 72504,Power Equipment,Zero Turn Mowers,Toro,GrandStand 72504,
2026-TORO-75747,Toro,2026 Toro 75747,Power Equipment,Zero Turn Mowers,Toro,TimeCutter® MyRIDE 75747,
2026-TORO-75747-2,Toro,2026 Toro 75747,Power Equipment,Zero Turn Mowers,Toro,TimeCutter® MyRIDE 75747,
2026-TORO-75747-3,Toro,2026 Toro 75747,Power Equipment,Zero Turn Mowers,Toro,TimeCutter® MyRIDE 75747,
2026-TORO-75747-4,Toro,2026 Toro 75747,Power Equipment,Zero Turn Mowers,Toro,TimeCutter® MyRIDE 75747,
2026-TORO-75747-5,Toro,2026 Toro 75747,Power Equipment,Zero Turn Mowers,Toro,TimeCutter® MyRIDE 75747,
2026-TORO-75747-6,Toro,2026 Toro 75747,Power Equipment,Zero Turn Mowers,Toro,TimeCutter® MyRIDE 75747,
2026-TORO-75747-7,Toro,2026 Toro 75747,Power Equipment,Zero Turn Mowers,Toro,TimeCutter® MyRIDE 75747,
2026-TORO-77283,Toro,2026 Toro 77283,Power Equipment,Zero Turn Mowers,Toro,Z MASTER TF2 77283,
2026-TORO-77283-2,Toro,2026 Toro 77283,Power Equipment,Zero Turn Mowers,Toro,Z MASTER TF2 77283,
2026-TORO-77283-3,Toro,2026 Toro 77283,Power Equipment,Zero Turn Mowers,Toro,Z MASTER TF2 77283,
2026-TORO-77404,Toro,2026 Toro 77404,Power Equipment,Zero Turn Mowers,Toro,TIMECUTTER 77404,
2026-TORO-77404-2,Toro,2026 Toro 77404,Power Equipment,Zero Turn Mowers,Toro,TIMECUTTER 77404,
2026-TORO-77404-3,Toro,2026 Toro 77404,Power Equipment,Zero Turn Mowers,Toro,TIMECUTTER 77404,
2026-TORO-77501,Toro,2026 Toro 77501,Power Equipment,Zero Turn Mowers,Toro,77501,
2026-TORO-77503,Toro,2026 Toro 77503,Power Equipment,Zero Turn Mowers,Toro,TimeCutter MyRIDE 77503,
2026-TRAILER-X,Trailer,2026 Trailer X,Marine,Boat Trailers,Easy Hauler,Boat Trailer,BEST JUDGMENT: brand unconfirmed — Casey to verify
2026-TRAILER-X-2,Trailer,2026 Trailer X,Marine,Boat Trailers,Easy Hauler,Boat Trailer,BEST JUDGMENT: brand unconfirmed — Casey to verify
2026-TRAILER-X-3,Trailer,2026 Trailer X,Marine,Boat Trailers,Easy Hauler,Boat Trailer,BEST JUDGMENT: brand unconfirmed — Casey to verify
2026-TRAILER-X-4,Trailer,2026 Trailer X,Marine,Boat Trailers,Easy Hauler,Boat Trailer,BEST JUDGMENT: brand unconfirmed — Casey to verify
26-MERCURY-ME-90ELPT,Mercury,26 Mercury ME 90ELPT 4S,Marine,Outboards,Mercury,90 HP Outboard,
CAN-EASITROLL-26,Cannon,Cannon Easi-Troll,Marine,Downriggers,Cannon,Easi-Troll,
CAN-LAKETROLL-26,Cannon,Cannon Lake-Troll,Marine,Downriggers,Cannon,Lake-Troll,
CAN-MAG10-26,Cannon,Cannon Magnum 10,Marine,Downriggers,Cannon,Magnum 10,
CAN-MAG10TS-26,Cannon,Cannon Magnum 10 TS,Marine,Downriggers,Cannon,Magnum 10 TS,
CAN-MAG5-26,Cannon,Cannon Magnum 5,Marine,Downriggers,Cannon,Magnum 5,
CAN-MINITROLL-26,Cannon,Cannon Mini-Troll,Marine,Downriggers,Cannon,Mini-Troll,
CAN-OPTIMUM-26,Cannon,Cannon Optimum Downrigger,Marine,Downriggers,Cannon,Optimum Downrigger,
CAN-OPTIMUMTS-26,Cannon,Cannon Optimum TS Downrigger,Marine,Downriggers,Cannon,Optimum TS Downrigger,
CAN-UNI10-26,Cannon,Cannon Uni-Troll 10,Marine,Downriggers,Cannon,Uni-Troll 10,
CAN-UNI10TS-26,Cannon,Cannon Uni-Troll 10 TS,Marine,Downriggers,Cannon,Uni-Troll 10 TS,
CAN-UNI5-26,Cannon,Cannon Uni-Troll 5,Marine,Downriggers,Cannon,Uni-Troll 5,
CAN-UNISTACKER-26,Cannon,Cannon Uni-Stacker Release,Marine,Downrigger Accessories,Cannon,Uni-Stacker Release,
CAN-WT-10LB-26,Cannon,Cannon Downrigger Weight — 10 lb Cannon Ball,Marine,Downrigger Accessories,Cannon,Downrigger Weight,
CAN-WT-4LB-26,Cannon,Cannon Downrigger Weight — 4 lb Cannon Ball,Marine,Downrigger Accessories,Cannon,Downrigger Weight,
CAN-WT-6LB-26,Cannon,Cannon Downrigger Weight — 6 lb Cannon Ball,Marine,Downrigger Accessories,Cannon,Downrigger Weight,
CAN-WT-8LB-26,Cannon,Cannon Downrigger Weight — 8 lb Cannon Ball,Marine,Downrigger Accessories,Cannon,Downrigger Weight,
CC-CHALL750MX-26,Cub Cadet UTV,Cub Cadet Challenger 750 MX (Hisun-Built UTV),Powersports,UTVs,Cub Cadet,Cub Cadet Challenger 750 MX (Hisun-Built,
EC-CS2511P-26,Echo,Echo CS-2511P Compact Pro Chainsaw,Power Equipment,Chainsaws,Echo,CS-2511P,
EC-CS2511T-26,Echo,Echo CS-2511T Top-Handle Chainsaw,Power Equipment,Chainsaws,Echo,CS-2511T,
EC-CS271T-26,Echo,Echo CS-271T Top-Handle Chainsaw,Power Equipment,Chainsaws,Echo,CS-271T,
EC-CS310-26,Echo,Echo CS-310 Chainsaw,Power Equipment,Chainsaws,Echo,CS-310,
EC-CS3510-26,Echo,Echo CS-3510 Homeowner Chainsaw,Power Equipment,Chainsaws,Echo,CS-3510,
EC-CS352-26,Echo,Echo CS-352 Chainsaw,Power Equipment,Chainsaws,Echo,CS-352,
EC-CS355T-26,Echo,Echo CS-355T Top-Handle Chainsaw,Power Equipment,Chainsaws,Echo,CS-355T,
EC-CS361P-26,Echo,Echo CS-361P Mid Pro Chainsaw,Power Equipment,Chainsaws,Echo,CS-361P,
EC-CS370F-26,Echo,Echo CS-370F Farm/Ranch Chainsaw,Power Equipment,Chainsaws,Echo,CS-370F,
EC-CS4510-26,Echo,Echo CS-4510 Mid Homeowner Chainsaw,Power Equipment,Chainsaws,Echo,CS-4510,
EC-CS490-26,Echo,Echo CS-490 Mid Pro Chainsaw,Power Equipment,Chainsaws,Echo,CS-490,
EC-CS4910-26,Echo,Echo CS-4910 Pro Chainsaw,Power Equipment,Chainsaws,Echo,CS-4910,
EC-CS501P-26,Echo,Echo CS-501P Pro Chainsaw,Power Equipment,Chainsaws,Echo,CS-501P,
EC-CS590-26,Echo,Echo CS-590 Timber Wolf Chainsaw,Power Equipment,Chainsaws,Echo,CS-590,
EC-CS620P-26,Echo,Echo CS-620P Pro Chainsaw,Power Equipment,Chainsaws,Echo,CS-620P,
EC-CS680-26,Echo,Echo CS-680 Chainsaw,Power Equipment,Chainsaws,Echo,CS-680,
EC-CS7310P-26,Echo,Echo CS-7310P Heavy Production Chainsaw,Power Equipment,Chainsaws,Echo,CS-7310P,
EC-CSG7410-26,Echo,Echo CSG-7410 Handheld Cut-Off Saw,Power Equipment,Chainsaws,Echo,CSG-7410,
EC-CWT7410-26,Echo,Echo CWT-7410 Walk-Behind Cut-Off Saw,Power Equipment,Cut-Off Saws,Echo,CWT-7410,
EC-DCS2500T-26,Echo,Echo DCS-2500T Cordless Top-Handle Chainsaw,Power Equipment,Chainsaws,Echo,DCS-2500T,
EC-DCS5000-26,Echo,Echo DCS-5000 — 56V Cordless Chainsaw,Power Equipment,Chainsaws,Echo,DCS-5000,
EC-DHC2300-26,Echo,Echo DHC-2300 Cordless Hedge Trimmer,Power Equipment,Hedge Trimmers,Echo,DHC-2300,
EC-DLM2100-26,Echo,Echo DLM-2100 Cordless Push Mower,Power Equipment,Push Mowers,Echo,DLM-2100,
EC-DLM2100SP-26,Echo,Echo DLM-2100SP Cordless Self-Propelled Mower,Power Equipment,Push Mowers,Echo,DLM-2100SP,
EC-DPAS2100-26,Echo,Echo DPAS-2100 Cordless PAS Powerhead,Power Equipment,Multi-Tool Systems,Echo,DPAS-2100,
EC-DPAS2600-26,Echo,Echo DPAS-2600 Cordless PAS Pro Powerhead,Power Equipment,Multi-Tool Systems,Echo,DPAS-2600,
EC-DPB2500-26,Echo,Echo DPB-2500 Cordless Handheld Blower,Power Equipment,Blowers & Vacuums,Echo,DPB-2500,
EC-DPB2500LE-26,Echo,Echo DPB-2500LE Limited Edition Pink Blower,Power Equipment,Blowers & Vacuums,Echo,DPB-2500LE,
EC-DSRM2100-26,Echo,Echo DSRM-2100 Cordless String Trimmer,Power Equipment,String Trimmers,Echo,DSRM-2100,
EC-DSRM2600-26,Echo,Echo DSRM-2600 Cordless String Trimmer,Power Equipment,String Trimmers,Echo,DSRM-2600,
EC-DSRM2600U-26,Echo,Echo DSRM-2600U Cordless U-Handle Brushcutter,Power Equipment,String Trimmers,Echo,DSRM-2600U,
EC-ES250-26,Echo,Echo ES-250 Handheld Shred/Vac,Power Equipment,Blowers & Vacuums,Echo,ES-250,
EC-GT225-26,Echo,Echo GT-225 Curved-Shaft Trimmer,Power Equipment,String Trimmers,Echo,GT-225,
EC-HC155-26,Echo,Echo HC-155 Single-Sided Hedge Trimmer,Power Equipment,Hedge Trimmers,Echo,HC-155,
EC-HC2020-26,Echo,Echo HC-2020 Hedge Trimmer,Power Equipment,Hedge Trimmers,Echo,HC-2020,
EC-HC2210-26,Echo,Echo HC-2210 Double-Sided Hedge Trimmer,Power Equipment,Hedge Trimmers,Echo,HC-2210,
EC-HC2810-26,Echo,Echo HC-2810 Heavy Double-Sided Hedge Trimmer,Power Equipment,Hedge Trimmers,Echo,HC-2810,
EC-HCA2620-26,Echo,Echo HCA-2620 Articulating Extended-Reach,Power Equipment,Hedge Trimmers,Echo,HCA-2620,
EC-HCA2620S-26,Echo,Echo HCA-2620S Articulating Extended-Reach (S),Power Equipment,Hedge Trimmers,Echo,HCA-2620S,
EC-PAS225-26,Echo,Echo PAS-225 Homeowner Powerhead,Power Equipment,Multi-Tool Systems,Echo,PAS-225,
EC-PAS2620-26,Echo,Echo PAS-2620 Pro Powerhead,Power Equipment,Multi-Tool Systems,Echo,PAS-2620,
EC-PB2520-26,Echo,Echo PB-2520 Handheld Blower,Power Equipment,Blowers & Vacuums,Echo,PB-2520,
EC-PB255LN-26,Echo,Echo PB-255LN Low-Noise Handheld,Power Equipment,Blowers & Vacuums,Echo,PB-255LN,
EC-PB2620-26,Echo,Echo PB-2620 Handheld Blower,Power Equipment,Blowers & Vacuums,Echo,PB-2620,
EC-PB265LN-26,Echo,Echo PB-265LN Low-Noise Handheld,Power Equipment,Blowers & Vacuums,Echo,PB-265LN,
EC-PB580T-26,Echo,Echo PB-580T Backpack Blower,Power Equipment,Blowers & Vacuums,Echo,PB-580T,
EC-PB755ST-26,Echo,Echo PB-755ST Backpack Blower,Power Equipment,Blowers & Vacuums,Echo,PB-755ST,
EC-PB760LNT-26,Echo,Echo PB-760LNT Low-Noise Backpack (Tube),Power Equipment,Blowers & Vacuums,Echo,PB-760LNT,
EC-PB770-26,Echo,Echo PB-770 Pro Backpack Blower,Power Equipment,Blowers & Vacuums,Echo,PB-770,
EC-PB8010-26,Echo,Echo PB-8010 X Series Backpack Blower,Power Equipment,Blowers & Vacuums,Echo,PB-8010,
EC-PB9010T-26,Echo,Echo PB-9010T X Series Backpack Blower,Power Equipment,Blowers & Vacuums,Echo,PB-9010T,
EC-PE2620-26,Echo,Echo PE-2620 Walk-Behind Edger,Power Equipment,Edgers,Echo,PE-2620,
EC-PW3100-26,Echo,Echo PW-3100 Gas Pressure Washer,Power Equipment,Pressure Washers,Echo,PW-3100,
EC-PW3200-26,Echo,Echo PW-3200 Gas Pressure Washer,Power Equipment,Pressure Washers,Echo,PW-3200,
EC-PW3600-26,Echo,Echo PW-3600 Pro Gas Pressure Washer,Power Equipment,Pressure Washers,Echo,PW-3600,
EC-PW4200-26,Echo,Echo PW-4200 Flagship Pro Pressure Washer,Power Equipment,Pressure Washers,Echo,PW-4200,
EC-PWE1800-26,Echo,Echo PWE-1800 Electric Pressure Washer,Power Equipment,Pressure Washers,Echo,PWE-1800,
EC-SHC225-26,Echo,Echo SHC-225 Shafted Hedge Trimmer,Power Equipment,Hedge Trimmers,Echo,SHC-225,
EC-SHC225S-26,Echo,Echo SHC-225S Shafted Hedge Trimmer (S),Power Equipment,Hedge Trimmers,Echo,SHC-225S,
EC-SHC2620-26,Echo,Echo SHC-2620 Pro Shafted Hedge Trimmer,Power Equipment,Hedge Trimmers,Echo,SHC-2620,
EC-SHC2620S-26,Echo,Echo SHC-2620S Pro Shafted (S),Power Equipment,Hedge Trimmers,Echo,SHC-2620S,
EC-SRM225-26,Echo,Echo SRM-225 String Trimmer,Power Equipment,String Trimmers,Echo,SRM-225,
EC-SRM2320-26,Echo,Echo SRM-2320 Straight-Shaft Trimmer,Power Equipment,String Trimmers,Echo,SRM-2320,
EC-SRM2620-26,Echo,Echo SRM-2620 Trimmer,Power Equipment,String Trimmers,Echo,SRM-2620,
EC-SRM2620U-26,Echo,Echo SRM-2620U U-Handle Brushcutter,Power Equipment,String Trimmers,Echo,SRM-2620U,
EC-SRM266-26,Echo,Echo SRM-266 Pro-Grade Trimmer,Power Equipment,String Trimmers,Echo,SRM-266,
EC-SRM3020-26,Echo,Echo SRM-3020 Heavy-Duty Trimmer,Power Equipment,String Trimmers,Echo,SRM-3020,
EC-SRM410-26,Echo,Echo SRM-410 Pro Trimmer,Power Equipment,String Trimmers,Echo,SRM-410,
HB-APEX13-26,Humminbird,Humminbird APEX 13 MEGA SI+ Chartplotter,Marine,Fish Finders & Chartplotters,Humminbird,APEX 13 MEGA SI+ Chartplotter,
HB-APEX13-CHO-26,Humminbird,Humminbird APEX 13 MEGA SI+ Chartplotter (CHO),Marine,Fish Finders & Chartplotters,Humminbird,APEX 13 MEGA SI+ Chartplotter,
HB-APEX16-26,Humminbird,Humminbird APEX 16 MEGA SI+ Chartplotter,Marine,Fish Finders & Chartplotters,Humminbird,APEX 16 MEGA SI+ Chartplotter,
HB-APEX16-CHO-26,Humminbird,Humminbird APEX 16 MEGA SI+ Chartplotter (CHO),Marine,Fish Finders & Chartplotters,Humminbird,APEX 16 MEGA SI+ Chartplotter,
HB-APEX19-26,Humminbird,Humminbird APEX 19 MEGA SI+ Chartplotter,Marine,Fish Finders & Chartplotters,Humminbird,APEX 19 MEGA SI+ Chartplotter,
HB-APEX19-CHO-26,Humminbird,Humminbird APEX 19 MEGA SI+ Chartplotter (CHO),Marine,Fish Finders & Chartplotters,Humminbird,APEX 19 MEGA SI+ Chartplotter,
HB-ICELIVE2-PM-26,Humminbird,Humminbird ICE MEGA Live 2 Compact Pole-Mount,Marine,Ice Fishing Electronics,Humminbird,ICE MEGA Live 2 Compact Pole-Mount,
HB-ICELIVE2-PWR-26,Humminbird,Humminbird ICE MEGA Live 2 Power Cable,Marine,Marine Electronics Accessories,Humminbird,ICE MEGA Live 2 Power Cable,
HB-ICELIVE2-SAE-26,Humminbird,Humminbird ICE MEGA Live 2 SAE Power Cable,Marine,Marine Electronics Accessories,Humminbird,ICE MEGA Live 2 SAE Power Cable,
HB-MEGALIVE2-FWD-26,Humminbird,Humminbird MEGA Live 2 Forward-Facing Sonar,Marine,Live Sonar,Humminbird,MEGA Live 2 Forward-Facing Sonar,
HB-MEGALIVE2-TM-26,Humminbird,Humminbird MEGA Live 2 Transom-Mount Sonar,Marine,Live Sonar,Humminbird,MEGA Live 2 Transom-Mount Sonar,
HB-XPLORE-KIT-26,Humminbird,Humminbird ICE XPLORE Shuttle Conversion Kit,Marine,Marine Electronics Accessories,Humminbird,ICE XPLORE Shuttle Conversion Kit,
HB-XPLORE-PWR-26,Humminbird,Humminbird ICE XPLORE Power Cable,Marine,Marine Electronics Accessories,Humminbird,ICE XPLORE Power Cable,
HS-ACENV-26,Hisun,Hisun ACE NV — Electric Golf Cart,Powersports,Golf Carts,Hisun,ACE NV,
HS-FORGE400I-26,Hisun,Hisun Forge 400i — Sport-Utility ATV,Powersports,ATVs,Hisun,Forge 400i,
HS-GUARDIAN-26,Hisun,Hisun GUARDIAN Utility ATV,Powersports,ATVs,Hisun,GUARDIAN Utility ATV,
HS-HS400-26,Hisun,Hisun HS 400 Entry ATV,Powersports,ATVs,Hisun,HS 400 Entry ATV,
HS-HS500-26,Hisun,Hisun HS 500 — Utility ATV,Powersports,ATVs,Hisun,HS 500,
HS-MP9550R-26,Hisun,Hisun MP9 550R — Sport Trail UTV,Powersports,UTVs,Hisun,MP9 550R,
HS-MP9750R-26,Hisun,Hisun MP9 750R Sport UTV,Powersports,UTVs,Hisun,MP9 750R Sport UTV,
HS-MP9T400-26,Hisun,Hisun MP9T400 Entry Sport UTV,Powersports,UTVs,Hisun,MP9T400 Entry Sport UTV,
HS-SEC-E1-26,Hisun,Hisun Sector E1 — Electric UTV,Powersports,UTVs,Hisun,Sector E1,
HS-SEC250-26,Hisun,Hisun Sector 250 Compact Utility UTV,Powersports,UTVs,Hisun,Sector 250 Compact Utility UTV,
HS-SEC550EPS-26,Hisun,Hisun Sector 550 EPS — Utility UTV,Powersports,UTVs,Hisun,Sector 550 EPS,
HS-SEC750CREW-26,Hisun,Hisun Sector 750 Crew — 4-Seat Utility UTV,Powersports,UTVs,Hisun,Sector 750 Crew,
HS-SEC750EPS-26,Hisun,Hisun Sector 750 EPS,Powersports,UTVs,Hisun,Sector 750 EPS,
HS-STRK250R-26,Hisun,Hisun Strike 250R — Youth Sport UTV,Powersports,UTVs,Hisun,Strike 250R,
HS-STRK550R-26,Hisun,Hisun Strike 550R — Adult Sport UTV,Powersports,UTVs,Hisun,Strike 550R,
HS-STRY550-26,Hisun,Hisun Stryker 550X Sport-Trail UTV,Powersports,UTVs,Hisun,Stryker 550X Sport,
HS-STRY750CREW-26,Hisun,Hisun Stryker 750 Crew (4-Seat Sport),Powersports,UTVs,Hisun,Hisun Stryker 750 Crew (4-Seat Sport),
HS-STRY750X-26,Hisun,Hisun Stryker 750X — Sport-Trail UTV,Powersports,UTVs,Hisun,Stryker 750X,
HS-TACTIC-26,Hisun,Hisun Tactic Utility ATV,Powersports,ATVs,Hisun,Tactic Utility ATV,
MINNKOTA-TERROVA-80-,Minnkota,Minnkota Terrova 80,Marine,Trolling Motors,Minn Kota,Terrova 80,BEST JUDGMENT: catalogue SKU non-standard format — manual tag applied
MK-EC15-BULK-26,Minnkota,Minn Kota Battery Charger Extension Cable MK-EC-15 (Bulk),Marine,Marine Electronics,Minn Kota,Battery Charger Extension Cable MK-EC-15,
MK-KTRV55-FW-26,Minnkota,Minn Kota Kayak Terrova 55 lb — Freshwater,Marine,Kayak Motors,Minn Kota,Kayak Terrova 55 lb,
MK-MK230PCL-26,Minnkota,Minn Kota Precision Charger MK 230 PCL — 2 Bank × 15 Amp,Marine,Marine Electronics,Minn Kota,Precision Charger MK 230 PCL,
MK-MK330PC-26,Minnkota,Minn Kota Precision Charger MK 330 PC — 3 Bank × 10 Amp,Marine,Marine Electronics,Minn Kota,Precision Charger MK 330 PC,
MK-MK345PCL-26,Minnkota,Minn Kota Precision Charger MK 345 PCL — 3 Bank × 15 Amp,Marine,Marine Electronics,Minn Kota,Precision Charger MK 345 PCL,
MK-MK460PCL-26,Minnkota,Minn Kota Precision Charger MK 460 PCL — 4 Bank × 15 Amp,Marine,Marine Electronics,Minn Kota,Precision Charger MK 460 PCL,
MK-MKR30-26,Minnkota,Minn Kota Remote Power Switch MKR-30,Marine,Marine Electronics,Minn Kota,Remote Power Switch MKR-30,
MK-RT112-87-26,Minnkota,Minn Kota Riptide Terrova 112 lb — 87&#8243; Shaft,Marine,Trolling Motors,Minn Kota,Riptide Terrova 112 lb,
MK-RT80-60-REFURB,Minnkota,Minn Kota Riptide Terrova 80 lb Refurb — 60&#8243;,Marine,Trolling Motors,Minn Kota,Riptide Terrova 80 lb Refurb,
MK-RTKAYAK55-26,Minnkota,Minn Kota Riptide Kayak Terrova 55 lb — Saltwater,Marine,Kayak Motors,Minn Kota,Riptide Kayak Terrova 55 lb,
MK-RTQUEST9115-100-26,Minnkota,Minn Kota Riptide Terrova QUEST 90/115 — 100&#8243;,Marine,Trolling Motors,Minn Kota,Riptide Terrova QUEST 90/115,
MK-RTQUEST9115-72-26,Minnkota,Minn Kota Riptide Terrova QUEST 90/115 — 72&#8243;,Marine,Trolling Motors,Minn Kota,Riptide Terrova QUEST 90/115,
MK-RTQUEST9115-87-26,Minnkota,Minn Kota Riptide Terrova QUEST 90/115 — 87&#8243;,Marine,Trolling Motors,Minn Kota,Riptide Terrova QUEST 90/115,
MK-ULT80-45-26,Minnkota,Minn Kota Ultrex 80 lb — 45&#8243; Shaft,Marine,Trolling Motors,Minn Kota,Ultrex 80 lb,
MK-ULT80-52-26,Minnkota,Minn Kota Ultrex 80 lb — 52&#8243; Shaft,Marine,Trolling Motors,Minn Kota,Ultrex 80 lb,
MK-ULTQUEST9115-45-26,Minnkota,Minn Kota Ultrex QUEST 90/115 lb — Dual Spectrum CHIRP,Marine,Trolling Motors,Minn Kota,Ultrex QUEST 90/115 lb,
RJ-BOAT-LIFT-ROOF-SY,R&J Machine,R&amp;J Boat Lift Roof System,Marine,Boat Lifts,R&J Machine,R&amp;J Boat Lift Roof System,BEST JUDGMENT: new brand — verify subcategory routing with dev
RJ-CANTILEVER-BOAT-L,R&J Machine,R&amp;J Cantilever Boat Lift,Marine,Boat Lifts,R&J Machine,R&amp;J Cantilever Boat Lift,BEST JUDGMENT: new brand — verify subcategory routing with dev
RJ-FLOATING-TRUSS-DO,R&J Machine,R&amp;J Floating Truss Dock,Marine,Dock Systems,R&J Machine,R&amp;J Floating Truss Dock,BEST JUDGMENT: new brand — verify subcategory routing with dev
RJ-HIDDEN-BEAM-WET-S,R&J Machine,R&amp;J Hidden-Beam Wet-Slip Lift,Marine,Boat Lifts,R&J Machine,R&amp;J Hidden-Beam Wet-Slip Lift,BEST JUDGMENT: new brand — verify subcategory routing with dev
RJ-HYDRAULIC-BOAT-LI,R&J Machine,R&amp;J Hydraulic Boat Lift,Marine,Boat Lifts,R&J Machine,R&amp;J Hydraulic Boat Lift,BEST JUDGMENT: new brand — verify subcategory routing with dev
RJ-HYDRAULIC-PWC-LIF,R&J Machine,R&amp;J Hydraulic PWC Lift,Marine,Boat Lifts,R&J Machine,R&amp;J Hydraulic PWC Lift,BEST JUDGMENT: new brand — verify subcategory routing with dev
RJ-HYDRO-EXTREME-BOA,R&J Machine,R&amp;J Hydro Extreme Boat Lift,Marine,Boat Lifts,R&J Machine,R&amp;J Hydro Extreme Boat Lift,BEST JUDGMENT: new brand — verify subcategory routing with dev
RJ-LIFT-UP-STEP-DOCK,R&J Machine,R&amp;J Lift-Up Step Dock,Marine,Boat Lifts,R&J Machine,R&amp;J Lift-Up Step Dock,BEST JUDGMENT: new brand — verify subcategory routing with dev
RJ-LUX-FLOATING-DOCK,R&J Machine,R&amp;J LUX Floating Dock System,Marine,Dock Systems,R&J Machine,R&amp;J LUX Floating Dock System,BEST JUDGMENT: new brand — verify subcategory routing with dev
RJ-MARINE-RAILWAY-SY,R&J Machine,R&amp;J Marine Railway System,Marine,Dock & Lift Equipment,R&J Machine,R&amp;J Marine Railway System,BEST JUDGMENT: new brand — verify subcategory routing with dev
RJ-TRUSS-PIPE-DOCK-A,R&J Machine,R&amp;J Truss Pipe Dock — Aluminum,Marine,Dock Systems,R&J Machine,R&amp;J Truss Pipe Dock — Aluminum,BEST JUDGMENT: new brand — verify subcategory routing with dev
RJ-VERTICAL-PONTOON-,R&J Machine,R&amp;J Vertical Pontoon Boat Lift,Marine,Boat Lifts,R&J Machine,R&amp;J Vertical Pontoon Boat Lift,BEST JUDGMENT: new brand — verify subcategory routing with dev
RJ-WAVEX-MODULAR-DOC,R&J Machine,R&amp;J WaveX Modular Dock System,Marine,Dock Systems,R&J Machine,R&amp;J WaveX Modular Dock System,BEST JUDGMENT: new brand — verify subcategory routing with dev
WAVE-ARMOR-OTTER-SWI,R&J Machine,Wave Armor Otter Swim Raft 8&#8217;x10&#8242;,Marine,Swim Platforms,Wave Armor,Otter Swim Raft 8&#8217;x10&#8242;,BEST JUDGMENT: new brand — verify subcategory routing with dev
WAVE-ARMOUR-PWC-WAVE,R&J Machine,Wave Armour PWC Wave Port,Marine,PWC Equipment,Wave Armor,PWC Wave Port,BEST JUDGMENT: new brand — verify subcategory routing with dev
