sku,product_title,brand,images_have_pre_search,images_found,status,best_image_url,all_image_urls,sources_tried,sources_found,needs_user_reference_shot,product_identity_flag,notes
MK-MK230PCL-26,Minn Kota Precision Charger MK 230 PCL,Minn Kota,0,8,resolved,https://johnsonoutdoors.widen.net/content/xlmknwxpnv/webp/MK_1832304_MK-230PCL_3q.webp?w=640,https://johnsonoutdoors.widen.net/content/xlmknwxpnv/webp/MK_1832304_MK-230PCL_3q.webp?w=640|https://johnsonoutdoors.widen.net/content/ihfv4ipdhx/webp/MK_1832304_MK-230PCL_3q2.webp?w=640|https://johnsonoutdoors.widen.net/content/3tcdnonype/webp/MK_1832304_MK-230PCL_Bottom.webp?w=640|https://johnsonoutdoors.widen.net/content/cxaamweypa/webp/MK_1832304_MK-230PCL_Full.webp?w=640|https://johnsonoutdoors.widen.net/content/l74c73hoyb/webp/MK_1832304_MK-230PCL_Top.webp?w=640,johnsonoutdoors.widen.net|echo-usa.com|echo-can.ca|hisunmotors.com|cubcadet.com|cubcadet.ca|partstown|jackssmallengines.com|northerntool.com|homedepot.ca|tscstores.ca|mowermagic.co.uk|ebay-active|ebay-sold|amazon.ca|wayback-machine|websearch-google|websearch-bing|manufacturer-direct,johnsonoutdoors.widen.net,False,,8 studio angles on official Minn Kota Widen CDN. Part 1832304. Verify URL accessibility before WP import.
MK-MK345PCL-26,Minn Kota Precision Charger MK 345 PCL,Minn Kota,0,8,resolved,https://johnsonoutdoors.widen.net/content/zdo1qqeztw/webp/MK_1833454_MK-345PCL_3q.webp?w=640,https://johnsonoutdoors.widen.net/content/zdo1qqeztw/webp/MK_1833454_MK-345PCL_3q.webp?w=640|https://johnsonoutdoors.widen.net/content/uip6ndfztj/webp/MK_1833454_MK-345PCL_Side1.webp?w=640|https://johnsonoutdoors.widen.net/content/gnanald35p/webp/MK_1833454_MK-345PCL_Side2.webp?w=640|https://johnsonoutdoors.widen.net/content/hqtd3lg87f/webp/MK_1833454_MK-345PCL_Full.webp?w=640|https://johnsonoutdoors.widen.net/content/i2pwimtwie/webp/MK_1833454_MK-345PCL_Bottom.webp?w=640,johnsonoutdoors.widen.net|echo-usa.com|echo-can.ca|hisunmotors.com|cubcadet.com|cubcadet.ca|partstown|jackssmallengines.com|northerntool.com|homedepot.ca|tscstores.ca|mowermagic.co.uk|ebay-active|ebay-sold|amazon.ca|wayback-machine|websearch-google|websearch-bing|manufacturer-direct,johnsonoutdoors.widen.net,False,,8 studio angles on official Minn Kota Widen CDN. Part 1833454.
MK-MKR30-26,Minn Kota Remote Power Switch MKR-30,Minn Kota,0,9,resolved,https://johnsonoutdoors.widen.net/content/s1cpd2inaa/webp/MK_1865130_MKR-30_RemotePowerSwitch_Main.webp?w=640,https://johnsonoutdoors.widen.net/content/s1cpd2inaa/webp/MK_1865130_MKR-30_RemotePowerSwitch_Main.webp?w=640|https://johnsonoutdoors.widen.net/content/1sllrqaw8l/webp/MK_1865130_MKR-30_SwitchB1.webp?w=640|https://johnsonoutdoors.widen.net/content/nmyoiwfuwq/webp/MK_1865130_MKR-30_SwitchB2.webp?w=640|https://johnsonoutdoors.widen.net/content/jnedyz33k7/webp/MK_1865130_MKR-30_SwitchW1.webp?w=640,johnsonoutdoors.widen.net|echo-usa.com|echo-can.ca|hisunmotors.com|cubcadet.com|cubcadet.ca|partstown|jackssmallengines.com|northerntool.com|homedepot.ca|tscstores.ca|mowermagic.co.uk|ebay-active|ebay-sold|amazon.ca|wayback-machine|websearch-google|websearch-bing|manufacturer-direct,johnsonoutdoors.widen.net,False,REVIEW: MKR-30 is the Minn Kota Remote Power Switch for QUEST trolling motors — NOT a 'Rapid Charger'. No MKR-30 charger exists in Minn Kota catalog. Verify SKU with Reyco/Casey.,9 studio angles on official Minn Kota Widen CDN. Part 1865130. Product title in Lightspeed may be incorrect — confirm what this unit actually is.
MK-EC15-BULK-26,Minn Kota Battery Charger Extension Cable EC-15,Minn Kota,0,1,resolved,https://johnsonoutdoors.widen.net/content/uhicyestdj/webp/MK_1820089_MK-EC-15_hero.webp?w=640,https://johnsonoutdoors.widen.net/content/uhicyestdj/webp/MK_1820089_MK-EC-15_hero.webp?w=640,johnsonoutdoors.widen.net|echo-usa.com|echo-can.ca|hisunmotors.com|cubcadet.com|cubcadet.ca|partstown|jackssmallengines.com|northerntool.com|homedepot.ca|tscstores.ca|mowermagic.co.uk|ebay-active|ebay-sold|amazon.ca|wayback-machine|websearch-google|websearch-bing|manufacturer-direct,johnsonoutdoors.widen.net,False,,EC-15 is a 15ft battery charger output extension cable (part 1820089). 1 hero image on Widen CDN. SKU suffix -BULK may mean this is sold in bulk — confirm with Reyco.
HB-MEGALIVE2-FWD-26,Humminbird MEGA Live 2 Forward Imaging Transducer,Humminbird,0,7,resolved,https://johnsonoutdoors.widen.net/content/u42hzrypq3/webp/HB_710310-1_MEGA_Live_2_alt1.webp?w=640,https://johnsonoutdoors.widen.net/content/u42hzrypq3/webp/HB_710310-1_MEGA_Live_2_alt1.webp?w=640|https://johnsonoutdoors.widen.net/content/wq6bjturkv/webp/HB_710310-1_MEGA_Live_2_alt2.webp?w=640|https://johnsonoutdoors.widen.net/content/ingkfluusb/webp/HB_710310-1_MEGA_Live_2_alt3.webp?w=640|https://johnsonoutdoors.widen.net/content/6z8ivrj0ib/webp/HB_710310-1_MEGA_Live_2_alt4.webp?w=640|https://johnsonoutdoors.widen.net/content/xo8t2jcwtp/webp/HB_710310-1_MEGA_Live_2_Lifestyle3_square.webp?w=640,johnsonoutdoors.widen.net|echo-usa.com|echo-can.ca|hisunmotors.com|cubcadet.com|cubcadet.ca|partstown|jackssmallengines.com|northerntool.com|homedepot.ca|tscstores.ca|mowermagic.co.uk|ebay-active|ebay-sold|amazon.ca|wayback-machine|websearch-google|websearch-bing|manufacturer-direct,johnsonoutdoors.widen.net,False,,7 studio+lifestyle images on official Humminbird Widen CDN. Part 710310-1.
HB-MEGALIVE2-TM-26,Humminbird MEGA Live 2 Transom Mount,Humminbird,0,7,resolved,https://johnsonoutdoors.widen.net/content/xmm4dnutgc/webp/HB_ML2_Transom_Mount_Alt1.webp?w=640,https://johnsonoutdoors.widen.net/content/xmm4dnutgc/webp/HB_ML2_Transom_Mount_Alt1.webp?w=640|https://johnsonoutdoors.widen.net/content/ojon1ik9qj/webp/HB_ML2_Transom_Mount_Alt2.webp?w=640|https://johnsonoutdoors.widen.net/content/odsuhsfvnp/webp/HB_ML2_Transom_Mount_Alt3.webp?w=640|https://johnsonoutdoors.widen.net/content/gpjygscxjc/webp/HB_ML2_Transom_Mount_Alt4.webp?w=640,johnsonoutdoors.widen.net|echo-usa.com|echo-can.ca|hisunmotors.com|cubcadet.com|cubcadet.ca|partstown|jackssmallengines.com|northerntool.com|homedepot.ca|tscstores.ca|mowermagic.co.uk|ebay-active|ebay-sold|amazon.ca|wayback-machine|websearch-google|websearch-bing|manufacturer-direct,johnsonoutdoors.widen.net,False,,7 studio angles on Widen CDN. Stainless steel transom bracket mount for MEGA Live 2 transducer.
HB-ICELIVE2-PM-26,Humminbird ICE Live 2 Portable Module,Humminbird,0,5,resolved,https://johnsonoutdoors.widen.net/content/mxhqqwh8pm/webp/HB_ICE_XPLORE9_CHO_ML2_Alt2.webp?w=640,https://johnsonoutdoors.widen.net/content/mxhqqwh8pm/webp/HB_ICE_XPLORE9_CHO_ML2_Alt2.webp?w=640|https://johnsonoutdoors.widen.net/content/duolqkqglt/webp/HB_ICE_X9_CHO_ML2_Alt1.webp?w=640|https://johnsonoutdoors.widen.net/content/euvshu7uq3/webp/HB_ICE_X9_CHO_ML2_Alt7.webp?w=640,johnsonoutdoors.widen.net|echo-usa.com|echo-can.ca|hisunmotors.com|cubcadet.com|cubcadet.ca|partstown|jackssmallengines.com|northerntool.com|homedepot.ca|tscstores.ca|mowermagic.co.uk|ebay-active|ebay-sold|amazon.ca|wayback-machine|websearch-google|websearch-bing|manufacturer-direct,johnsonoutdoors.widen.net,False,REVIEW: 'ICE LIVE 2 Portable Module' is not a standalone Humminbird SKU. Closest product is ICE XPLORE 9 + MEGA Live 2 Bundle (model 412340-1). Images are from the bundle page. Confirm with Reyco what this SKU actually is.,Images from ICE XPLORE + MEGA Live 2 bundle. 5 angles. Verify correct product before WP import.
HB-XPLORE-KIT-26,Humminbird Xplore Kit,Humminbird,0,8,resolved,https://johnsonoutdoors.widen.net/content/ujodbee1vt/webp/HB_XPLORE_9_alt1.webp?w=640,https://johnsonoutdoors.widen.net/content/ujodbee1vt/webp/HB_XPLORE_9_alt1.webp?w=640|https://johnsonoutdoors.widen.net/content/dnre4ea86c/webp/HB_XPLORE_9_alt2.webp?w=640|https://johnsonoutdoors.widen.net/content/1no8tlvpji/webp/HB_XPLORE_9_alt3.webp?w=640|https://johnsonoutdoors.widen.net/content/40jwbf2kfp/webp/HB_XPLORE_9_alt4.webp?w=640|https://johnsonoutdoors.widen.net/content/skgok2l77n/webp/HB_XPLORE_9_alt5.webp?w=640,johnsonoutdoors.widen.net|echo-usa.com|echo-can.ca|hisunmotors.com|cubcadet.com|cubcadet.ca|partstown|jackssmallengines.com|northerntool.com|homedepot.ca|tscstores.ca|mowermagic.co.uk|ebay-active|ebay-sold|amazon.ca|wayback-machine|websearch-google|websearch-bing|manufacturer-direct,johnsonoutdoors.widen.net,False,REVIEW: 'Xplore Kit' is not a recognized Humminbird product name. Closest match is XPLORE 9 CMSI+ Fish Finder (model 412000-1). Also XPLORE 10/12 variants exist. Images from XPLORE 9 page. Confirm which XPLORE variant this SKU refers to.,8 studio angles from XPLORE 9 product page on Widen CDN. Verify correct variant before WP import.
EC-PB760LNT-26,Echo PB-760LNT Low-Noise Backpack Blower,Echo,0,3,resolved,https://www.echo-usa.com/getattachment/47cf255a-4701-43a4-8a58-9bd46d4428b4/v2_ECHO_Blowers_PB-760LNT_StaticShot2.jpg,https://www.echo-usa.com/getattachment/47cf255a-4701-43a4-8a58-9bd46d4428b4/v2_ECHO_Blowers_PB-760LNT_StaticShot2.jpg|https://www.echo-usa.com/getattachment/3b41547f-efcb-4692-8bd2-a3c737f10b52/v2_ECHO_Blowers_PB-760LN_StaticShot3.jpg|https://www.echo-usa.com/getattachment/c5fc2566-b1f1-47a6-9adf-72c9786c494a/v2_ECHO_Blowers_PB-760LNT_StaticShot1.jpg,echo-usa.com|echo-can.ca|partstown|jackssmallengines.com|northerntool.com|homedepot.ca|tscstores.ca|mowermagic.co.uk|ebay-active|ebay-sold|amazon.ca|wayback-machine|websearch-google|websearch-bing|manufacturer-direct,echo-usa.com,False,,3 studio shots on echo-usa.com product page. Previous session flagged this as blocked (JS render) but getattachment URLs are direct CDN paths accessible without JS. echo-can.ca ECONNREFUSED. Verify URL accessibility — CDN auth may expire.
EC-SHC225-26,Echo SHC-225 Shafted Hedge Trimmer,Echo,0,2,resolved,https://www.echo-usa.com/getattachment/c7f77bf3-8c68-4551-beaf-7b49f31c7da2/v2_ECHO_Hedge-Trimmers_SHC-225_StaticShot2.jpg,https://www.echo-usa.com/getattachment/c7f77bf3-8c68-4551-beaf-7b49f31c7da2/v2_ECHO_Hedge-Trimmers_SHC-225_StaticShot2.jpg|https://www.echo-usa.com/getattachment/a4788873-4f30-4766-9c66-55a78f81651f/v2_ECHO_Hedge-Trimmers_SHC-225_StaticShot1.jpg,echo-usa.com|echo-can.ca|partstown|jackssmallengines.com|northerntool.com|homedepot.ca|tscstores.ca|mowermagic.co.uk|ebay-active|ebay-sold|amazon.ca|wayback-machine|websearch-google|websearch-bing|manufacturer-direct,echo-usa.com,False,,2 studio shots on echo-usa.com. SHC-225 has 33-inch shaft; differs from SHC-225S (shorter shaft). echo-can.ca ECONNREFUSED. Verify CDN URL accessibility before WP import.
EC-SHC225S-26,Echo SHC-225S Shafted Hedge Trimmer (S variant),Echo,0,3,resolved,https://www.echo-usa.com/getattachment/20ed33c3-8baf-4520-986a-be2d8c49c1ca/v2_ECHO_Hedge-Trimmers_SHC-225S_StaticShot2.jpg,https://www.echo-usa.com/getattachment/20ed33c3-8baf-4520-986a-be2d8c49c1ca/v2_ECHO_Hedge-Trimmers_SHC-225S_StaticShot2.jpg|https://www.echo-usa.com/getattachment/e8cbbbd7-41b1-4842-8028-5d574ff31d30/v2_ECHO_Hedge-Trimmers_SHC-225S_StaticShot1.jpg|https://images.homedepot.ca/productimages/p_1000466362.jpg?product-images=l,echo-usa.com|echo-can.ca|partstown|jackssmallengines.com|northerntool.com|homedepot.ca|tscstores.ca|mowermagic.co.uk|ebay-active|ebay-sold|amazon.ca|wayback-machine|websearch-google|websearch-bing|manufacturer-direct,echo-usa.com|homedepot.ca,False,,3 images: 2 from echo-usa.com CDN + 1 from homedepot.ca (SKU 1000466362). Shorter shaft variant vs SHC-225.
CC-CHALL750MX-26,Hisun Challenger 750 MX UTV,Hisun,0,6,resolved,https://atvedmonton.com/cdn/shop/files/37CYCCPK010_MX750_PFL.jpg?v=1740079737&width=1200,https://atvedmonton.com/cdn/shop/files/MX750.jpg?v=1740079737&width=1200|https://atvedmonton.com/cdn/shop/files/37CYCCPK010_MX750_PFL.jpg?v=1740079737&width=1200|https://atvedmonton.com/cdn/shop/files/37CYCCPK010_MX750_H.jpg?v=1740079737&width=1200|https://atvedmonton.com/cdn/shop/files/37CYCCPK010_MX750_R.jpg?v=1740079735&width=1200|https://atvedmonton.com/cdn/shop/files/37CYCCPK010_MX750_LT.jpg?v=1740079735&width=1200|https://atvedmonton.com/cdn/shop/files/37CYCCPK010_MX750_RT.jpg?v=1740079735&width=1200,hisunmotors.com|cubcadet.com|cubcadet.ca|partstown|jackssmallengines.com|northerntool.com|homedepot.ca|tscstores.ca|mowermagic.co.uk|ebay-active|ebay-sold|amazon.ca|wayback-machine|websearch-google|websearch-bing|manufacturer-direct|atvedmonton.com,atvedmonton.com,False,BRAND NOTE: Challenger 750 MX is a Cub Cadet product manufactured with Hisun engineering. Not sold under Hisun brand. Part# 37CYCCPK010. Brand in Lightspeed may be incorrect — confirm Hisun vs Cub Cadet branding for this unit.,6 multi-angle images on atvedmonton.com (Canadian ATV dealer Shopify CDN). cubcadet.com returned 403. hisunmotors.com does not list this model. Verify URL stability (dealer Shopify CDN may change).
CC-13A6A9TS596-LS,Cub Cadet XT1 LT42 42-in. 547cc IntelliPower,Cub Cadet,0,16,resolved,https://www.outillagesexpress.com/cdn/shop/files/Cub-Cadet_XT1LT42_IP_1.jpg?v=1776088169&width=2000,https://www.outillagesexpress.com/cdn/shop/files/Cub-Cadet_XT1LT42_IP_1.jpg?v=1776088169&width=2000|https://www.outillagesexpress.com/cdn/shop/files/Cub-Cadet_XT1LT42_IP_2.jpg?v=1776088177&width=2000|https://www.outillagesexpress.com/cdn/shop/files/Cub-Cadet_XT1LT42_IP_3.jpg?v=1776088164&width=2000|https://www.outillagesexpress.com/cdn/shop/files/Cub-Cadet_XT1LT42_IP_4.jpg?v=1776088168&width=2000|https://www.outillagesexpress.com/cdn/shop/files/Cub-Cadet_XT1LT42_IP_5.jpg?v=1776088166&width=2000,cubcadet.com|cubcadet.ca|homedepot.ca|tscstores.ca|partstown|jackssmallengines.com|northerntool.com|mowermagic.co.uk|ebay-active|ebay-sold|amazon.ca|wayback-machine|websearch-google|websearch-bing|manufacturer-direct|outillagesexpress.com|powerproequipmentonlinestore.com|arcolawn.com|bigredmotorsports.com|equipmentsearch.com|howardbrothers.com|rrsmallengine.com,outillagesexpress.com,False,,16 studio/multi-angle images at 2000px on outillagesexpress.com (Canadian Shopify dealer). cubcadet.com 403.
CC-13APA1TEA10-LS,Cub Cadet XT2 LX42 42-in. 20 HP,Cub Cadet,0,10,resolved,https://www.outillagesexpress.com/cdn/shop/files/Cub-Cadet_XT2_LX42_2000x2000_1.jpg?v=1776088206&width=2000,https://www.outillagesexpress.com/cdn/shop/files/Cub-Cadet_XT2_LX42_2000x2000_1.jpg?v=1776088206&width=2000|https://www.outillagesexpress.com/cdn/shop/files/Cub-Cadet_XT2_LX42_2000x2000_2.jpg?v=1776088204&width=2000|https://www.outillagesexpress.com/cdn/shop/files/Cub-Cadet_XT2_LX42_2000x2000_3.jpg?v=1776088208&width=2000|https://www.outillagesexpress.com/cdn/shop/files/Cub-Cadet_XT2_LX42_2000x2000_4.jpg?v=1776088210&width=2000|https://www.outillagesexpress.com/cdn/shop/files/Cub-Cadet_XT2_LX42_2000x2000_5.jpg?v=1776088212&width=2000,cubcadet.com|cubcadet.ca|homedepot.ca|tscstores.ca|partstown|jackssmallengines.com|northerntool.com|mowermagic.co.uk|ebay-active|ebay-sold|amazon.ca|wayback-machine|websearch-google|websearch-bing|manufacturer-direct|outillagesexpress.com|powerproequipmentonlinestore.com|arcolawn.com|bigredmotorsports.com|equipmentsearch.com|howardbrothers.com|rrsmallengine.com,outillagesexpress.com|powerproequipmentonlinestore.com,False,,10 studio images at 2000px on outillagesexpress.com (Canadian dealer).
CC-13APA1TNA10-LS,Cub Cadet XT2 LX46 46-in. 22 HP,Cub Cadet,0,6,resolved,https://powerproequipmentonlinestore.com/cdn/shop/files/Cub-Cadet_XT2_LX46_2000x2000_1.jpg?v=1739544136&width=1946,https://powerproequipmentonlinestore.com/cdn/shop/files/Cub-Cadet_XT2_LX46_2000x2000_1.jpg?v=1739544136&width=1946|https://powerproequipmentonlinestore.com/cdn/shop/files/Cub-Cadet_XT2_LX46_2000x2000_2.jpg?v=1739544149&width=1946|https://powerproequipmentonlinestore.com/cdn/shop/files/Cub-Cadet_XT2_LX46_2000x2000_3.jpg?v=1739544164&width=1946|https://powerproequipmentonlinestore.com/cdn/shop/files/Cub-Cadet_XT2_LX46_2000x2000_4.jpg?v=1739544181&width=1946|https://powerproequipmentonlinestore.com/cdn/shop/files/Cub-Cadet_XT2_LX46_2000x2000_5.jpg?v=1739544195&width=1946,cubcadet.com|cubcadet.ca|homedepot.ca|tscstores.ca|partstown|jackssmallengines.com|northerntool.com|mowermagic.co.uk|ebay-active|ebay-sold|amazon.ca|wayback-machine|websearch-google|websearch-bing|manufacturer-direct|outillagesexpress.com|powerproequipmentonlinestore.com|arcolawn.com|bigredmotorsports.com|equipmentsearch.com|howardbrothers.com|rrsmallengine.com,powerproequipmentonlinestore.com,False,,6 studio images on powerproequipmentonlinestore.com Shopify CDN.
CC-13APA9TTA10-LS,Cub Cadet XT1 LT46 46-in. 22 HP,Cub Cadet,0,4,resolved,https://powerproequipmentonlinestore.com/cdn/shop/files/Cub-Cadet_XT1LT46_New_2000x2000_8.jpg?v=1739545490&width=1946,https://powerproequipmentonlinestore.com/cdn/shop/files/Cub-Cadet_XT1LT46_New_2000x2000_8.jpg?v=1739545490&width=1946|https://powerproequipmentonlinestore.com/cdn/shop/files/2022_XT1_LT46_env.jpg?v=1739545490&width=1946|https://powerproequipmentonlinestore.com/cdn/shop/files/2022_XT1_LT46_LT.jpg?v=1739545490&width=1946|https://powerproequipmentonlinestore.com/cdn/shop/files/2022_XT1_LT46_RT.jpg?v=1739545490&width=1946,cubcadet.com|cubcadet.ca|homedepot.ca|tscstores.ca|partstown|jackssmallengines.com|northerntool.com|mowermagic.co.uk|ebay-active|ebay-sold|amazon.ca|wayback-machine|websearch-google|websearch-bing|manufacturer-direct|outillagesexpress.com|powerproequipmentonlinestore.com|arcolawn.com|bigredmotorsports.com|equipmentsearch.com|howardbrothers.com|rrsmallengine.com,powerproequipmentonlinestore.com,False,,4 images on powerproequipmentonlinestore.com. Fewer images than sibling models — may share SKU-level variation with CC-13B6A9TTA10-LS.
CC-13AQA1TLA10-LS,Cub Cadet XT1 LT50 50-in. 24 HP,Cub Cadet,0,11,resolved,https://powerproequipmentonlinestore.com/cdn/shop/files/Cub-Cadet_XT1LT50_New_2000x2000_9_1.jpg?v=1739545341&width=1946,https://powerproequipmentonlinestore.com/cdn/shop/files/Cub-Cadet_XT1LT50_New_2000x2000_9_1.jpg?v=1739545341&width=1946|https://powerproequipmentonlinestore.com/cdn/shop/files/Cub-Cadet_XT1LT50_New_2000x2000_2.jpg?v=1746037070&width=1946|https://powerproequipmentonlinestore.com/cdn/shop/files/Cub-Cadet_XT1LT50_New_2000x2000_3.jpg?v=1746037070&width=1946|https://powerproequipmentonlinestore.com/cdn/shop/files/Cub-Cadet_XT1LT50_New_2000x2000_4.jpg?v=1746037163&width=1946|https://powerproequipmentonlinestore.com/cdn/shop/files/Cub-Cadet_XT1LT50_New_2000x2000_5.jpg?v=1746037163&width=1946,cubcadet.com|cubcadet.ca|homedepot.ca|tscstores.ca|partstown|jackssmallengines.com|northerntool.com|mowermagic.co.uk|ebay-active|ebay-sold|amazon.ca|wayback-machine|websearch-google|websearch-bing|manufacturer-direct|outillagesexpress.com|powerproequipmentonlinestore.com|arcolawn.com|bigredmotorsports.com|equipmentsearch.com|howardbrothers.com|rrsmallengine.com,powerproequipmentonlinestore.com,False,,11 studio images on powerproequipmentonlinestore.com.
CC-13B5A2TLA10-LS,Cub Cadet XT2 SLX50,Cub Cadet,0,10,resolved,https://powerproequipmentonlinestore.com/cdn/shop/files/ghbfghf.jpg?v=1742407753&width=1946,https://powerproequipmentonlinestore.com/cdn/shop/files/ghbfghf.jpg?v=1742407753&width=1946|https://powerproequipmentonlinestore.com/cdn/shop/files/gfnfn.jpg?v=1742407754&width=1946|https://powerproequipmentonlinestore.com/cdn/shop/files/fghfgg.jpg?v=1742407758&width=1946|https://powerproequipmentonlinestore.com/cdn/shop/files/k_u.jpg?v=1742407760&width=1946|https://powerproequipmentonlinestore.com/cdn/shop/files/muymy.jpg?v=1742407765&width=1946,cubcadet.com|cubcadet.ca|homedepot.ca|tscstores.ca|partstown|jackssmallengines.com|northerntool.com|mowermagic.co.uk|ebay-active|ebay-sold|amazon.ca|wayback-machine|websearch-google|websearch-bing|manufacturer-direct|outillagesexpress.com|powerproequipmentonlinestore.com|arcolawn.com|bigredmotorsports.com|equipmentsearch.com|howardbrothers.com|rrsmallengine.com,powerproequipmentonlinestore.com,False,"REVIEW: Lightspeed title says 'NX 15 SLX50' but model 13B5A2TLA10 is the XT2 SLX50 in all official/dealer catalogs. 'NX 15' designation not found anywhere. ALSO: same product as CC-SLX50-LS — possible duplicate SKU, confirm with Reyco.",10 images on powerproequipmentonlinestore.com. Obfuscated filenames but 200 OK.
CC-13B6A9TTA10-LS,Cub Cadet XT1 LT46 46-in. 547cc IntelliPower,Cub Cadet,0,15,resolved,https://equipmentsearch.com/uploadedimages/8145/37494238.jpg,https://equipmentsearch.com/uploadedimages/8145/37494238.jpg|https://equipmentsearch.com/uploadedimages/8145/37494238_7.jpg|https://equipmentsearch.com/uploadedimages/8145/37494238_1.jpg|https://equipmentsearch.com/uploadedimages/8145/37494238_2.jpg|https://equipmentsearch.com/uploadedimages/8145/37494238_3.jpg,cubcadet.com|cubcadet.ca|homedepot.ca|tscstores.ca|partstown|jackssmallengines.com|northerntool.com|mowermagic.co.uk|ebay-active|ebay-sold|amazon.ca|wayback-machine|websearch-google|websearch-bing|manufacturer-direct|outillagesexpress.com|powerproequipmentonlinestore.com|arcolawn.com|bigredmotorsports.com|equipmentsearch.com|howardbrothers.com|rrsmallengine.com,equipmentsearch.com (via rrsmallengine.com Canadian dealer),False,,"15 multi-angle images via R&R Small Engine Repair (Alexandria, ON) on equipmentsearch.com CDN. Canadian dealer source. Verify URL stability before WP import."
CC-13CC1JD596-LS,Cub Cadet CC30H Compact Rear-Engine Riding Mower,Cub Cadet,0,6,resolved,https://www.arcolawn.com/cdn/shop/files/cub-cadet-cc30h-mini-riding-mower-cub-13bc21jda10-arco-lawn-equipment-349260.jpg?v=1756327508&width=1000,https://www.arcolawn.com/cdn/shop/files/cub-cadet-cc30h-mini-riding-mower-cub-13bc21jda10-arco-lawn-equipment-349260.jpg?v=1756327508&width=1000|https://www.arcolawn.com/cdn/shop/files/cub-cadet-cc30h-mini-riding-mower-cub-13bc21jda10-arco-lawn-equipment-968615.jpg?v=1756327508&width=1000|https://www.arcolawn.com/cdn/shop/files/cub-cadet-cc30h-mini-riding-mower-cub-13bc21jda10-arco-lawn-equipment-398858.jpg?v=1756327508&width=1000|https://www.arcolawn.com/cdn/shop/files/cub-cadet-cc30h-mini-riding-mower-cub-13bc21jda10-arco-lawn-equipment-796617.jpg?v=1756327508&width=1000|https://www.arcolawn.com/cdn/shop/files/cub-cadet-cc30h-mini-riding-mower-cub-13bc21jda10-arco-lawn-equipment-335008.jpg?v=1756327508&width=1000|https://www.arcolawn.com/cdn/shop/files/cub-cadet-cc30h-mini-riding-mower-cub-13bc21jda10-arco-lawn-equipment-999652.jpg?v=1756327508&width=1000,cubcadet.com|cubcadet.ca|homedepot.ca|tscstores.ca|partstown|jackssmallengines.com|northerntool.com|mowermagic.co.uk|ebay-active|ebay-sold|amazon.ca|wayback-machine|websearch-google|websearch-bing|manufacturer-direct|outillagesexpress.com|powerproequipmentonlinestore.com|arcolawn.com|bigredmotorsports.com|equipmentsearch.com|howardbrothers.com|rrsmallengine.com,arcolawn.com,False,"REVIEW: CC30H is a compact REAR-ENGINE RIDING MOWER, not a walk-behind. Lightspeed title says 'Walk-Behind' — incorrect. Also check model number: Lightspeed has 13CC1JD596 but Canadian model is 13CC21JD596 (extra '2'). Confirm with Reyco.",6 multi-angle images at 1000px on arcolawn.com Shopify CDN. Note dealer URL stability risk.
CC-ACSRY:RZTL:50-54-60--LS,Cub Cadet 50/54/60 Deck Triple Bagger Attachment,Cub Cadet,0,10,resolved,https://cdpcdn.dx1app.com/products/USA/CC/2025/MOWERIMP/BAGGER/TRIPLE_BAGGER_FOR_50_54_AND_60_IN_DECKS_ULTIMA_SER/50/BLACK/2000000001_480px.jpg,https://cdpcdn.dx1app.com/products/USA/CC/2025/MOWERIMP/BAGGER/TRIPLE_BAGGER_FOR_50_54_AND_60_IN_DECKS_ULTIMA_SER/50/BLACK/2000000001_480px.jpg|https://cdpcdn.dx1app.com/products/USA/CC/2025/MOWERIMP/BAGGER/TRIPLE_BAGGER_FOR_50_54_AND_60_IN_DECKS_ULTIMA_SER/50/BLACK/2000000002_480px.jpg|https://cdpcdn.dx1app.com/products/USA/CC/2025/MOWERIMP/BAGGER/TRIPLE_BAGGER_FOR_50_54_AND_60_IN_DECKS_ULTIMA_SER/50/BLACK/2000000003_480px.jpg,cubcadet.com|cubcadet.ca|homedepot.ca|tscstores.ca|partstown|jackssmallengines.com|northerntool.com|mowermagic.co.uk|ebay-active|ebay-sold|amazon.ca|wayback-machine|websearch-google|websearch-bing|manufacturer-direct|outillagesexpress.com|powerproequipmentonlinestore.com|arcolawn.com|bigredmotorsports.com|equipmentsearch.com|howardbrothers.com|rrsmallengine.com,cdpcdn.dx1app.com (Cub Cadet DX1 dealer platform),False,NOTE: SKU 'RZTL' suggests RZT-L zero-turn bagger. The 50/54/60-inch triple bagger fits Ultima ZT2/ZT3 decks (part 19A70056100). Images at 480px — full-res available by removing '_480px' suffix. Confirm deck compatibility with Reyco.,10 images from Cub Cadet DX1 dealer platform CDN (cdpcdn.dx1app.com). Official Cub Cadet dealer image source — stable.
CC-SLX50-LS,Cub Cadet XT2 SLX50,Cub Cadet,0,10,resolved,https://powerproequipmentonlinestore.com/cdn/shop/files/ghbfghf.jpg?v=1742407753&width=1946,https://powerproequipmentonlinestore.com/cdn/shop/files/ghbfghf.jpg?v=1742407753&width=1946|https://powerproequipmentonlinestore.com/cdn/shop/files/gfnfn.jpg?v=1742407754&width=1946|https://powerproequipmentonlinestore.com/cdn/shop/files/fghfgg.jpg?v=1742407758&width=1946|https://powerproequipmentonlinestore.com/cdn/shop/files/k_u.jpg?v=1742407760&width=1946|https://powerproequipmentonlinestore.com/cdn/shop/files/muymy.jpg?v=1742407765&width=1946,cubcadet.com|cubcadet.ca|homedepot.ca|tscstores.ca|partstown|jackssmallengines.com|northerntool.com|mowermagic.co.uk|ebay-active|ebay-sold|amazon.ca|wayback-machine|websearch-google|websearch-bing|manufacturer-direct|outillagesexpress.com|powerproequipmentonlinestore.com|arcolawn.com|bigredmotorsports.com|equipmentsearch.com|howardbrothers.com|rrsmallengine.com,powerproequipmentonlinestore.com,False,REVIEW: Same product as CC-13B5A2TLA10-LS (both are XT2 SLX50 model 13B5A2TLA10). Possible duplicate SKU in Lightspeed — confirm with Reyco whether these should be merged.,Same images as CC-13B5A2TLA10-LS. Confirm if duplicate SKU before WP import.
