wc_sku,brand,tag_subcategory,tag_product_name,seo_title,seo_title_chars,meta_description,meta_chars,review_notes
2014-MERCURY-50-ELHP,Mercury,Outboards,50 HP Electric Start EFI Outboard,50 HP Electric Start EFI Outboard | Mercury | Reyco Marine,58,"50 HP Electric Start EFI Outboard from Mercury — certified Mercury dealer, Sault Ste. Marie. 4-stroke outboard for Northern Ontario boating. Reyco Marine.",154,
2021-MERCURY-ME-2-5M,Mercury,Outboards,2.5 HP Outboard,2.5 HP Outboard | Mercury | Reyco Marine,40,"2.5 HP Outboard from Mercury — certified Mercury dealer, Sault Ste. Marie. 4-stroke outboard for Northern Ontario boating. Reyco Marine.",136,
2021-MERCURY-ME-20-E,Mercury,Outboards,20 HP Electric Start Outboard,20 HP Electric Start Outboard | Mercury | Reyco Marine,54,"20 HP Electric Start Outboard from Mercury — certified Mercury dealer, Sault Ste. Marie. 4-stroke outboard for Northern Ontario boating. Reyco Marine.",150,
2021-MERCURY-ME-5-MH,Mercury,Outboards,5 HP Liquid Propane Outboard Motor,5 HP Liquid Propane Outboard Motor | Mercury | Reyco Marine,59,"5 HP Liquid Propane Outboard Motor from Mercury — certified Mercury dealer, Sault Ste. Marie. 4-stroke outboard for Northern Ontario boating. Reyco Marine.",155,
2022-EASY-HAULER-AL-,Easy Hauler,Boat Trailers,"20-Foot Drive-On Bunk Boat Trailer — 2,600 lb Capacity","20-Foot Drive-On Bunk Boat Trailer — 2,600 lb Capacity | Easy Hauler | Reyco Marine",83,"Boat trailer from Easy Hauler at Reyco Marine, Sault Ste. Marie — Northern Ontario marine dealer since 1970. Financing available.",129,
2022-MERCURY-ME-15-E,Mercury,Outboards,15 HP Electric Start Outboard,15 HP Electric Start Outboard | Mercury | Reyco Marine,54,"15 HP Electric Start Outboard from Mercury — certified Mercury dealer, Sault Ste. Marie. 4-stroke outboard for Northern Ontario boating. Reyco Marine.",150,
2022-MERCURY-ME-20-M,Mercury,Outboards,20 HP Outboard,20 HP Outboard | Mercury | Reyco Marine,39,"20 HP Outboard from Mercury — certified Mercury dealer, Sault Ste. Marie. 4-stroke outboard for Northern Ontario boating. Reyco Marine.",135,
2022-MERCURY-ME-30-E,Mercury,Outboards,30 HP EFI Outboard,30 HP EFI Outboard | Mercury | Reyco Marine,43,"30 HP EFI Outboard from Mercury — certified Mercury dealer, Sault Ste. Marie. 4-stroke outboard for Northern Ontario boating. Reyco Marine.",139,
2022-MERCURY-ME-4MH-,Mercury,Outboards,4 HP Outboard,4 HP Outboard | Mercury | Reyco Marine,38,"4 HP Outboard from Mercury — certified Mercury dealer, Sault Ste. Marie. 4-stroke outboard for Northern Ontario boating. Reyco Marine.",134,
2022-MERCURY-ME-5-MX,Mercury,Outboards,5 HP Liquid Propane Sailboat Outboard Motor,5 HP Liquid Propane Sailboat Outboard Motor | Mercury | Reyco Marine,68,"5 HP Liquid Propane Sailboat Outboard Motor from Mercury — certified Mercury dealer, Sault Ste. Marie. 4-stroke outboard for Northern Ontario boating....",153,
2022-MERCURY-ME-60-E,Mercury,Outboards,60 HP EFI Outboard,60 HP EFI Outboard | Mercury | Reyco Marine,43,"60 HP EFI Outboard from Mercury — certified Mercury dealer, Sault Ste. Marie. 4-stroke outboard for Northern Ontario boating. Reyco Marine.",139,
2022-MERCURY-ME-8MH-,Mercury,Outboards,8 HP Outboard,8 HP Outboard | Mercury | Reyco Marine,38,"8 HP Outboard from Mercury — certified Mercury dealer, Sault Ste. Marie. 4-stroke outboard for Northern Ontario boating. Reyco Marine.",134,
2022-MERCURY-ME-9-9E,Mercury,Outboards,9.9 HP Electric Start Outboard,9.9 HP Electric Start Outboard | Mercury | Reyco Marine,55,"9.9 HP Electric Start Outboard from Mercury — certified Mercury dealer, Sault Ste. Marie. 4-stroke outboard for Northern Ontario boating. Reyco Marine.",151,
2022-TORO-74055,Toro,Zero Turn Mowers,Toro TimeCutter Zero Turn Mower,Toro TimeCutter Zero Turn Mower | Toro | Reyco Marine,53,"Toro TimeCutter Zero Turn Mower from Toro at Reyco Marine — zero-turn mower, fast precise cut. Toro dealer, Sault Ste. Marie. Service available.",144,Multiple SKUs with same name — add deck width differentiator when Casey/LS confirms
2023-CUB-CADET-17AIE,Cub Cadet,Zero Turn Mowers,ZT2 54 Zero Turn,ZT2 54 Zero Turn | Cub Cadet | Reyco Marine,43,"ZT2 54 Zero Turn from Cub Cadet at Reyco Marine — zero-turn mower, fast precise cut. Cub Cadet dealer, Sault Ste. Marie. Service available.",139,
2023-CUB-CADET-17ARG,Cub Cadet,Zero Turn Mowers,ZT2 42 Zero Turn,ZT2 42 Zero Turn | Cub Cadet | Reyco Marine,43,"ZT2 42 Zero Turn from Cub Cadet at Reyco Marine — zero-turn mower, fast precise cut. Cub Cadet dealer, Sault Ste. Marie. Service available.",139,
2023-MERCURY-115-PRO,Mercury,Outboards,115 HP Pro XS Outboard,115 HP Pro XS Outboard | Mercury | Reyco Marine,47,"115 HP Pro XS Outboard from Mercury — certified Mercury dealer, Sault Ste. Marie. 4-stroke outboard for Northern Ontario boating. Reyco Marine.",143,
2023-MERCURY-60-ELPT,Mercury,Outboards,60 HP Outboard,60 HP Outboard | Mercury | Reyco Marine,39,"60 HP Outboard from Mercury — certified Mercury dealer, Sault Ste. Marie. 4-stroke outboard for Northern Ontario boating. Reyco Marine.",135,
2023-MERCURY-90-EXLP,Mercury,Outboards,90 HP Command Thrust Outboard,90 HP Command Thrust Outboard | Mercury | Reyco Marine,54,"90 HP Command Thrust Outboard from Mercury — certified Mercury dealer, Sault Ste. Marie. 4-stroke outboard for Northern Ontario boating. Reyco Marine.",150,
2023-MERCURY-ME-15-E,Mercury,Outboards,15 HP Electric Start Outboard,15 HP Electric Start Outboard | Mercury | Reyco Marine,54,"15 HP Electric Start Outboard from Mercury — certified Mercury dealer, Sault Ste. Marie. 4-stroke outboard for Northern Ontario boating. Reyco Marine.",150,
2023-MERCURY-ME-20-M,Mercury,Outboards,20 HP Outboard,20 HP Outboard | Mercury | Reyco Marine,39,"20 HP Outboard from Mercury — certified Mercury dealer, Sault Ste. Marie. 4-stroke outboard for Northern Ontario boating. Reyco Marine.",135,
2023-MERCURY-ME-25-E,Mercury,Outboards,25 HP EFI Outboard,25 HP EFI Outboard | Mercury | Reyco Marine,43,"25 HP EFI Outboard from Mercury — certified Mercury dealer, Sault Ste. Marie. 4-stroke outboard for Northern Ontario boating. Reyco Marine.",139,
2023-MERCURY-ME-3-5M,Mercury,Outboards,3.5 HP Outboard,3.5 HP Outboard | Mercury | Reyco Marine,40,"3.5 HP Outboard from Mercury — certified Mercury dealer, Sault Ste. Marie. 4-stroke outboard for Northern Ontario boating. Reyco Marine.",136,
2023-MERCURY-ME-30-E,Mercury,Outboards,30 HP Electric Start EFI Outboard,30 HP Electric Start EFI Outboard | Mercury | Reyco Marine,58,"30 HP Electric Start EFI Outboard from Mercury — certified Mercury dealer, Sault Ste. Marie. 4-stroke outboard for Northern Ontario boating. Reyco Marine.",154,
2023-MERCURY-ME-40-E,Mercury,Outboards,40 HP Electric Start EFI Outboard,40 HP Electric Start EFI Outboard | Mercury | Reyco Marine,58,"40 HP Electric Start EFI Outboard from Mercury — certified Mercury dealer, Sault Ste. Marie. 4-stroke outboard for Northern Ontario boating. Reyco Marine.",154,
2023-MERCURY-ME-6MH,Mercury,Outboards,6 HP Outboard,6 HP Outboard | Mercury | Reyco Marine,38,"6 HP Outboard from Mercury — certified Mercury dealer, Sault Ste. Marie. 4-stroke outboard for Northern Ontario boating. Reyco Marine.",134,
2023-MERCURY-ME-9-9E,Mercury,Outboards,9.9 HP Electric Start Outboard,9.9 HP Electric Start Outboard | Mercury | Reyco Marine,55,"9.9 HP Electric Start Outboard from Mercury — certified Mercury dealer, Sault Ste. Marie. 4-stroke outboard for Northern Ontario boating. Reyco Marine.",151,
2023-PRINCECRAFT-SPO,Princecraft,Fishing Boats,Sportfisher 21,Sportfisher 21 | Princecraft | Reyco Marine,43,"Sportfisher 21 from Princecraft at Reyco Marine — authorized Princecraft dealer, Sault Ste. Marie. Built for Northern Ontario lakes. Financing available.",153,
2024-CUB-CADET-17AIE,Cub Cadet,Zero Turn Mowers,ZT2 54 Zero Turn,ZT2 54 Zero Turn | Cub Cadet | Reyco Marine,43,"ZT2 54 Zero Turn from Cub Cadet at Reyco Marine — zero-turn mower, fast precise cut. Cub Cadet dealer, Sault Ste. Marie. Service available.",139,
2024-CUB-CADET-17ARG,Cub Cadet,Zero Turn Mowers,ZT2 42 Zero Turn,ZT2 42 Zero Turn | Cub Cadet | Reyco Marine,43,"ZT2 42 Zero Turn from Cub Cadet at Reyco Marine — zero-turn mower, fast precise cut. Cub Cadet dealer, Sault Ste. Marie. Service available.",139,
2024-EASY-HAULER-AL-,Easy Hauler,Boat Trailers,1000 lb Bunk Trailer,1000 lb Bunk Trailer | Easy Hauler | Reyco Marine,49,"1000 lb Bunk Trailer from Easy Hauler at Reyco Marine, Sault Ste. Marie — boat trailer for Northern Ontario. Marine dealer since 1970. Financing available.",155,
2024-MERCURY-ME-15-E,Mercury,Outboards,15 HP Electric Start Outboard,15 HP Electric Start Outboard | Mercury | Reyco Marine,54,"15 HP Electric Start Outboard from Mercury — certified Mercury dealer, Sault Ste. Marie. 4-stroke outboard for Northern Ontario boating. Reyco Marine.",150,
2024-MERCURY-ME-25-E,Mercury,Outboards,25 HP Electric Start EFI Outboard,25 HP Electric Start EFI Outboard | Mercury | Reyco Marine,58,"25 HP Electric Start EFI Outboard from Mercury — certified Mercury dealer, Sault Ste. Marie. 4-stroke outboard for Northern Ontario boating. Reyco Marine.",154,
2024-MERCURY-ME-4MH-,Mercury,Outboards,4 HP Outboard,4 HP Outboard | Mercury | Reyco Marine,38,"4 HP Outboard from Mercury — certified Mercury dealer, Sault Ste. Marie. 4-stroke outboard for Northern Ontario boating. Reyco Marine.",134,
2024-MERCURY-ME-50-E,Mercury,Outboards,50 HP EFI Outboard,50 HP EFI Outboard | Mercury | Reyco Marine,43,"50 HP EFI Outboard from Mercury — certified Mercury dealer, Sault Ste. Marie. 4-stroke outboard for Northern Ontario boating. Reyco Marine.",139,
2024-MERCURY-ME-60-E,Mercury,Outboards,60 HP EFI Outboard,60 HP EFI Outboard | Mercury | Reyco Marine,43,"60 HP EFI Outboard from Mercury — certified Mercury dealer, Sault Ste. Marie. 4-stroke outboard for Northern Ontario boating. Reyco Marine.",139,
2024-MERCURY-ME-6MLH,Mercury,Outboards,6 HP Outboard,6 HP Outboard | Mercury | Reyco Marine,38,"6 HP Outboard from Mercury — certified Mercury dealer, Sault Ste. Marie. 4-stroke outboard for Northern Ontario boating. Reyco Marine.",134,
2024-MERCURY-ME-8EH-,Mercury,Outboards,8 HP Electric Start Outboard,8 HP Electric Start Outboard | Mercury | Reyco Marine,53,"8 HP Electric Start Outboard from Mercury — certified Mercury dealer, Sault Ste. Marie. 4-stroke outboard for Northern Ontario boating. Reyco Marine.",149,
2024-PRINCECRAFT-RES,Princecraft,Pontoons,Resorter 160,Resorter 160 | Princecraft | Reyco Marine,41,"Resorter 160 from Princecraft at Reyco Marine — authorized Princecraft dealer, Sault Ste. Marie. Built for Northern Ontario lakes. Financing available.",151,
2024-TORO-74532,Toro,Zero Turn Mowers,Toro GrandStand HDM Zero Turn Mower,Toro GrandStand HDM Zero Turn Mower | Toro | Reyco Marine,57,"Toro GrandStand HDM Zero Turn Mower from Toro at Reyco Marine — zero-turn mower, fast precise cut. Toro dealer, Sault Ste. Marie. Service available.",148,Multiple SKUs with same name — add deck width differentiator when Casey/LS confirms
2024-TORO-74532-2,Toro,Zero Turn Mowers,Toro GrandStand HDM Zero Turn Mower,Toro GrandStand HDM Zero Turn Mower | Toro | Reyco Marine,57,"Toro GrandStand HDM Zero Turn Mower from Toro at Reyco Marine — zero-turn mower, fast precise cut. Toro dealer, Sault Ste. Marie. Service available.",148,Multiple SKUs with same name — add deck width differentiator when Casey/LS confirms
2024-TRAILER-X,Easy Hauler,Boat Trailers,Boat Trailer,Boat Trailer | Easy Hauler | Reyco Marine,41,"Boat Trailer from Easy Hauler at Reyco Marine, Sault Ste. Marie — boat trailer for Northern Ontario. Marine dealer since 1970. Financing available.",147,
2024-TRAILER-X-2,Easy Hauler,Boat Trailers,Boat Trailer,Boat Trailer | Easy Hauler | Reyco Marine,41,"Boat Trailer from Easy Hauler at Reyco Marine, Sault Ste. Marie — boat trailer for Northern Ontario. Marine dealer since 1970. Financing available.",147,
2025-CUB-CADET-17ARG,Cub Cadet,Zero Turn Mowers,ZT2 42 Zero Turn,ZT2 42 Zero Turn | Cub Cadet | Reyco Marine,43,"ZT2 42 Zero Turn from Cub Cadet at Reyco Marine — zero-turn mower, fast precise cut. Cub Cadet dealer, Sault Ste. Marie. Service available.",139,
2025-EASY-HAULER-125,Easy Hauler,Boat Trailers,1250 lb Bunk Trailer,1250 lb Bunk Trailer | Easy Hauler | Reyco Marine,49,"1250 lb Bunk Trailer from Easy Hauler at Reyco Marine, Sault Ste. Marie — boat trailer for Northern Ontario. Marine dealer since 1970. Financing available.",155,
2025-MERCURY-40-ELPT,Mercury,Outboards,40 HP Outboard,40 HP Outboard | Mercury | Reyco Marine,39,"40 HP Outboard from Mercury — certified Mercury dealer, Sault Ste. Marie. 4-stroke outboard for Northern Ontario boating. Reyco Marine.",135,
2025-MERCURY-75-ELPT,Mercury,Outboards,75 HP Outboard,75 HP Outboard | Mercury | Reyco Marine,39,"75 HP Outboard from Mercury — certified Mercury dealer, Sault Ste. Marie. 4-stroke outboard for Northern Ontario boating. Reyco Marine.",135,
2025-MERCURY-ME-2-5M,Mercury,Outboards,2.5 HP Outboard,2.5 HP Outboard | Mercury | Reyco Marine,40,"2.5 HP Outboard from Mercury — certified Mercury dealer, Sault Ste. Marie. 4-stroke outboard for Northern Ontario boating. Reyco Marine.",136,
2025-MERCURY-ME-20-E,Mercury,Outboards,20 HP Electric Start Outboard,20 HP Electric Start Outboard | Mercury | Reyco Marine,54,"20 HP Electric Start Outboard from Mercury — certified Mercury dealer, Sault Ste. Marie. 4-stroke outboard for Northern Ontario boating. Reyco Marine.",150,
2025-MERCURY-ME-20-M,Mercury,Outboards,20 HP Outboard,20 HP Outboard | Mercury | Reyco Marine,39,"20 HP Outboard from Mercury — certified Mercury dealer, Sault Ste. Marie. 4-stroke outboard for Northern Ontario boating. Reyco Marine.",135,
2025-MERCURY-ME-25-E,Mercury,Outboards,25 HP EFI Outboard,25 HP EFI Outboard | Mercury | Reyco Marine,43,"25 HP EFI Outboard from Mercury — certified Mercury dealer, Sault Ste. Marie. 4-stroke outboard for Northern Ontario boating. Reyco Marine.",139,
2025-MERCURY-ME-50-E,Mercury,Outboards,50 HP Electric Start EFI Outboard,50 HP Electric Start EFI Outboard | Mercury | Reyco Marine,58,"50 HP Electric Start EFI Outboard from Mercury — certified Mercury dealer, Sault Ste. Marie. 4-stroke outboard for Northern Ontario boating. Reyco Marine.",154,
2025-MERCURY-ME-5MH,Mercury,Outboards,5 HP Outboard,5 HP Outboard | Mercury | Reyco Marine,38,"5 HP Outboard from Mercury — certified Mercury dealer, Sault Ste. Marie. 4-stroke outboard for Northern Ontario boating. Reyco Marine.",134,
2025-MERCURY-ME-5MH-,Mercury,Outboards,5 HP Outboard,5 HP Outboard | Mercury | Reyco Marine,38,"5 HP Outboard from Mercury — certified Mercury dealer, Sault Ste. Marie. 4-stroke outboard for Northern Ontario boating. Reyco Marine.",134,
2025-MERCURY-ME-60-E,Mercury,Outboards,60 HP Electric Start Command Thrust Outboard,60 HP Electric Start Command Thrust Outboard | Mercury | Reyco Marine,69,"60 HP Electric Start Command Thrust Outboard from Mercury — certified Mercury dealer, Sault Ste. Marie. 4-stroke outboard for Northern Ontario boating....",154,
2025-MERCURY-ME-6MH,Mercury,Outboards,6 HP Outboard,6 HP Outboard | Mercury | Reyco Marine,38,"6 HP Outboard from Mercury — certified Mercury dealer, Sault Ste. Marie. 4-stroke outboard for Northern Ontario boating. Reyco Marine.",134,
2025-MERCURY-ME-6MH-,Mercury,Outboards,6 HP Outboard,6 HP Outboard | Mercury | Reyco Marine,38,"6 HP Outboard from Mercury — certified Mercury dealer, Sault Ste. Marie. 4-stroke outboard for Northern Ontario boating. Reyco Marine.",134,
2025-MERCURY-ME-9-9M,Mercury,Outboards,9.9 HP Outboard,9.9 HP Outboard | Mercury | Reyco Marine,40,"9.9 HP Outboard from Mercury — certified Mercury dealer, Sault Ste. Marie. 4-stroke outboard for Northern Ontario boating. Reyco Marine.",136,
2025-PRINCECRAFT-AMA,Princecraft,Fishing Boats,Amarok 166,Amarok 166 | Princecraft | Reyco Marine,39,"Amarok 166 from Princecraft at Reyco Marine — authorized Princecraft dealer, Sault Ste. Marie. Built for Northern Ontario lakes. Financing available.",149,
2025-TORO-77502,Toro,Zero Turn Mowers,Toro TimeCutter Max MyRide Zero Turn Mower,Toro TimeCutter Max MyRide Zero Turn Mower | Toro | Reyco Marine,64,"Toro TimeCutter Max MyRide Zero Turn Mower from Toro at Reyco Marine — zero-turn mower, fast precise cut. Toro dealer, Sault Ste. Marie. Service available.",155,Multiple SKUs with same name — add deck width differentiator when Casey/LS confirms
2025-TORO-77507,Toro,Zero Turn Mowers,Toro Z Master Commercial Zero Turn Mower,Toro Z Master Commercial Zero Turn Mower | Toro | Reyco Marine,62,"Toro Z Master Commercial Zero Turn Mower from Toro at Reyco Marine — zero-turn mower, fast precise cut. Toro dealer, Sault Ste. Marie. Service available.",153,
2025-TRAILER-X,Easy Hauler,Boat Trailers,Boat Trailer,Boat Trailer | Easy Hauler | Reyco Marine,41,"Boat Trailer from Easy Hauler at Reyco Marine, Sault Ste. Marie — boat trailer for Northern Ontario. Marine dealer since 1970. Financing available.",147,
2025-TRAILER-X-2,Easy Hauler,Boat Trailers,Boat Trailer,Boat Trailer | Easy Hauler | Reyco Marine,41,"Boat Trailer from Easy Hauler at Reyco Marine, Sault Ste. Marie — boat trailer for Northern Ontario. Marine dealer since 1970. Financing available.",147,
2025-TRAILER-X-3,Easy Hauler,Boat Trailers,Boat Trailer,Boat Trailer | Easy Hauler | Reyco Marine,41,"Boat Trailer from Easy Hauler at Reyco Marine, Sault Ste. Marie — boat trailer for Northern Ontario. Marine dealer since 1970. Financing available.",147,
2025-TRAILER-X-4,Easy Hauler,Boat Trailers,Boat Trailer,Boat Trailer | Easy Hauler | Reyco Marine,41,"Boat Trailer from Easy Hauler at Reyco Marine, Sault Ste. Marie — boat trailer for Northern Ontario. Marine dealer since 1970. Financing available.",147,
2026-CUB-CADET-13A6A,Cub Cadet,Riding Lawn Mowers,XT1 LT42,XT1 LT42 | Cub Cadet | Reyco Marine,35,"XT1 LT42 from Cub Cadet at Reyco Marine — riding lawn mower for larger properties. Certified Cub Cadet dealer, Sault Ste. Marie.",128,
2026-CUB-CADET-13APA,Cub Cadet,Riding Lawn Mowers,XT2 LX42,XT2 LX42 | Cub Cadet | Reyco Marine,35,"XT2 LX42 from Cub Cadet at Reyco Marine — riding lawn mower for larger properties. Certified Cub Cadet dealer, Sault Ste. Marie.",128,
2026-CUB-CADET-13AQA,Cub Cadet,Riding Lawn Mowers,XT1 LT50,XT1 LT50 | Cub Cadet | Reyco Marine,35,"XT1 LT50 from Cub Cadet at Reyco Marine — riding lawn mower for larger properties. Certified Cub Cadet dealer, Sault Ste. Marie.",128,
2026-CUB-CADET-13B5A,Cub Cadet,Riding Lawn Mowers,XT2 SLX50,XT2 SLX50 | Cub Cadet | Reyco Marine,36,"XT2 SLX50 from Cub Cadet at Reyco Marine — riding lawn mower for larger properties. Certified Cub Cadet dealer, Sault Ste. Marie.",129,
2026-CUB-CADET-13B6A,Cub Cadet,Riding Lawn Mowers,XT1 LT46,XT1 LT46 | Cub Cadet | Reyco Marine,35,"XT1 LT46 from Cub Cadet at Reyco Marine — riding lawn mower for larger properties. Certified Cub Cadet dealer, Sault Ste. Marie.",128,
2026-EASY-HAULER-AL-,Easy Hauler,Boat Trailers,Drive-On Bunk Boat Trailer — Black Frame,Drive-On Bunk Boat Trailer — Black Frame | Easy Hauler | Reyco Marine,69,"Drive-On Bunk Boat Trailer — Black Frame from Easy Hauler at Reyco Marine, Sault Ste. Marie — boat trailer for Northern Ontario. Marine dealer since 1970....",157,
2026-MERCURY-115-EXL,Mercury,Outboards,115 HP Pro XS Outboard,115 HP Pro XS Outboard | Mercury | Reyco Marine,47,"115 HP Pro XS Outboard from Mercury — certified Mercury dealer, Sault Ste. Marie. 4-stroke outboard for Northern Ontario boating. Reyco Marine.",143,
2026-MERCURY-150-XL,Mercury,Outboards,150 HP Outboard,150 HP Outboard | Mercury | Reyco Marine,40,"150 HP Outboard from Mercury — certified Mercury dealer, Sault Ste. Marie. 4-stroke outboard for Northern Ontario boating. Reyco Marine.",136,
2026-MERCURY-40-ELPT,Mercury,Outboards,40 HP Outboard,40 HP Outboard | Mercury | Reyco Marine,39,"40 HP Outboard from Mercury — certified Mercury dealer, Sault Ste. Marie. 4-stroke outboard for Northern Ontario boating. Reyco Marine.",135,
2026-MERCURY-50-ELPT,Mercury,Outboards,50 HP EFI Command Thrust Outboard,50 HP EFI Command Thrust Outboard | Mercury | Reyco Marine,58,"50 HP EFI Command Thrust Outboard from Mercury — certified Mercury dealer, Sault Ste. Marie. 4-stroke outboard for Northern Ontario boating. Reyco Marine.",154,
2026-MERCURY-90-EXLP,Mercury,Outboards,90 HP Command Thrust Outboard,90 HP Command Thrust Outboard | Mercury | Reyco Marine,54,"90 HP Command Thrust Outboard from Mercury — certified Mercury dealer, Sault Ste. Marie. 4-stroke outboard for Northern Ontario boating. Reyco Marine.",150,
2026-MERCURY-ME-115X,Mercury,Outboards,115 HP Pro XS Outboard,115 HP Pro XS Outboard | Mercury | Reyco Marine,47,"115 HP Pro XS Outboard from Mercury — certified Mercury dealer, Sault Ste. Marie. 4-stroke outboard for Northern Ontario boating. Reyco Marine.",143,
2026-PRINCECRAFT-VEC,Princecraft,Pontoons,Vectra 21,Vectra 21 | Princecraft | Reyco Marine,38,"Vectra 21 from Princecraft at Reyco Marine — authorized Princecraft dealer, Sault Ste. Marie. Built for Northern Ontario lakes. Financing available.",148,
2026-TORO-22217,Toro,Walk-Behind Mowers,Toro Recycler Self-Propelled Lawn Mower,Toro Recycler Self-Propelled Lawn Mower | Toro | Reyco Marine,61,"Toro Recycler Self-Propelled Lawn Mower from Toro at Reyco Marine — reliable walk-behind mower. Certified Toro dealer, Sault Ste. Marie. Service available.",155,
2026-TORO-22217-2,Toro,Walk-Behind Mowers,Toro Recycler Self-Propelled Lawn Mower,Toro Recycler Self-Propelled Lawn Mower | Toro | Reyco Marine,61,"Toro Recycler Self-Propelled Lawn Mower from Toro at Reyco Marine — reliable walk-behind mower. Certified Toro dealer, Sault Ste. Marie. Service available.",155,
2026-TORO-72504,Toro,Zero Turn Mowers,Toro GrandStand Zero Turn Mower,Toro GrandStand Zero Turn Mower | Toro | Reyco Marine,53,"Toro GrandStand Zero Turn Mower from Toro at Reyco Marine — zero-turn mower, fast precise cut. Toro dealer, Sault Ste. Marie. Service available.",144,
2026-TORO-75747,Toro,Zero Turn Mowers,Toro TimeCutter MyRIDE Zero Turn Mower,Toro TimeCutter MyRIDE Zero Turn Mower | Toro | Reyco Marine,60,"Toro TimeCutter MyRIDE Zero Turn Mower from Toro at Reyco Marine — zero-turn mower, fast precise cut. Toro dealer, Sault Ste. Marie. Service available.",151,Multiple SKUs with same name — add deck width differentiator when Casey/LS confirms
2026-TORO-75747-2,Toro,Zero Turn Mowers,Toro TimeCutter MyRIDE Zero Turn Mower,Toro TimeCutter MyRIDE Zero Turn Mower | Toro | Reyco Marine,60,"Toro TimeCutter MyRIDE Zero Turn Mower from Toro at Reyco Marine — zero-turn mower, fast precise cut. Toro dealer, Sault Ste. Marie. Service available.",151,Multiple SKUs with same name — add deck width differentiator when Casey/LS confirms
2026-TORO-75747-3,Toro,Zero Turn Mowers,Toro TimeCutter MyRIDE Zero Turn Mower,Toro TimeCutter MyRIDE Zero Turn Mower | Toro | Reyco Marine,60,"Toro TimeCutter MyRIDE Zero Turn Mower from Toro at Reyco Marine — zero-turn mower, fast precise cut. Toro dealer, Sault Ste. Marie. Service available.",151,Multiple SKUs with same name — add deck width differentiator when Casey/LS confirms
2026-TORO-75747-4,Toro,Zero Turn Mowers,Toro TimeCutter MyRIDE Zero Turn Mower,Toro TimeCutter MyRIDE Zero Turn Mower | Toro | Reyco Marine,60,"Toro TimeCutter MyRIDE Zero Turn Mower from Toro at Reyco Marine — zero-turn mower, fast precise cut. Toro dealer, Sault Ste. Marie. Service available.",151,Multiple SKUs with same name — add deck width differentiator when Casey/LS confirms
2026-TORO-75747-5,Toro,Zero Turn Mowers,Toro TimeCutter MyRIDE Zero Turn Mower,Toro TimeCutter MyRIDE Zero Turn Mower | Toro | Reyco Marine,60,"Toro TimeCutter MyRIDE Zero Turn Mower from Toro at Reyco Marine — zero-turn mower, fast precise cut. Toro dealer, Sault Ste. Marie. Service available.",151,Multiple SKUs with same name — add deck width differentiator when Casey/LS confirms
2026-TORO-75747-6,Toro,Zero Turn Mowers,Toro TimeCutter MyRIDE Zero Turn Mower,Toro TimeCutter MyRIDE Zero Turn Mower | Toro | Reyco Marine,60,"Toro TimeCutter MyRIDE Zero Turn Mower from Toro at Reyco Marine — zero-turn mower, fast precise cut. Toro dealer, Sault Ste. Marie. Service available.",151,Multiple SKUs with same name — add deck width differentiator when Casey/LS confirms
2026-TORO-75747-7,Toro,Zero Turn Mowers,Toro TimeCutter MyRIDE Zero Turn Mower,Toro TimeCutter MyRIDE Zero Turn Mower | Toro | Reyco Marine,60,"Toro TimeCutter MyRIDE Zero Turn Mower from Toro at Reyco Marine — zero-turn mower, fast precise cut. Toro dealer, Sault Ste. Marie. Service available.",151,Multiple SKUs with same name — add deck width differentiator when Casey/LS confirms
2026-TORO-77283,Toro,Zero Turn Mowers,Toro Z Master TF2 Commercial Zero Turn Mower,Toro Z Master TF2 Commercial Zero Turn Mower | Toro | Reyco Marine,66,"Toro Z Master TF2 Commercial Zero Turn Mower from Toro at Reyco Marine — zero-turn mower, fast precise cut. Toro dealer, Sault Ste. Marie. Service available.",157,Multiple SKUs with same name — add deck width differentiator when Casey/LS confirms
2026-TORO-77283-2,Toro,Zero Turn Mowers,Toro Z Master TF2 Commercial Zero Turn Mower,Toro Z Master TF2 Commercial Zero Turn Mower | Toro | Reyco Marine,66,"Toro Z Master TF2 Commercial Zero Turn Mower from Toro at Reyco Marine — zero-turn mower, fast precise cut. Toro dealer, Sault Ste. Marie. Service available.",157,Multiple SKUs with same name — add deck width differentiator when Casey/LS confirms
2026-TORO-77283-3,Toro,Zero Turn Mowers,Toro Z Master TF2 Commercial Zero Turn Mower,Toro Z Master TF2 Commercial Zero Turn Mower | Toro | Reyco Marine,66,"Toro Z Master TF2 Commercial Zero Turn Mower from Toro at Reyco Marine — zero-turn mower, fast precise cut. Toro dealer, Sault Ste. Marie. Service available.",157,Multiple SKUs with same name — add deck width differentiator when Casey/LS confirms
2026-TORO-77404,Toro,Zero Turn Mowers,Toro TimeCutter Zero Turn Mower,Toro TimeCutter Zero Turn Mower | Toro | Reyco Marine,53,"Toro TimeCutter Zero Turn Mower from Toro at Reyco Marine — zero-turn mower, fast precise cut. Toro dealer, Sault Ste. Marie. Service available.",144,Multiple SKUs with same name — add deck width differentiator when Casey/LS confirms
2026-TORO-77404-2,Toro,Zero Turn Mowers,Toro TimeCutter Zero Turn Mower,Toro TimeCutter Zero Turn Mower | Toro | Reyco Marine,53,"Toro TimeCutter Zero Turn Mower from Toro at Reyco Marine — zero-turn mower, fast precise cut. Toro dealer, Sault Ste. Marie. Service available.",144,Multiple SKUs with same name — add deck width differentiator when Casey/LS confirms
2026-TORO-77404-3,Toro,Zero Turn Mowers,Toro TimeCutter Zero Turn Mower,Toro TimeCutter Zero Turn Mower | Toro | Reyco Marine,53,"Toro TimeCutter Zero Turn Mower from Toro at Reyco Marine — zero-turn mower, fast precise cut. Toro dealer, Sault Ste. Marie. Service available.",144,Multiple SKUs with same name — add deck width differentiator when Casey/LS confirms
2026-TORO-77501,Toro,Zero Turn Mowers,Toro Zero Turn Mower,Toro Zero Turn Mower | Toro | Reyco Marine,42,"Toro Zero Turn Mower from Toro at Reyco Marine — zero-turn mower, fast precise cut. Toro dealer, Sault Ste. Marie. Service available.",133,
2026-TORO-77503,Toro,Zero Turn Mowers,Toro TimeCutter MyRIDE Zero Turn Mower,Toro TimeCutter MyRIDE Zero Turn Mower | Toro | Reyco Marine,60,"Toro TimeCutter MyRIDE Zero Turn Mower from Toro at Reyco Marine — zero-turn mower, fast precise cut. Toro dealer, Sault Ste. Marie. Service available.",151,Multiple SKUs with same name — add deck width differentiator when Casey/LS confirms
2026-TRAILER-X,Easy Hauler,Boat Trailers,Boat Trailer,Boat Trailer | Easy Hauler | Reyco Marine,41,"Boat Trailer from Easy Hauler at Reyco Marine, Sault Ste. Marie — boat trailer for Northern Ontario. Marine dealer since 1970. Financing available.",147,
2026-TRAILER-X-2,Easy Hauler,Boat Trailers,Boat Trailer,Boat Trailer | Easy Hauler | Reyco Marine,41,"Boat Trailer from Easy Hauler at Reyco Marine, Sault Ste. Marie — boat trailer for Northern Ontario. Marine dealer since 1970. Financing available.",147,
2026-TRAILER-X-3,Easy Hauler,Boat Trailers,Boat Trailer,Boat Trailer | Easy Hauler | Reyco Marine,41,"Boat Trailer from Easy Hauler at Reyco Marine, Sault Ste. Marie — boat trailer for Northern Ontario. Marine dealer since 1970. Financing available.",147,
2026-TRAILER-X-4,Easy Hauler,Boat Trailers,Boat Trailer,Boat Trailer | Easy Hauler | Reyco Marine,41,"Boat Trailer from Easy Hauler at Reyco Marine, Sault Ste. Marie — boat trailer for Northern Ontario. Marine dealer since 1970. Financing available.",147,
26-MERCURY-ME-90ELPT,Mercury,Outboards,90 HP Outboard,90 HP Outboard | Mercury | Reyco Marine,39,"90 HP Outboard from Mercury — certified Mercury dealer, Sault Ste. Marie. 4-stroke outboard for Northern Ontario boating. Reyco Marine.",135,
CAN-EASITROLL-26,Cannon,Downriggers,Easi-Troll,Easi-Troll | Cannon | Reyco Marine,34,Easi-Troll from Cannon at Reyco Marine — electric downrigger for deep-water trolling. Sault Ste. Marie fishing gear dealer.,123,
CAN-LAKETROLL-26,Cannon,Downriggers,Lake-Troll,Lake-Troll | Cannon | Reyco Marine,34,Lake-Troll from Cannon at Reyco Marine — electric downrigger for deep-water trolling. Sault Ste. Marie fishing gear dealer.,123,
CAN-MAG10-26,Cannon,Downriggers,Magnum 10,Magnum 10 | Cannon | Reyco Marine,33,Magnum 10 from Cannon at Reyco Marine — electric downrigger for deep-water trolling. Sault Ste. Marie fishing gear dealer.,122,
CAN-MAG10TS-26,Cannon,Downriggers,Magnum 10 TS,Magnum 10 TS | Cannon | Reyco Marine,36,Magnum 10 TS from Cannon at Reyco Marine — electric downrigger for deep-water trolling. Sault Ste. Marie fishing gear dealer.,125,
CAN-MAG5-26,Cannon,Downriggers,Magnum 5,Magnum 5 | Cannon | Reyco Marine,32,Magnum 5 from Cannon at Reyco Marine — electric downrigger for deep-water trolling. Sault Ste. Marie fishing gear dealer.,121,
CAN-MINITROLL-26,Cannon,Downriggers,Mini-Troll,Mini-Troll | Cannon | Reyco Marine,34,Mini-Troll from Cannon at Reyco Marine — electric downrigger for deep-water trolling. Sault Ste. Marie fishing gear dealer.,123,
CAN-OPTIMUM-26,Cannon,Downriggers,Optimum Downrigger,Optimum Downrigger | Cannon | Reyco Marine,42,Optimum Downrigger from Cannon at Reyco Marine — electric downrigger for deep-water trolling. Sault Ste. Marie fishing gear dealer.,131,
CAN-OPTIMUMTS-26,Cannon,Downriggers,Optimum TS Downrigger,Optimum TS Downrigger | Cannon | Reyco Marine,45,Optimum TS Downrigger from Cannon at Reyco Marine — electric downrigger for deep-water trolling. Sault Ste. Marie fishing gear dealer.,134,
CAN-UNI10-26,Cannon,Downriggers,Uni-Troll 10,Uni-Troll 10 | Cannon | Reyco Marine,36,Uni-Troll 10 from Cannon at Reyco Marine — electric downrigger for deep-water trolling. Sault Ste. Marie fishing gear dealer.,125,
CAN-UNI10TS-26,Cannon,Downriggers,Uni-Troll 10 TS,Uni-Troll 10 TS | Cannon | Reyco Marine,39,Uni-Troll 10 TS from Cannon at Reyco Marine — electric downrigger for deep-water trolling. Sault Ste. Marie fishing gear dealer.,128,
CAN-UNI5-26,Cannon,Downriggers,Uni-Troll 5,Uni-Troll 5 | Cannon | Reyco Marine,35,Uni-Troll 5 from Cannon at Reyco Marine — electric downrigger for deep-water trolling. Sault Ste. Marie fishing gear dealer.,124,
CAN-UNISTACKER-26,Cannon,Downrigger Accessories,Uni-Stacker Release,Uni-Stacker Release | Cannon | Reyco Marine,43,"Cannon downrigger accessories at Reyco Marine, Sault Ste. Marie. Uni-Stacker Release — gear up for Northern Ontario trolling season.",132,
CAN-WT-10LB-26,Cannon,Downrigger Accessories,Downrigger Weight,Downrigger Weight | Cannon | Reyco Marine,41,"Cannon downrigger accessories at Reyco Marine, Sault Ste. Marie. Downrigger Weight — gear up for Northern Ontario trolling season.",130,
CAN-WT-4LB-26,Cannon,Downrigger Accessories,Downrigger Weight,Downrigger Weight | Cannon | Reyco Marine,41,"Cannon downrigger accessories at Reyco Marine, Sault Ste. Marie. Downrigger Weight — gear up for Northern Ontario trolling season.",130,
CAN-WT-6LB-26,Cannon,Downrigger Accessories,Downrigger Weight,Downrigger Weight | Cannon | Reyco Marine,41,"Cannon downrigger accessories at Reyco Marine, Sault Ste. Marie. Downrigger Weight — gear up for Northern Ontario trolling season.",130,
CAN-WT-8LB-26,Cannon,Downrigger Accessories,Downrigger Weight,Downrigger Weight | Cannon | Reyco Marine,41,"Cannon downrigger accessories at Reyco Marine, Sault Ste. Marie. Downrigger Weight — gear up for Northern Ontario trolling season.",130,
CC-CHALL750MX-26,Cub Cadet,UTVs,Cub Cadet Challenger 750 MX (Hisun-Built,Cub Cadet Challenger 750 MX (Hisun-Built | Cub Cadet | Reyco Marine,67,"Cub Cadet Challenger 750 MX (Hisun-Built from Cub Cadet at Reyco Marine — side-by-side UTV for Northern Ontario terrain. Authorized Cub Cadet dealer,...",152,
EC-CS2511P-26,Echo,Chainsaws,25cc Gas Chainsaw,25cc Gas Chainsaw | Echo | Reyco Marine,39,"25cc Gas Chainsaw from Echo at Reyco Marine — chainsaw for Northern Ontario. Certified Echo dealer, Sault Ste. Marie. Service available.",136,Echo CC specs — verify against Echo catalogue before applying to WC
EC-CS2511T-26,Echo,Chainsaws,25cc Gas Chainsaw (Top Handle),25cc Gas Chainsaw (Top Handle) | Echo | Reyco Marine,52,"25cc Gas Chainsaw (Top Handle) from Echo at Reyco Marine — chainsaw for Northern Ontario. Certified Echo dealer, Sault Ste. Marie. Service available.",149,Echo CC specs — verify against Echo catalogue before applying to WC
EC-CS271T-26,Echo,Chainsaws,27cc Gas Chainsaw (Top Handle),27cc Gas Chainsaw (Top Handle) | Echo | Reyco Marine,52,"27cc Gas Chainsaw (Top Handle) from Echo at Reyco Marine — chainsaw for Northern Ontario. Certified Echo dealer, Sault Ste. Marie. Service available.",149,Echo CC specs — verify against Echo catalogue before applying to WC
EC-CS310-26,Echo,Chainsaws,30cc Gas Chainsaw,30cc Gas Chainsaw | Echo | Reyco Marine,39,"30cc Gas Chainsaw from Echo at Reyco Marine — chainsaw for Northern Ontario. Certified Echo dealer, Sault Ste. Marie. Service available.",136,Echo CC specs — verify against Echo catalogue before applying to WC
EC-CS3510-26,Echo,Chainsaws,35cc Gas Chainsaw,35cc Gas Chainsaw | Echo | Reyco Marine,39,"35cc Gas Chainsaw from Echo at Reyco Marine — chainsaw for Northern Ontario. Certified Echo dealer, Sault Ste. Marie. Service available.",136,Echo CC specs — verify against Echo catalogue before applying to WC
EC-CS352-26,Echo,Chainsaws,35cc Gas Chainsaw,35cc Gas Chainsaw | Echo | Reyco Marine,39,"35cc Gas Chainsaw from Echo at Reyco Marine — chainsaw for Northern Ontario. Certified Echo dealer, Sault Ste. Marie. Service available.",136,Echo CC specs — verify against Echo catalogue before applying to WC
EC-CS355T-26,Echo,Chainsaws,35cc Gas Chainsaw (Top Handle),35cc Gas Chainsaw (Top Handle) | Echo | Reyco Marine,52,"35cc Gas Chainsaw (Top Handle) from Echo at Reyco Marine — chainsaw for Northern Ontario. Certified Echo dealer, Sault Ste. Marie. Service available.",149,Echo CC specs — verify against Echo catalogue before applying to WC
EC-CS361P-26,Echo,Chainsaws,36cc Gas Chainsaw,36cc Gas Chainsaw | Echo | Reyco Marine,39,"36cc Gas Chainsaw from Echo at Reyco Marine — chainsaw for Northern Ontario. Certified Echo dealer, Sault Ste. Marie. Service available.",136,Echo CC specs — verify against Echo catalogue before applying to WC
EC-CS370F-26,Echo,Chainsaws,37cc Gas Chainsaw (Front Handle),37cc Gas Chainsaw (Front Handle) | Echo | Reyco Marine,54,"37cc Gas Chainsaw (Front Handle) from Echo at Reyco Marine — chainsaw for Northern Ontario. Certified Echo dealer, Sault Ste. Marie. Service available.",151,Echo CC specs — verify against Echo catalogue before applying to WC
EC-CS4510-26,Echo,Chainsaws,45cc Gas Chainsaw,45cc Gas Chainsaw | Echo | Reyco Marine,39,"45cc Gas Chainsaw from Echo at Reyco Marine — chainsaw for Northern Ontario. Certified Echo dealer, Sault Ste. Marie. Service available.",136,Echo CC specs — verify against Echo catalogue before applying to WC
EC-CS490-26,Echo,Chainsaws,50cc Gas Chainsaw,50cc Gas Chainsaw | Echo | Reyco Marine,39,"50cc Gas Chainsaw from Echo at Reyco Marine — chainsaw for Northern Ontario. Certified Echo dealer, Sault Ste. Marie. Service available.",136,Echo CC specs — verify against Echo catalogue before applying to WC
EC-CS4910-26,Echo,Chainsaws,49cc Gas Chainsaw,49cc Gas Chainsaw | Echo | Reyco Marine,39,"49cc Gas Chainsaw from Echo at Reyco Marine — chainsaw for Northern Ontario. Certified Echo dealer, Sault Ste. Marie. Service available.",136,Echo CC specs — verify against Echo catalogue before applying to WC
EC-CS501P-26,Echo,Chainsaws,50cc Gas Chainsaw,50cc Gas Chainsaw | Echo | Reyco Marine,39,"50cc Gas Chainsaw from Echo at Reyco Marine — chainsaw for Northern Ontario. Certified Echo dealer, Sault Ste. Marie. Service available.",136,Echo CC specs — verify against Echo catalogue before applying to WC
EC-CS590-26,Echo,Chainsaws,59cc Gas Chainsaw,59cc Gas Chainsaw | Echo | Reyco Marine,39,"59cc Gas Chainsaw from Echo at Reyco Marine — chainsaw for Northern Ontario. Certified Echo dealer, Sault Ste. Marie. Service available.",136,Echo CC specs — verify against Echo catalogue before applying to WC
EC-CS620P-26,Echo,Chainsaws,62cc Gas Chainsaw,62cc Gas Chainsaw | Echo | Reyco Marine,39,"62cc Gas Chainsaw from Echo at Reyco Marine — chainsaw for Northern Ontario. Certified Echo dealer, Sault Ste. Marie. Service available.",136,Echo CC specs — verify against Echo catalogue before applying to WC
EC-CS680-26,Echo,Chainsaws,68cc Gas Chainsaw,68cc Gas Chainsaw | Echo | Reyco Marine,39,"68cc Gas Chainsaw from Echo at Reyco Marine — chainsaw for Northern Ontario. Certified Echo dealer, Sault Ste. Marie. Service available.",136,Echo CC specs — verify against Echo catalogue before applying to WC
EC-CS7310P-26,Echo,Chainsaws,73cc Gas Chainsaw,73cc Gas Chainsaw | Echo | Reyco Marine,39,"73cc Gas Chainsaw from Echo at Reyco Marine — chainsaw for Northern Ontario. Certified Echo dealer, Sault Ste. Marie. Service available.",136,Echo CC specs — verify against Echo catalogue before applying to WC
EC-CSG7410-26,Echo,Chainsaws,Cordless Gas Chainsaw,Cordless Gas Chainsaw | Echo | Reyco Marine,43,"Cordless Gas Chainsaw from Echo at Reyco Marine — chainsaw for Northern Ontario. Certified Echo dealer, Sault Ste. Marie. Service available.",140,Echo CC specs — verify against Echo catalogue before applying to WC
EC-CWT7410-26,Echo,Cut-Off Saws,Cordless Power Tool,Cordless Power Tool | Echo | Reyco Marine,41,"Cordless Power Tool from Echo at Reyco Marine — professional-grade cut-off saws. Echo dealer, Sault Ste. Marie. Service available.",130,Echo CC specs — verify against Echo catalogue before applying to WC
EC-DCS2500T-26,Echo,Chainsaws,Battery Chainsaw (Top Handle),Battery Chainsaw (Top Handle) | Echo | Reyco Marine,51,"Battery Chainsaw (Top Handle) from Echo at Reyco Marine — chainsaw for Northern Ontario. Certified Echo dealer, Sault Ste. Marie. Service available.",148,Echo CC specs — verify against Echo catalogue before applying to WC
EC-DCS5000-26,Echo,Chainsaws,Battery Chainsaw,Battery Chainsaw | Echo | Reyco Marine,38,"Battery Chainsaw from Echo at Reyco Marine — chainsaw for Northern Ontario. Certified Echo dealer, Sault Ste. Marie. Service available.",135,Echo CC specs — verify against Echo catalogue before applying to WC
EC-DHC2300-26,Echo,Hedge Trimmers,Battery Hedge Trimmer,Battery Hedge Trimmer | Echo | Reyco Marine,43,"Battery Hedge Trimmer from Echo at Reyco Marine — precision hedge trimmer. Certified Echo dealer, Sault Ste. Marie. Service available.",134,Echo CC specs — verify against Echo catalogue before applying to WC
EC-DLM2100-26,Echo,Push Mowers,Battery Self-Propelled Lawn Mower,Battery Self-Propelled Lawn Mower | Echo | Reyco Marine,55,"Battery Self-Propelled Lawn Mower from Echo at Reyco Marine — reliable walk-behind mower. Certified Echo dealer, Sault Ste. Marie. Service available.",149,Echo CC specs — verify against Echo catalogue before applying to WC
EC-DLM2100SP-26,Echo,Push Mowers,Battery Self-Propelled Lawn Mower,Battery Self-Propelled Lawn Mower | Echo | Reyco Marine,55,"Battery Self-Propelled Lawn Mower from Echo at Reyco Marine — reliable walk-behind mower. Certified Echo dealer, Sault Ste. Marie. Service available.",149,Echo CC specs — verify against Echo catalogue before applying to WC
EC-DPAS2100-26,Echo,Multi-Tool Systems,Battery Power Attachment System,Battery Power Attachment System | Echo | Reyco Marine,53,"Battery Power Attachment System from Echo at Reyco Marine — versatile multi-tool power system. Certified Echo dealer, Sault Ste. Marie. Service available.",154,Echo CC specs — verify against Echo catalogue before applying to WC
EC-DPAS2600-26,Echo,Multi-Tool Systems,Battery Power Attachment System,Battery Power Attachment System | Echo | Reyco Marine,53,"Battery Power Attachment System from Echo at Reyco Marine — versatile multi-tool power system. Certified Echo dealer, Sault Ste. Marie. Service available.",154,Echo CC specs — verify against Echo catalogue before applying to WC
EC-DPB2500-26,Echo,Blowers & Vacuums,Battery Backpack Blower,Battery Backpack Blower | Echo | Reyco Marine,45,"Battery Backpack Blower from Echo at Reyco Marine — powerful blower for Northern Ontario seasons. Echo dealer, Sault Ste. Marie. Service available.",147,Echo CC specs — verify against Echo catalogue before applying to WC
EC-DPB2500LE-26,Echo,Blowers & Vacuums,Battery Backpack Blower (Low Emission),Battery Backpack Blower (Low Emission) | Echo | Reyco Marine,60,"Battery Backpack Blower (Low Emission) from Echo at Reyco Marine — powerful blower for Northern Ontario seasons. Echo dealer, Sault Ste. Marie. Service...",154,Echo CC specs — verify against Echo catalogue before applying to WC
EC-DSRM2100-26,Echo,String Trimmers,Battery String Trimmer,Battery String Trimmer | Echo | Reyco Marine,44,"Battery String Trimmer from Echo at Reyco Marine — commercial-grade string trimmer. Echo dealer, Sault Ste. Marie. Service available.",133,Echo CC specs — verify against Echo catalogue before applying to WC
EC-DSRM2600-26,Echo,String Trimmers,Battery String Trimmer,Battery String Trimmer | Echo | Reyco Marine,44,"Battery String Trimmer from Echo at Reyco Marine — commercial-grade string trimmer. Echo dealer, Sault Ste. Marie. Service available.",133,Echo CC specs — verify against Echo catalogue before applying to WC
EC-DSRM2600U-26,Echo,String Trimmers,Battery String Trimmer,Battery String Trimmer | Echo | Reyco Marine,44,"Battery String Trimmer from Echo at Reyco Marine — commercial-grade string trimmer. Echo dealer, Sault Ste. Marie. Service available.",133,Echo CC specs — verify against Echo catalogue before applying to WC
EC-ES250-26,Echo,Blowers & Vacuums,Gas Edger,Gas Edger | Echo | Reyco Marine,31,"Gas Edger from Echo at Reyco Marine — powerful blower for Northern Ontario seasons. Echo dealer, Sault Ste. Marie. Service available.",133,Echo CC specs — verify against Echo catalogue before applying to WC
EC-GT225-26,Echo,String Trimmers,22cc Gas Grass Trimmer,22cc Gas Grass Trimmer | Echo | Reyco Marine,44,"22cc Gas Grass Trimmer from Echo at Reyco Marine — commercial-grade string trimmer. Echo dealer, Sault Ste. Marie. Service available.",133,Echo CC specs — verify against Echo catalogue before applying to WC
EC-HC155-26,Echo,Hedge Trimmers,Gas Hedge Trimmer,Gas Hedge Trimmer | Echo | Reyco Marine,39,"Gas Hedge Trimmer from Echo at Reyco Marine — precision hedge trimmer. Certified Echo dealer, Sault Ste. Marie. Service available.",130,Echo CC specs — verify against Echo catalogue before applying to WC
EC-HC2020-26,Echo,Hedge Trimmers,Gas Hedge Trimmer,Gas Hedge Trimmer | Echo | Reyco Marine,39,"Gas Hedge Trimmer from Echo at Reyco Marine — precision hedge trimmer. Certified Echo dealer, Sault Ste. Marie. Service available.",130,Echo CC specs — verify against Echo catalogue before applying to WC
EC-HC2210-26,Echo,Hedge Trimmers,Gas Hedge Trimmer,Gas Hedge Trimmer | Echo | Reyco Marine,39,"Gas Hedge Trimmer from Echo at Reyco Marine — precision hedge trimmer. Certified Echo dealer, Sault Ste. Marie. Service available.",130,Echo CC specs — verify against Echo catalogue before applying to WC
EC-HC2810-26,Echo,Hedge Trimmers,Gas Hedge Trimmer,Gas Hedge Trimmer | Echo | Reyco Marine,39,"Gas Hedge Trimmer from Echo at Reyco Marine — precision hedge trimmer. Certified Echo dealer, Sault Ste. Marie. Service available.",130,Echo CC specs — verify against Echo catalogue before applying to WC
EC-HCA2620-26,Echo,Hedge Trimmers,Hedge Trimmer Power Attachment,Hedge Trimmer Power Attachment | Echo | Reyco Marine,52,"Hedge Trimmer Power Attachment from Echo at Reyco Marine — precision hedge trimmer. Certified Echo dealer, Sault Ste. Marie. Service available.",143,Echo CC specs — verify against Echo catalogue before applying to WC
EC-HCA2620S-26,Echo,Hedge Trimmers,Hedge Trimmer Power Attachment,Hedge Trimmer Power Attachment | Echo | Reyco Marine,52,"Hedge Trimmer Power Attachment from Echo at Reyco Marine — precision hedge trimmer. Certified Echo dealer, Sault Ste. Marie. Service available.",143,Echo CC specs — verify against Echo catalogue before applying to WC
EC-PAS225-26,Echo,Multi-Tool Systems,22cc Gas Power Attachment System,22cc Gas Power Attachment System | Echo | Reyco Marine,54,"22cc Gas Power Attachment System from Echo at Reyco Marine — versatile multi-tool power system. Certified Echo dealer, Sault Ste. Marie. Service available.",155,Echo CC specs — verify against Echo catalogue before applying to WC
EC-PAS2620-26,Echo,Multi-Tool Systems,Gas Power Attachment System,Gas Power Attachment System | Echo | Reyco Marine,49,"Gas Power Attachment System from Echo at Reyco Marine — versatile multi-tool power system. Certified Echo dealer, Sault Ste. Marie. Service available.",150,Echo CC specs — verify against Echo catalogue before applying to WC
EC-PB2520-26,Echo,Blowers & Vacuums,Gas Backpack Blower,Gas Backpack Blower | Echo | Reyco Marine,41,"Gas Backpack Blower from Echo at Reyco Marine — powerful blower for Northern Ontario seasons. Echo dealer, Sault Ste. Marie. Service available.",143,Echo CC specs — verify against Echo catalogue before applying to WC
EC-PB255LN-26,Echo,Blowers & Vacuums,Gas Backpack Blower (Low Noise),Gas Backpack Blower (Low Noise) | Echo | Reyco Marine,53,"Gas Backpack Blower (Low Noise) from Echo at Reyco Marine — powerful blower for Northern Ontario seasons. Echo dealer, Sault Ste. Marie. Service available.",155,Echo CC specs — verify against Echo catalogue before applying to WC
EC-PB2620-26,Echo,Blowers & Vacuums,Gas Backpack Blower,Gas Backpack Blower | Echo | Reyco Marine,41,"Gas Backpack Blower from Echo at Reyco Marine — powerful blower for Northern Ontario seasons. Echo dealer, Sault Ste. Marie. Service available.",143,Echo CC specs — verify against Echo catalogue before applying to WC
EC-PB265LN-26,Echo,Blowers & Vacuums,Gas Backpack Blower (Low Noise),Gas Backpack Blower (Low Noise) | Echo | Reyco Marine,53,"Gas Backpack Blower (Low Noise) from Echo at Reyco Marine — powerful blower for Northern Ontario seasons. Echo dealer, Sault Ste. Marie. Service available.",155,Echo CC specs — verify against Echo catalogue before applying to WC
EC-PB580T-26,Echo,Blowers & Vacuums,Gas Backpack Blower,Gas Backpack Blower | Echo | Reyco Marine,41,"Gas Backpack Blower from Echo at Reyco Marine — powerful blower for Northern Ontario seasons. Echo dealer, Sault Ste. Marie. Service available.",143,Echo CC specs — verify against Echo catalogue before applying to WC
EC-PB755ST-26,Echo,Blowers & Vacuums,Gas Backpack Blower,Gas Backpack Blower | Echo | Reyco Marine,41,"Gas Backpack Blower from Echo at Reyco Marine — powerful blower for Northern Ontario seasons. Echo dealer, Sault Ste. Marie. Service available.",143,Echo CC specs — verify against Echo catalogue before applying to WC
EC-PB760LNT-26,Echo,Blowers & Vacuums,Gas Backpack Blower (Low Noise),Gas Backpack Blower (Low Noise) | Echo | Reyco Marine,53,"Gas Backpack Blower (Low Noise) from Echo at Reyco Marine — powerful blower for Northern Ontario seasons. Echo dealer, Sault Ste. Marie. Service available.",155,Echo CC specs — verify against Echo catalogue before applying to WC
EC-PB770-26,Echo,Blowers & Vacuums,Gas Backpack Blower,Gas Backpack Blower | Echo | Reyco Marine,41,"Gas Backpack Blower from Echo at Reyco Marine — powerful blower for Northern Ontario seasons. Echo dealer, Sault Ste. Marie. Service available.",143,Echo CC specs — verify against Echo catalogue before applying to WC
EC-PB8010-26,Echo,Blowers & Vacuums,Gas Backpack Blower,Gas Backpack Blower | Echo | Reyco Marine,41,"Gas Backpack Blower from Echo at Reyco Marine — powerful blower for Northern Ontario seasons. Echo dealer, Sault Ste. Marie. Service available.",143,Echo CC specs — verify against Echo catalogue before applying to WC
EC-PB9010T-26,Echo,Blowers & Vacuums,Gas Backpack Blower,Gas Backpack Blower | Echo | Reyco Marine,41,"Gas Backpack Blower from Echo at Reyco Marine — powerful blower for Northern Ontario seasons. Echo dealer, Sault Ste. Marie. Service available.",143,Echo CC specs — verify against Echo catalogue before applying to WC
EC-PE2620-26,Echo,Edgers,Gas Pole Pruner,Gas Pole Pruner | Echo | Reyco Marine,37,"Gas Pole Pruner from Echo at Reyco Marine — professional-grade edgers. Echo dealer, Sault Ste. Marie. Service available.",120,Echo CC specs — verify against Echo catalogue before applying to WC
EC-PW3100-26,Echo,Pressure Washers,3100 PSI Gas Pressure Washer,3100 PSI Gas Pressure Washer | Echo | Reyco Marine,50,"3100 PSI Gas Pressure Washer from Echo at Reyco Marine — gas-powered pressure washer for boats and property. Echo dealer, Sault Ste. Marie.",139,Echo CC specs — verify against Echo catalogue before applying to WC
EC-PW3200-26,Echo,Pressure Washers,3200 PSI Gas Pressure Washer,3200 PSI Gas Pressure Washer | Echo | Reyco Marine,50,"3200 PSI Gas Pressure Washer from Echo at Reyco Marine — gas-powered pressure washer for boats and property. Echo dealer, Sault Ste. Marie.",139,Echo CC specs — verify against Echo catalogue before applying to WC
EC-PW3600-26,Echo,Pressure Washers,3600 PSI Gas Pressure Washer,3600 PSI Gas Pressure Washer | Echo | Reyco Marine,50,"3600 PSI Gas Pressure Washer from Echo at Reyco Marine — gas-powered pressure washer for boats and property. Echo dealer, Sault Ste. Marie.",139,Echo CC specs — verify against Echo catalogue before applying to WC
EC-PW4200-26,Echo,Pressure Washers,4200 PSI Gas Pressure Washer,4200 PSI Gas Pressure Washer | Echo | Reyco Marine,50,"4200 PSI Gas Pressure Washer from Echo at Reyco Marine — gas-powered pressure washer for boats and property. Echo dealer, Sault Ste. Marie.",139,Echo CC specs — verify against Echo catalogue before applying to WC
EC-PWE1800-26,Echo,Pressure Washers,1800 PSI Electric Pressure Washer,1800 PSI Electric Pressure Washer | Echo | Reyco Marine,55,"1800 PSI Electric Pressure Washer from Echo at Reyco Marine — gas-powered pressure washer for boats and property. Echo dealer, Sault Ste. Marie.",144,Echo CC specs — verify against Echo catalogue before applying to WC
EC-SHC225-26,Echo,Hedge Trimmers,22cc Gas Shaft Hedge Trimmer,22cc Gas Shaft Hedge Trimmer | Echo | Reyco Marine,50,"22cc Gas Shaft Hedge Trimmer from Echo at Reyco Marine — precision hedge trimmer. Certified Echo dealer, Sault Ste. Marie. Service available.",141,Echo CC specs — verify against Echo catalogue before applying to WC
EC-SHC225S-26,Echo,Hedge Trimmers,22cc Gas Shaft Hedge Trimmer,22cc Gas Shaft Hedge Trimmer | Echo | Reyco Marine,50,"22cc Gas Shaft Hedge Trimmer from Echo at Reyco Marine — precision hedge trimmer. Certified Echo dealer, Sault Ste. Marie. Service available.",141,Echo CC specs — verify against Echo catalogue before applying to WC
EC-SHC2620-26,Echo,Hedge Trimmers,Gas Shaft Hedge Trimmer,Gas Shaft Hedge Trimmer | Echo | Reyco Marine,45,"Gas Shaft Hedge Trimmer from Echo at Reyco Marine — precision hedge trimmer. Certified Echo dealer, Sault Ste. Marie. Service available.",136,Echo CC specs — verify against Echo catalogue before applying to WC
EC-SHC2620S-26,Echo,Hedge Trimmers,Gas Shaft Hedge Trimmer,Gas Shaft Hedge Trimmer | Echo | Reyco Marine,45,"Gas Shaft Hedge Trimmer from Echo at Reyco Marine — precision hedge trimmer. Certified Echo dealer, Sault Ste. Marie. Service available.",136,Echo CC specs — verify against Echo catalogue before applying to WC
EC-SRM225-26,Echo,String Trimmers,22cc Gas String Trimmer,22cc Gas String Trimmer | Echo | Reyco Marine,45,"22cc Gas String Trimmer from Echo at Reyco Marine — commercial-grade string trimmer. Echo dealer, Sault Ste. Marie. Service available.",134,Echo CC specs — verify against Echo catalogue before applying to WC
EC-SRM2320-26,Echo,String Trimmers,Gas String Trimmer,Gas String Trimmer | Echo | Reyco Marine,40,"Gas String Trimmer from Echo at Reyco Marine — commercial-grade string trimmer. Echo dealer, Sault Ste. Marie. Service available.",129,Echo CC specs — verify against Echo catalogue before applying to WC
EC-SRM2620-26,Echo,String Trimmers,Gas String Trimmer,Gas String Trimmer | Echo | Reyco Marine,40,"Gas String Trimmer from Echo at Reyco Marine — commercial-grade string trimmer. Echo dealer, Sault Ste. Marie. Service available.",129,Echo CC specs — verify against Echo catalogue before applying to WC
EC-SRM2620U-26,Echo,String Trimmers,Gas String Trimmer,Gas String Trimmer | Echo | Reyco Marine,40,"Gas String Trimmer from Echo at Reyco Marine — commercial-grade string trimmer. Echo dealer, Sault Ste. Marie. Service available.",129,Echo CC specs — verify against Echo catalogue before applying to WC
EC-SRM266-26,Echo,String Trimmers,26cc Gas String Trimmer,26cc Gas String Trimmer | Echo | Reyco Marine,45,"26cc Gas String Trimmer from Echo at Reyco Marine — commercial-grade string trimmer. Echo dealer, Sault Ste. Marie. Service available.",134,Echo CC specs — verify against Echo catalogue before applying to WC
EC-SRM3020-26,Echo,String Trimmers,Gas String Trimmer,Gas String Trimmer | Echo | Reyco Marine,40,"Gas String Trimmer from Echo at Reyco Marine — commercial-grade string trimmer. Echo dealer, Sault Ste. Marie. Service available.",129,Echo CC specs — verify against Echo catalogue before applying to WC
EC-SRM410-26,Echo,String Trimmers,Gas String Trimmer,Gas String Trimmer | Echo | Reyco Marine,40,"Gas String Trimmer from Echo at Reyco Marine — commercial-grade string trimmer. Echo dealer, Sault Ste. Marie. Service available.",129,Echo CC specs — verify against Echo catalogue before applying to WC
HB-APEX13-26,Humminbird,Fish Finders & Chartplotters,APEX 13 MEGA SI+ Chartplotter,APEX 13 MEGA SI+ Chartplotter | Humminbird | Reyco Marine,57,"APEX 13 MEGA SI+ Chartplotter from Humminbird at Reyco Marine — certified Humminbird dealer, Sault Ste. Marie. Marine electronics for Northern Ontario lakes.",157,
HB-APEX13-CHO-26,Humminbird,Fish Finders & Chartplotters,APEX 13 MEGA SI+ Chartplotter,APEX 13 MEGA SI+ Chartplotter | Humminbird | Reyco Marine,57,"APEX 13 MEGA SI+ Chartplotter from Humminbird at Reyco Marine — certified Humminbird dealer, Sault Ste. Marie. Marine electronics for Northern Ontario lakes.",157,
HB-APEX16-26,Humminbird,Fish Finders & Chartplotters,APEX 16 MEGA SI+ Chartplotter,APEX 16 MEGA SI+ Chartplotter | Humminbird | Reyco Marine,57,"APEX 16 MEGA SI+ Chartplotter from Humminbird at Reyco Marine — certified Humminbird dealer, Sault Ste. Marie. Marine electronics for Northern Ontario lakes.",157,
HB-APEX16-CHO-26,Humminbird,Fish Finders & Chartplotters,APEX 16 MEGA SI+ Chartplotter,APEX 16 MEGA SI+ Chartplotter | Humminbird | Reyco Marine,57,"APEX 16 MEGA SI+ Chartplotter from Humminbird at Reyco Marine — certified Humminbird dealer, Sault Ste. Marie. Marine electronics for Northern Ontario lakes.",157,
HB-APEX19-26,Humminbird,Fish Finders & Chartplotters,APEX 19 MEGA SI+ Chartplotter,APEX 19 MEGA SI+ Chartplotter | Humminbird | Reyco Marine,57,"APEX 19 MEGA SI+ Chartplotter from Humminbird at Reyco Marine — certified Humminbird dealer, Sault Ste. Marie. Marine electronics for Northern Ontario lakes.",157,
HB-APEX19-CHO-26,Humminbird,Fish Finders & Chartplotters,APEX 19 MEGA SI+ Chartplotter,APEX 19 MEGA SI+ Chartplotter | Humminbird | Reyco Marine,57,"APEX 19 MEGA SI+ Chartplotter from Humminbird at Reyco Marine — certified Humminbird dealer, Sault Ste. Marie. Marine electronics for Northern Ontario lakes.",157,
HB-ICELIVE2-PM-26,Humminbird,Ice Fishing Electronics,ICE MEGA Live 2 Compact Pole-Mount,ICE MEGA Live 2 Compact Pole-Mount | Humminbird | Reyco Marine,62,"Humminbird ICE MEGA Live 2 Compact Pole-Mount at Reyco Marine, Sault Ste. Marie — electronics and accessories for Northern Ontario fishing.",139,
HB-ICELIVE2-PWR-26,Humminbird,Marine Electronics Accessories,ICE MEGA Live 2 Power Cable,ICE MEGA Live 2 Power Cable | Humminbird | Reyco Marine,55,"Humminbird ICE MEGA Live 2 Power Cable at Reyco Marine, Sault Ste. Marie — electronics and accessories for Northern Ontario fishing.",132,
HB-ICELIVE2-SAE-26,Humminbird,Marine Electronics Accessories,ICE MEGA Live 2 SAE Power Cable,ICE MEGA Live 2 SAE Power Cable | Humminbird | Reyco Marine,59,"Humminbird ICE MEGA Live 2 SAE Power Cable at Reyco Marine, Sault Ste. Marie — electronics and accessories for Northern Ontario fishing.",136,
HB-MEGALIVE2-FWD-26,Humminbird,Live Sonar,MEGA Live 2 Forward-Facing Sonar,MEGA Live 2 Forward-Facing Sonar | Humminbird | Reyco Marine,60,"Humminbird MEGA Live 2 Forward-Facing Sonar at Reyco Marine, Sault Ste. Marie — electronics and accessories for Northern Ontario fishing.",137,
HB-MEGALIVE2-TM-26,Humminbird,Live Sonar,MEGA Live 2 Transom-Mount Sonar,MEGA Live 2 Transom-Mount Sonar | Humminbird | Reyco Marine,59,"Humminbird MEGA Live 2 Transom-Mount Sonar at Reyco Marine, Sault Ste. Marie — electronics and accessories for Northern Ontario fishing.",136,
HB-XPLORE-KIT-26,Humminbird,Marine Electronics Accessories,ICE XPLORE Shuttle Conversion Kit,ICE XPLORE Shuttle Conversion Kit | Humminbird | Reyco Marine,61,"Humminbird ICE XPLORE Shuttle Conversion Kit at Reyco Marine, Sault Ste. Marie — electronics and accessories for Northern Ontario fishing.",138,
HB-XPLORE-PWR-26,Humminbird,Marine Electronics Accessories,ICE XPLORE Power Cable,ICE XPLORE Power Cable | Humminbird | Reyco Marine,50,"Humminbird ICE XPLORE Power Cable at Reyco Marine, Sault Ste. Marie — electronics and accessories for Northern Ontario fishing.",127,
HS-ACENV-26,Hisun,Golf Carts,ACE NV,ACE NV | Hisun | Reyco Marine,29,"ACE NV from Hisun at Reyco Marine — electric golf cart for recreation and property. Hisun dealer, Sault Ste. Marie.",115,
HS-FORGE400I-26,Hisun,ATVs,Forge 400i,Forge 400i | Hisun | Reyco Marine,33,"Forge 400i from Hisun at Reyco Marine — ATV for Northern Ontario trails. Authorized Hisun dealer, Sault Ste. Marie.",115,
HS-GUARDIAN-26,Hisun,ATVs,GUARDIAN Utility ATV,GUARDIAN Utility ATV | Hisun | Reyco Marine,43,"GUARDIAN Utility ATV from Hisun at Reyco Marine — ATV for Northern Ontario trails. Authorized Hisun dealer, Sault Ste. Marie.",125,
HS-HS400-26,Hisun,ATVs,HS 400 Entry ATV,HS 400 Entry ATV | Hisun | Reyco Marine,39,"HS 400 Entry ATV from Hisun at Reyco Marine — ATV for Northern Ontario trails. Authorized Hisun dealer, Sault Ste. Marie.",121,
HS-HS500-26,Hisun,ATVs,HS 500,HS 500 | Hisun | Reyco Marine,29,"HS 500 from Hisun at Reyco Marine — ATV for Northern Ontario trails. Authorized Hisun dealer, Sault Ste. Marie.",111,
HS-MP9550R-26,Hisun,UTVs,Hisun MP9 550cc Sport UTV,Hisun MP9 550cc Sport UTV | Hisun | Reyco Marine,48,"Hisun MP9 550cc Sport UTV from Hisun at Reyco Marine — side-by-side UTV for Northern Ontario terrain. Authorized Hisun dealer, Sault Ste. Marie.",144,
HS-MP9750R-26,Hisun,UTVs,Hisun MP9 750cc Sport UTV,Hisun MP9 750cc Sport UTV | Hisun | Reyco Marine,48,"Hisun MP9 750cc Sport UTV from Hisun at Reyco Marine — side-by-side UTV for Northern Ontario terrain. Authorized Hisun dealer, Sault Ste. Marie.",144,
HS-MP9T400-26,Hisun,UTVs,Hisun MP9 400cc Entry Sport UTV,Hisun MP9 400cc Entry Sport UTV | Hisun | Reyco Marine,54,"Hisun MP9 400cc Entry Sport UTV from Hisun at Reyco Marine — side-by-side UTV for Northern Ontario terrain. Authorized Hisun dealer, Sault Ste. Marie.",150,
HS-SEC-E1-26,Hisun,UTVs,Sector E1,Sector E1 | Hisun | Reyco Marine,32,"Sector E1 from Hisun at Reyco Marine — side-by-side UTV for Northern Ontario terrain. Authorized Hisun dealer, Sault Ste. Marie.",128,
HS-SEC250-26,Hisun,UTVs,Sector 250 Compact Utility UTV,Sector 250 Compact Utility UTV | Hisun | Reyco Marine,53,"Sector 250 Compact Utility UTV from Hisun at Reyco Marine — side-by-side UTV for Northern Ontario terrain. Authorized Hisun dealer, Sault Ste. Marie.",149,
HS-SEC550EPS-26,Hisun,UTVs,Hisun Sector 550cc Utility UTV with Power Steering,Hisun Sector 550cc Utility UTV with Power Steering | Hisun | Reyco Marine,73,"Hisun Sector 550cc Utility UTV with Power Steering at Reyco Marine — side-by-side UTV for Northern Ontario terrain. Authorized Hisun dealer, Sault Ste. Marie.",158,
HS-SEC750CREW-26,Hisun,UTVs,Sector 750 Crew,Sector 750 Crew | Hisun | Reyco Marine,38,"Sector 750 Crew from Hisun at Reyco Marine — side-by-side UTV for Northern Ontario terrain. Authorized Hisun dealer, Sault Ste. Marie.",134,
HS-SEC750EPS-26,Hisun,UTVs,Hisun Sector 750cc Utility UTV with Power Steering,Hisun Sector 750cc Utility UTV with Power Steering | Hisun | Reyco Marine,73,"Hisun Sector 750cc Utility UTV with Power Steering at Reyco Marine — side-by-side UTV for Northern Ontario terrain. Authorized Hisun dealer, Sault Ste. Marie.",158,
HS-STRK250R-26,Hisun,UTVs,Strike 250R,Strike 250R | Hisun | Reyco Marine,34,"Strike 250R from Hisun at Reyco Marine — side-by-side UTV for Northern Ontario terrain. Authorized Hisun dealer, Sault Ste. Marie.",130,
HS-STRK550R-26,Hisun,UTVs,Strike 550R,Strike 550R | Hisun | Reyco Marine,34,"Strike 550R from Hisun at Reyco Marine — side-by-side UTV for Northern Ontario terrain. Authorized Hisun dealer, Sault Ste. Marie.",130,
HS-STRY550-26,Hisun,UTVs,Stryker 550X Sport,Stryker 550X Sport | Hisun | Reyco Marine,41,"Stryker 550X Sport from Hisun at Reyco Marine — side-by-side UTV for Northern Ontario terrain. Authorized Hisun dealer, Sault Ste. Marie.",137,
HS-STRY750CREW-26,Hisun,UTVs,Hisun Stryker 750 Crew (4-Seat Sport),Hisun Stryker 750 Crew (4-Seat Sport) | Hisun | Reyco Marine,60,"Hisun Stryker 750 Crew (4-Seat Sport) from Hisun at Reyco Marine — side-by-side UTV for Northern Ontario terrain. Authorized Hisun dealer, Sault Ste. Marie.",156,
HS-STRY750X-26,Hisun,UTVs,Stryker 750X,Stryker 750X | Hisun | Reyco Marine,35,"Stryker 750X from Hisun at Reyco Marine — side-by-side UTV for Northern Ontario terrain. Authorized Hisun dealer, Sault Ste. Marie.",131,
HS-TACTIC-26,Hisun,ATVs,Tactic Utility ATV,Tactic Utility ATV | Hisun | Reyco Marine,41,"Tactic Utility ATV from Hisun at Reyco Marine — ATV for Northern Ontario trails. Authorized Hisun dealer, Sault Ste. Marie.",123,
MINNKOTA-TERROVA-80-,Minn Kota,Trolling Motors,Terrova 80,Terrova 80 | Minn Kota | Reyco Marine,37,"Terrova 80 from Minn Kota at Reyco Marine, Sault Ste. Marie — electric trolling motor for Northern Ontario anglers. Certified Minn Kota dealer.",143,
MK-EC15-BULK-26,Minn Kota,Marine Electronics,Battery Charger Extension Cable MK-EC-15,Battery Charger Extension Cable MK-EC-15 | Minn Kota | Reyco Marine,67,"Battery Charger Extension Cable MK-EC-15 from Minn Kota at Reyco Marine — certified Minn Kota dealer, Sault Ste. Marie. Marine electronics for Northern...",154,
MK-KTRV55-FW-26,Minn Kota,Kayak Motors,Kayak Terrova 55 lb,Kayak Terrova 55 lb | Minn Kota | Reyco Marine,46,"Kayak Terrova 55 lb from Minn Kota at Reyco Marine — compact electric motor for kayaks. Certified Minn Kota dealer, Sault Ste. Marie.",133,
MK-MK230PCL-26,Minn Kota,Marine Electronics,Precision Charger MK 230 PCL,Precision Charger MK 230 PCL | Minn Kota | Reyco Marine,55,"Precision Charger MK 230 PCL from Minn Kota at Reyco Marine — certified Minn Kota dealer, Sault Ste. Marie. Marine electronics for Northern Ontario lakes.",154,
MK-MK330PC-26,Minn Kota,Marine Electronics,Precision Charger MK 330 PC,Precision Charger MK 330 PC | Minn Kota | Reyco Marine,54,"Precision Charger MK 330 PC from Minn Kota at Reyco Marine — certified Minn Kota dealer, Sault Ste. Marie. Marine electronics for Northern Ontario lakes.",153,
MK-MK345PCL-26,Minn Kota,Marine Electronics,Precision Charger MK 345 PCL,Precision Charger MK 345 PCL | Minn Kota | Reyco Marine,55,"Precision Charger MK 345 PCL from Minn Kota at Reyco Marine — certified Minn Kota dealer, Sault Ste. Marie. Marine electronics for Northern Ontario lakes.",154,
MK-MK460PCL-26,Minn Kota,Marine Electronics,Precision Charger MK 460 PCL,Precision Charger MK 460 PCL | Minn Kota | Reyco Marine,55,"Precision Charger MK 460 PCL from Minn Kota at Reyco Marine — certified Minn Kota dealer, Sault Ste. Marie. Marine electronics for Northern Ontario lakes.",154,
MK-MKR30-26,Minn Kota,Marine Electronics,Remote Power Switch MKR-30,Remote Power Switch MKR-30 | Minn Kota | Reyco Marine,53,"Remote Power Switch MKR-30 from Minn Kota at Reyco Marine — certified Minn Kota dealer, Sault Ste. Marie. Marine electronics for Northern Ontario lakes.",152,
MK-RT112-87-26,Minn Kota,Trolling Motors,Riptide Terrova 112 lb,Riptide Terrova 112 lb | Minn Kota | Reyco Marine,49,"Riptide Terrova 112 lb from Minn Kota at Reyco Marine, Sault Ste. Marie — electric trolling motor for Northern Ontario anglers. Certified Minn Kota dealer.",155,
MK-RT80-60-REFURB,Minn Kota,Trolling Motors,Riptide Terrova 80 lb Refurb,Riptide Terrova 80 lb Refurb | Minn Kota | Reyco Marine,55,"Riptide Terrova 80 lb Refurb from Minn Kota at Reyco Marine, Sault Ste. Marie — electric trolling motor for Northern Ontario anglers. Certified Minn Kota...",156,
MK-RTKAYAK55-26,Minn Kota,Kayak Motors,Riptide Kayak Terrova 55 lb,Riptide Kayak Terrova 55 lb | Minn Kota | Reyco Marine,54,"Riptide Kayak Terrova 55 lb from Minn Kota at Reyco Marine — compact electric motor for kayaks. Certified Minn Kota dealer, Sault Ste. Marie.",141,
MK-RTQUEST9115-100-26,Minn Kota,Trolling Motors,Riptide Terrova QUEST 90/115,Riptide Terrova QUEST 90/115 | Minn Kota | Reyco Marine,55,"Riptide Terrova QUEST 90/115 from Minn Kota at Reyco Marine, Sault Ste. Marie — electric trolling motor for Northern Ontario anglers. Certified Minn Kota...",156,
MK-RTQUEST9115-72-26,Minn Kota,Trolling Motors,Riptide Terrova QUEST 90/115,Riptide Terrova QUEST 90/115 | Minn Kota | Reyco Marine,55,"Riptide Terrova QUEST 90/115 from Minn Kota at Reyco Marine, Sault Ste. Marie — electric trolling motor for Northern Ontario anglers. Certified Minn Kota...",156,
MK-RTQUEST9115-87-26,Minn Kota,Trolling Motors,Riptide Terrova QUEST 90/115,Riptide Terrova QUEST 90/115 | Minn Kota | Reyco Marine,55,"Riptide Terrova QUEST 90/115 from Minn Kota at Reyco Marine, Sault Ste. Marie — electric trolling motor for Northern Ontario anglers. Certified Minn Kota...",156,
MK-ULT80-45-26,Minn Kota,Trolling Motors,Ultrex 80 lb,Ultrex 80 lb | Minn Kota | Reyco Marine,39,"Ultrex 80 lb from Minn Kota at Reyco Marine, Sault Ste. Marie — electric trolling motor for Northern Ontario anglers. Certified Minn Kota dealer.",145,
MK-ULT80-52-26,Minn Kota,Trolling Motors,Ultrex 80 lb,Ultrex 80 lb | Minn Kota | Reyco Marine,39,"Ultrex 80 lb from Minn Kota at Reyco Marine, Sault Ste. Marie — electric trolling motor for Northern Ontario anglers. Certified Minn Kota dealer.",145,
MK-ULTQUEST9115-45-26,Minn Kota,Trolling Motors,Ultrex QUEST 90/115 lb,Ultrex QUEST 90/115 lb | Minn Kota | Reyco Marine,49,"Ultrex QUEST 90/115 lb from Minn Kota at Reyco Marine, Sault Ste. Marie — electric trolling motor for Northern Ontario anglers. Certified Minn Kota dealer.",155,
RJ-BOAT-LIFT-ROOF-SY,R&J Machine,Boat Lifts,R&J Boat Lift Roof System,R&J Boat Lift Roof System | R&J Machine | Reyco Marine,54,"R&J Boat Lift Roof System from R&J Machine at Reyco Marine — boat lift for Northern Ontario docks. Authorized R&J Machine dealer, Sault Ste. Marie.",147,
RJ-CANTILEVER-BOAT-L,R&J Machine,Boat Lifts,R&J Cantilever Boat Lift,R&J Cantilever Boat Lift | R&J Machine | Reyco Marine,53,"R&J Cantilever Boat Lift from R&J Machine at Reyco Marine — boat lift for Northern Ontario docks. Authorized R&J Machine dealer, Sault Ste. Marie.",146,
RJ-FLOATING-TRUSS-DO,R&J Machine,Dock Systems,R&J Floating Truss Dock,R&J Floating Truss Dock | R&J Machine | Reyco Marine,52,"R&J Floating Truss Dock from R&J Machine at Reyco Marine — floating dock system for Northern Ontario properties. R&J Machine dealer, Sault Ste. Marie.",150,
RJ-HIDDEN-BEAM-WET-S,R&J Machine,Boat Lifts,R&J Hidden-Beam Wet-Slip Lift,R&J Hidden-Beam Wet-Slip Lift | R&J Machine | Reyco Marine,58,"R&J Hidden-Beam Wet-Slip Lift from R&J Machine at Reyco Marine — boat lift for Northern Ontario docks. Authorized R&J Machine dealer, Sault Ste. Marie.",151,
RJ-HYDRAULIC-BOAT-LI,R&J Machine,Boat Lifts,R&J Hydraulic Boat Lift,R&J Hydraulic Boat Lift | R&J Machine | Reyco Marine,52,"R&J Hydraulic Boat Lift from R&J Machine at Reyco Marine — boat lift for Northern Ontario docks. Authorized R&J Machine dealer, Sault Ste. Marie.",145,
RJ-HYDRAULIC-PWC-LIF,R&J Machine,Boat Lifts,R&J Hydraulic Personal Watercraft Lift,R&J Hydraulic Personal Watercraft Lift | R&J Machine | Reyco Marine,67,"R&J Hydraulic Personal Watercraft Lift from R&J Machine at Reyco Marine — boat lift for Northern Ontario docks. Authorized R&J Machine dealer, Sault Ste....",156,
RJ-HYDRO-EXTREME-BOA,R&J Machine,Boat Lifts,R&J Hydro Extreme Boat Lift,R&J Hydro Extreme Boat Lift | R&J Machine | Reyco Marine,56,"R&J Hydro Extreme Boat Lift from R&J Machine at Reyco Marine — boat lift for Northern Ontario docks. Authorized R&J Machine dealer, Sault Ste. Marie.",149,
RJ-LIFT-UP-STEP-DOCK,R&J Machine,Boat Lifts,R&J Lift-Up Step Dock,R&J Lift-Up Step Dock | R&J Machine | Reyco Marine,50,"R&J Lift-Up Step Dock from R&J Machine at Reyco Marine — boat lift for Northern Ontario docks. Authorized R&J Machine dealer, Sault Ste. Marie.",143,
RJ-LUX-FLOATING-DOCK,R&J Machine,Dock Systems,R&J LUX Floating Dock System,R&J LUX Floating Dock System | R&J Machine | Reyco Marine,57,"R&J LUX Floating Dock System from R&J Machine at Reyco Marine — floating dock system for Northern Ontario properties. R&J Machine dealer, Sault Ste. Marie.",155,
RJ-MARINE-RAILWAY-SY,R&J Machine,Dock & Lift Equipment,R&J Marine Railway System,R&J Marine Railway System | R&J Machine | Reyco Marine,54,"R&J Machine R&J Marine Railway System at Reyco Marine, Sault Ste. Marie — waterfront accessories for Northern Ontario.",118,
RJ-TRUSS-PIPE-DOCK-A,R&J Machine,Dock Systems,R&J Truss Pipe Dock — Aluminum,R&J Truss Pipe Dock — Aluminum | R&J Machine | Reyco Marine,59,"R&J Truss Pipe Dock — Aluminum from R&J Machine at Reyco Marine — floating dock system for Northern Ontario properties. R&J Machine dealer, Sault Ste. Marie.",157,
RJ-VERTICAL-PONTOON-,R&J Machine,Boat Lifts,R&J Vertical Pontoon Boat Lift,R&J Vertical Pontoon Boat Lift | R&J Machine | Reyco Marine,59,"R&J Vertical Pontoon Boat Lift from R&J Machine at Reyco Marine — boat lift for Northern Ontario docks. Authorized R&J Machine dealer, Sault Ste. Marie.",152,
RJ-WAVEX-MODULAR-DOC,R&J Machine,Dock Systems,R&J WaveX Modular Dock System,R&J WaveX Modular Dock System | R&J Machine | Reyco Marine,58,"R&J WaveX Modular Dock System from R&J Machine at Reyco Marine — floating dock system for Northern Ontario properties. R&J Machine dealer, Sault Ste. Marie.",156,
WAVE-ARMOR-OTTER-SWI,Wave Armor,Swim Platforms,Otter Swim Raft 8'x10',Otter Swim Raft 8'x10' | Wave Armor | Reyco Marine,50,"Wave Armor Otter Swim Raft 8'x10' at Reyco Marine, Sault Ste. Marie — waterfront accessories for Northern Ontario.",114,
WAVE-ARMOUR-PWC-WAVE,Wave Armor,PWC Equipment,Personal Watercraft Wave Port,Personal Watercraft Wave Port | Wave Armor | Reyco Marine,57,"Wave Armor Personal Watercraft Wave Port at Reyco Marine, Sault Ste. Marie — waterfront accessories for Northern Ontario.",121,
