severity,brand,slug,name,effective_title,reyco_meta_title,rank_math_desc,primary_alt,img_count,issues
P1,Cannon,cannon-downrigger-weight-10-lb-cannon-ball,Cannon 10 lb Downrigger Cannonball Weight,Downrigger Weight | Cannon | Reyco Marine,Downrigger Weight | Cannon | Reyco Marine,,,0,META_DESC_MISSING; NO_IMAGES
P1,Cannon,cannon-downrigger-weight-4-lb-cannon-ball,Cannon 4 lb Downrigger Cannonball Weight,Downrigger Weight | Cannon | Reyco Marine,Downrigger Weight | Cannon | Reyco Marine,,,0,META_DESC_MISSING; NO_IMAGES
P1,Cannon,cannon-downrigger-weight-6-lb-cannon-ball,Cannon 6 lb Downrigger Cannonball Weight,Downrigger Weight | Cannon | Reyco Marine,Downrigger Weight | Cannon | Reyco Marine,,,0,META_DESC_MISSING; NO_IMAGES
P1,Cannon,cannon-downrigger-weight-8-lb-cannon-ball,Cannon 8 lb Downrigger Cannonball Weight,Downrigger Weight | Cannon | Reyco Marine,Downrigger Weight | Cannon | Reyco Marine,,,0,META_DESC_MISSING; NO_IMAGES
P1,Cannon,cannon-easi-troll,Cannon Easi-Troll Downrigger,Easi-Troll | Cannon | Reyco Marine,Easi-Troll | Cannon | Reyco Marine,,,1,META_DESC_MISSING; ALT_EMPTY
P1,Cannon,cannon-lake-troll,Cannon Lake-Troll Downrigger,Lake-Troll | Cannon | Reyco Marine,Lake-Troll | Cannon | Reyco Marine,,,1,META_DESC_MISSING; ALT_EMPTY
P1,Cannon,cannon-magnum-10,Cannon Magnum 10 Downrigger,Magnum 10 | Cannon | Reyco Marine,Magnum 10 | Cannon | Reyco Marine,,,1,META_DESC_MISSING; ALT_EMPTY
P1,Cannon,cannon-magnum-10-ts,Cannon Magnum 10 TS Downrigger,Magnum 10 TS | Cannon | Reyco Marine,Magnum 10 TS | Cannon | Reyco Marine,,,1,META_DESC_MISSING; ALT_EMPTY
P1,Cannon,cannon-magnum-5,Cannon Magnum 5 Downrigger,Magnum 5 | Cannon | Reyco Marine,Magnum 5 | Cannon | Reyco Marine,,,1,META_DESC_MISSING; ALT_EMPTY
P1,Cannon,cannon-mini-troll,Cannon Mini-Troll Downrigger,Mini-Troll | Cannon | Reyco Marine,Mini-Troll | Cannon | Reyco Marine,,,1,META_DESC_MISSING; ALT_EMPTY
P1,Cannon,cannon-optimum-downrigger,Cannon Optimum Downrigger,Optimum Downrigger | Cannon | Reyco Marine,Optimum Downrigger | Cannon | Reyco Marine,,,1,META_DESC_MISSING; ALT_EMPTY
P1,Cannon,cannon-optimum-ts-downrigger,Cannon Optimum TS Downrigger,Optimum TS Downrigger | Cannon | Reyco Marine,Optimum TS Downrigger | Cannon | Reyco Marine,,,1,META_DESC_MISSING; ALT_EMPTY
P1,Cannon,cannon-uni-stacker-release,Cannon Uni-Stacker Downrigger Release,Uni-Stacker Release | Cannon | Reyco Marine,Uni-Stacker Release | Cannon | Reyco Marine,,,0,META_DESC_MISSING; NO_IMAGES
P1,Cannon,cannon-uni-troll-10,Cannon Uni-Troll 10 Downrigger,Uni-Troll 10 | Cannon | Reyco Marine,Uni-Troll 10 | Cannon | Reyco Marine,,,1,META_DESC_MISSING; ALT_EMPTY
P1,Cannon,cannon-uni-troll-10-ts,Cannon Uni-Troll 10 TS Downrigger,Uni-Troll 10 TS | Cannon | Reyco Marine,Uni-Troll 10 TS | Cannon | Reyco Marine,,,1,META_DESC_MISSING; ALT_EMPTY
P1,Cannon,cannon-uni-troll-5,Cannon Uni-Troll 5 Downrigger,Uni-Troll 5 | Cannon | Reyco Marine,Uni-Troll 5 | Cannon | Reyco Marine,,,1,META_DESC_MISSING; ALT_EMPTY
P1,Cub Cadet,2023-cub-cadet-17aieacl010,2023 Cub Cadet 17AIEACL010 Zero-Turn Mower,ZT2 42 Zero Turn | Cub Cadet | Reyco Marine,ZT2 42 Zero Turn | Cub Cadet | Reyco Marine,,,1,META_DESC_MISSING; ALT_EMPTY
P1,Cub Cadet,2023-cub-cadet-17argbyea10,2023 Cub Cadet ZTS1 Zero-Turn Mower (17ARGBYEA10),2023 Cub Cadet ZTS1 Zero-Turn Mower (17ARGBYEA10),,,,1,TITLE_MISSING_CUSTOM; META_DESC_MISSING; ALT_EMPTY
P1,Cub Cadet,2024-cub-cadet-17aieac2a10,2024 Cub Cadet ZT250 50-inch Zero-Turn Mower (17AIEAC2A10),2024 Cub Cadet ZT250 50-inch Zero-Turn Mower (17AIEAC2A10),,,,1,TITLE_MISSING_CUSTOM; META_DESC_MISSING; ALT_EMPTY
P1,Cub Cadet,2024-cub-cadet-17aieac3a10,2024 Cub Cadet ZT2-54 54-inch Zero-Turn Mower (17AIEAC3A10),ZT2 42 Zero Turn | Cub Cadet | Reyco Marine,ZT2 42 Zero Turn | Cub Cadet | Reyco Marine,,,1,META_DESC_MISSING; ALT_EMPTY
P1,Cub Cadet,2024-cub-cadet-17argbyla10,2024 Cub Cadet 17ARGBYLA10 Zero-Turn Mower,2024 Cub Cadet 17ARGBYLA10 Zero-Turn Mower,,,,1,TITLE_MISSING_CUSTOM; META_DESC_MISSING; ALT_EMPTY
P1,Cub Cadet,2025-cub-cadet-17argbyna10-2,2025 Cub Cadet ZTS46 46-inch Zero-Turn Mower (17ARGBYNA10),ZT2 42 Zero Turn | Cub Cadet | Reyco Marine,ZT2 42 Zero Turn | Cub Cadet | Reyco Marine,,,1,META_DESC_MISSING; ALT_EMPTY
P1,Cub Cadet,2026-cub-cadet-13a6a9ts596-6,2026 Cub Cadet XT1 LT42 42-inch Riding Mower (13A6A9TS596),2026 Cub Cadet XT1 LT42 42-inch Riding Mower (13A6A9TS596),,,,1,TITLE_MISSING_CUSTOM; META_DESC_MISSING; ALT_EMPTY
P1,Cub Cadet,2026-cub-cadet-13apa1tea10-4,2026 Cub Cadet XT2 LX42 42-inch Riding Mower,2026 Cub Cadet XT2 LX42 42-inch Riding Mower,,,,1,TITLE_MISSING_CUSTOM; META_DESC_MISSING; ALT_EMPTY
P1,Cub Cadet,2026-cub-cadet-13apa1tea10-6,2026 Cub Cadet XT2 LX42 42-inch Riding Mower (13APA1TEA10),XT2 LX42 | Cub Cadet | Reyco Marine,XT2 LX42 | Cub Cadet | Reyco Marine,,,1,META_DESC_MISSING; ALT_EMPTY
P1,Cub Cadet,2026-cub-cadet-13apa1tna10-4,2026 Cub Cadet XT2 LX46 46-inch Riding Mower (13APA1TNA10),2026 Cub Cadet XT2 LX46 46-inch Riding Mower (13APA1TNA10),,,,1,TITLE_MISSING_CUSTOM; META_DESC_MISSING; ALT_EMPTY
P1,Cub Cadet,2026-cub-cadet-13apa9tta10-5,2026 Cub Cadet XT1 LT46 46-inch Riding Mower (13APA9TTA10),2026 Cub Cadet XT1 LT46 46-inch Riding Mower (13APA9TTA10),,,,1,TITLE_MISSING_CUSTOM; META_DESC_MISSING; ALT_EMPTY
P1,Cub Cadet,2026-cub-cadet-13apa9tta10-6,2026 Cub Cadet XT1 LT46 46-inch Riding Mower,XT1 LT46 | Cub Cadet | Reyco Marine,XT1 LT46 | Cub Cadet | Reyco Marine,,,1,META_DESC_MISSING; ALT_EMPTY
P1,Cub Cadet,2026-cub-cadet-13aqa2tma10,2026 Cub Cadet XT1 ST54 54-inch Riding Mower FAB,2026 Cub Cadet XT1 ST54 54-inch Riding Mower FAB,,,,1,TITLE_MISSING_CUSTOM; META_DESC_MISSING; ALT_EMPTY
P1,Cub Cadet,2026-cub-cadet-13b5a2tla10,2026 Cub Cadet NX 15 SLX50 50-inch Riding Mower (13B5A2TLA10),XT2 SLX50 | Cub Cadet | Reyco Marine,XT2 SLX50 | Cub Cadet | Reyco Marine,,,1,META_DESC_MISSING; ALT_EMPTY
P1,Cub Cadet,2026-cub-cadet-13b6a9tta10-3,2026 Cub Cadet XT1 LT46 46-inch Riding Mower IntelliPOWER,2026 Cub Cadet XT1 LT46 46-inch Riding Mower IntelliPOWER,,,,1,TITLE_MISSING_CUSTOM; META_DESC_MISSING; ALT_EMPTY
P1,Cub Cadet,2026-cub-cadet-13b6a9tta10-4,2026 Cub Cadet XT1 LT46 46-inch Riding Mower (13B6A9TTA10),2026 Cub Cadet XT1 LT46 46-inch Riding Mower (13B6A9TTA10),,,,1,TITLE_MISSING_CUSTOM; META_DESC_MISSING; ALT_EMPTY
P1,Cub Cadet,cub-cadet-challenger-750-mx-hisun-built-utv,Cub Cadet Challenger 750 MX (Hisun-Built UTV),Cub Cadet Challenger 750 MX (Hisun-Built | Cub Cadet | Reyco Marine,Cub Cadet Challenger 750 MX (Hisun-Built | Cub Cadet | Reyco Marine,,,1,META_DESC_MISSING; ALT_EMPTY
P1,Cub Cadet,xt1-lt42-intellipower-2,2026 Cub Cadet XT1 LT42 42-inch Riding Mower IntelliPOWER Enduro Series,XT1 LT42 | Cub Cadet | Reyco Marine,XT1 LT42 | Cub Cadet | Reyco Marine,,,13,META_DESC_MISSING; ALT_EMPTY
P1,Cub Cadet,xt1-lt50-fab,2026 Cub Cadet XT1 LT50 50-inch Riding Mower FAB Enduro Series,XT1 LT50 | Cub Cadet | Reyco Marine,XT1 LT50 | Cub Cadet | Reyco Marine,,,9,META_DESC_MISSING; ALT_EMPTY
P1,Cub Cadet,xt1-st54-fab,2026 Cub Cadet XT1 ST54 54-inch Riding Mower FAB Enduro Series,2026 Cub Cadet XT1 ST54 54-inch Riding Mower FAB Enduro Series,,,,9,TITLE_MISSING_CUSTOM; META_DESC_MISSING; ALT_EMPTY
P1,Cub Cadet,xt2-gx54-d,2026 Cub Cadet XT2 GX54 54-inch Riding Mower Enduro Series,2026 Cub Cadet XT2 GX54 54-inch Riding Mower Enduro Series,,,,8,TITLE_MISSING_CUSTOM; META_DESC_MISSING; ALT_EMPTY
P1,Cub Cadet,xt2-lx46,2026 Cub Cadet XT2 LX46 46-inch Riding Mower Enduro Series,2026 Cub Cadet XT2 LX46 46-inch Riding Mower Enduro Series,,,,8,TITLE_MISSING_CUSTOM; META_DESC_MISSING; ALT_EMPTY
P1,Echo,echo-cs-2511p-compact-pro-chainsaw,Echo CS-2511P 12-inch Chainsaw,25cc Gas Chainsaw | Echo | Reyco Marine,25cc Gas Chainsaw | Echo | Reyco Marine,,Echo CS-2511P Compact Pro Chainsaw,1,META_DESC_MISSING
P1,Echo,echo-cs-2511t-top-handle-chainsaw,Echo CS-2511T Chainsaw,25cc Gas Chainsaw (Top Handle) | Echo | Reyco Marine,25cc Gas Chainsaw (Top Handle) | Echo | Reyco Marine,,Echo CS-2511T Top-Handle Chainsaw,1,META_DESC_MISSING
P1,Echo,echo-cs-271t-top-handle-chainsaw,Echo CS-271T Chainsaw,27cc Gas Chainsaw (Top Handle) | Echo | Reyco Marine,27cc Gas Chainsaw (Top Handle) | Echo | Reyco Marine,,Echo CS-271T Top-Handle Chainsaw,1,META_DESC_MISSING
P1,Echo,echo-cs-310-chainsaw,Echo CS-310 14-inch Chainsaw,30cc Gas Chainsaw | Echo | Reyco Marine,30cc Gas Chainsaw | Echo | Reyco Marine,,Echo CS-310 Chainsaw,1,META_DESC_MISSING
P1,Echo,echo-cs-3510-homeowner-chainsaw,Echo CS-3510 14-inch Chainsaw,35cc Gas Chainsaw | Echo | Reyco Marine,35cc Gas Chainsaw | Echo | Reyco Marine,,Echo CS-3510 Homeowner Chainsaw,1,META_DESC_MISSING
P1,Echo,echo-cs-352-chainsaw,Echo CS-352 16-inch Chainsaw,35cc Gas Chainsaw | Echo | Reyco Marine,35cc Gas Chainsaw | Echo | Reyco Marine,,Echo CS-352 Chainsaw,1,META_DESC_MISSING
P1,Echo,echo-cs-355t-top-handle-chainsaw,Echo CS-355T Chainsaw,35cc Gas Chainsaw (Top Handle) | Echo | Reyco Marine,35cc Gas Chainsaw (Top Handle) | Echo | Reyco Marine,,Echo CS-355T Top-Handle Chainsaw,1,META_DESC_MISSING
P1,Echo,echo-cs-361p-mid-pro-chainsaw,Echo CS-361P 16-inch Chainsaw,36cc Gas Chainsaw | Echo | Reyco Marine,36cc Gas Chainsaw | Echo | Reyco Marine,,Echo CS-361P Mid Pro Chainsaw,1,META_DESC_MISSING
P1,Echo,echo-cs-370f-farm-ranch-chainsaw,Echo CS-370F 16-inch Chainsaw,37cc Gas Chainsaw (Front Handle) | Echo | Reyco Marine,37cc Gas Chainsaw (Front Handle) | Echo | Reyco Marine,,Echo CS-370F Farm/Ranch Chainsaw,1,META_DESC_MISSING
P1,Echo,echo-cs-4510-mid-homeowner-chainsaw,Echo CS-4510 18-inch Chainsaw,45cc Gas Chainsaw | Echo | Reyco Marine,45cc Gas Chainsaw | Echo | Reyco Marine,,Echo CS-4510 Mid Homeowner Chainsaw,1,META_DESC_MISSING
P1,Echo,echo-cs-490-mid-pro-chainsaw,Echo CS-490 18-inch Chainsaw,50cc Gas Chainsaw | Echo | Reyco Marine,50cc Gas Chainsaw | Echo | Reyco Marine,,Echo CS-490 Mid Pro Chainsaw,1,META_DESC_MISSING
P1,Echo,echo-cs-4910-pro-chainsaw,Echo CS-4910 18-inch Chainsaw,49cc Gas Chainsaw | Echo | Reyco Marine,49cc Gas Chainsaw | Echo | Reyco Marine,,Echo CS-4910 Pro Chainsaw,1,META_DESC_MISSING
P1,Echo,echo-cs-501p-pro-chainsaw,Echo CS-501P 20-inch Chainsaw,50cc Gas Chainsaw | Echo | Reyco Marine,50cc Gas Chainsaw | Echo | Reyco Marine,,Echo CS-501P Pro Chainsaw,1,META_DESC_MISSING
P1,Echo,echo-cs-590-timber-wolf-chainsaw,Echo CS-590 20-inch Chainsaw,59cc Gas Chainsaw | Echo | Reyco Marine,59cc Gas Chainsaw | Echo | Reyco Marine,,Echo CS-590 Timber Wolf Chainsaw,1,META_DESC_MISSING
P1,Echo,echo-cs-620p-pro-chainsaw,Echo CS-620P 20-inch Chainsaw,62cc Gas Chainsaw | Echo | Reyco Marine,62cc Gas Chainsaw | Echo | Reyco Marine,,Echo CS-620P Pro Chainsaw,1,META_DESC_MISSING
P1,Echo,echo-cs-680-chainsaw,Echo CS-680 24-inch Chainsaw,68cc Gas Chainsaw | Echo | Reyco Marine,68cc Gas Chainsaw | Echo | Reyco Marine,,Echo CS-680 Chainsaw,1,META_DESC_MISSING
P1,Echo,echo-cs-7310p-heavy-production-chainsaw,Echo CS-7310P 24-inch Chainsaw,73cc Gas Chainsaw | Echo | Reyco Marine,73cc Gas Chainsaw | Echo | Reyco Marine,,Echo CS-7310P Heavy Production Chainsaw,1,META_DESC_MISSING
P1,Echo,echo-csg-7410-handheld-cut-off-saw,Echo CSG-7410 Cut-Off Saw,Cordless Gas Chainsaw | Echo | Reyco Marine,Cordless Gas Chainsaw | Echo | Reyco Marine,,Echo CSG-7410 Handheld Cut-Off Saw,1,META_DESC_MISSING
P1,Echo,echo-cwt-7410-walk-behind-cut-off-saw,Echo CWT-7410 Walk-Behind Cut-Off Saw,Cordless Power Tool | Echo | Reyco Marine,Cordless Power Tool | Echo | Reyco Marine,,Echo CWT-7410 Walk-Behind Cut-Off Saw,1,META_DESC_MISSING
P1,Echo,echo-dcs-2500t-cordless-top-handle-chainsaw,Echo DCS-2500T Cordless Chainsaw,Battery Chainsaw (Top Handle) | Echo | Reyco Marine,Battery Chainsaw (Top Handle) | Echo | Reyco Marine,,Echo DCS-2500T Cordless Top-Handle Chainsaw,1,META_DESC_MISSING
P1,Echo,echo-dcs-5000-56v-cordless-chainsaw,Echo DCS-5000 18-inch Cordless Chainsaw,Battery Chainsaw | Echo | Reyco Marine,Battery Chainsaw | Echo | Reyco Marine,,Echo DCS-5000 56V Cordless Chainsaw,1,META_DESC_MISSING
P1,Echo,echo-dhc-2300-cordless-hedge-trimmer,Echo DHC-2300 Cordless Hedge Trimmer,Battery Hedge Trimmer | Echo | Reyco Marine,Battery Hedge Trimmer | Echo | Reyco Marine,,Echo DHC-2300 Cordless Hedge Trimmer,1,META_DESC_MISSING
P1,Echo,echo-dlm-2100-cordless-push-mower,Echo DLM-2100 Cordless Push Mower,Battery Self-Propelled Lawn Mower | Echo | Reyco Marine,Battery Self-Propelled Lawn Mower | Echo | Reyco Marine,,Echo DLM-2100 Cordless Push Mower,1,META_DESC_MISSING
P1,Echo,echo-dlm-2100sp-cordless-self-propelled-mower,Echo DLM-2100SP Cordless Self-Propelled Mower,Battery Self-Propelled Lawn Mower | Echo | Reyco Marine,Battery Self-Propelled Lawn Mower | Echo | Reyco Marine,,Echo DLM-2100SP Cordless Self-Propelled Mower,1,META_DESC_MISSING
P1,Echo,echo-dpas-2100-cordless-pas-powerhead,Echo DPAS-2100 Cordless PAS Powerhead,Battery Power Attachment System | Echo | Reyco Marine,Battery Power Attachment System | Echo | Reyco Marine,,Echo DPAS-2100 Cordless PAS Powerhead,1,META_DESC_MISSING
P1,Echo,echo-dpas-2600-cordless-pas-pro-powerhead,Echo DPAS-2600 Cordless PAS Powerhead,Battery Power Attachment System | Echo | Reyco Marine,Battery Power Attachment System | Echo | Reyco Marine,,Echo DPAS-2600 Cordless PAS Pro Powerhead,1,META_DESC_MISSING
P1,Echo,echo-dpb-2500-cordless-handheld-blower,Echo DPB-2500 Cordless Handheld Blower,Battery Backpack Blower | Echo | Reyco Marine,Battery Backpack Blower | Echo | Reyco Marine,,Echo DPB-2500 Cordless Handheld Blower,1,META_DESC_MISSING
P1,Echo,echo-dpb-2500le-limited-edition-pink-blower,Echo DPB-2500LE Cordless Handheld Blower,Battery Backpack Blower (Low Emission) | Echo | Reyco Marine,Battery Backpack Blower (Low Emission) | Echo | Reyco Marine,,Echo DPB-2500LE Limited Edition Pink Blower,1,META_DESC_MISSING
P1,Echo,echo-dsrm-2100-cordless-string-trimmer,Echo DSRM-2100 Cordless String Trimmer,Battery String Trimmer | Echo | Reyco Marine,Battery String Trimmer | Echo | Reyco Marine,,Echo DSRM-2100 Cordless String Trimmer,1,META_DESC_MISSING
P1,Echo,echo-dsrm-2600-cordless-string-trimmer,Echo DSRM-2600 Cordless String Trimmer,Battery String Trimmer | Echo | Reyco Marine,Battery String Trimmer | Echo | Reyco Marine,,Echo DSRM-2600 Cordless String Trimmer,1,META_DESC_MISSING
P1,Echo,echo-dsrm-2600u-cordless-u-handle-brushcutter,Echo DSRM-2600U Cordless String Trimmer,Battery String Trimmer | Echo | Reyco Marine,Battery String Trimmer | Echo | Reyco Marine,,Echo DSRM-2600U Cordless U-Handle Brushcutter,1,META_DESC_MISSING
P1,Echo,echo-es-250-handheld-shred-vac,Echo ES-250 Handheld Shred/Vac,Gas Edger | Echo | Reyco Marine,Gas Edger | Echo | Reyco Marine,,Echo ES-250 Handheld Shred/Vac,1,META_DESC_MISSING
P1,Echo,echo-gt-225-curved-shaft-trimmer,Echo GT-225 Curved-Shaft Trimmer,22cc Gas Grass Trimmer | Echo | Reyco Marine,22cc Gas Grass Trimmer | Echo | Reyco Marine,,,1,META_DESC_MISSING; ALT_EMPTY
P1,Echo,echo-hc-155-single-sided-hedge-trimmer,Echo HC-155 Hedge Trimmer,Gas Hedge Trimmer | Echo | Reyco Marine,Gas Hedge Trimmer | Echo | Reyco Marine,,Echo HC-155 Single-Sided Hedge Trimmer,1,META_DESC_MISSING
P1,Echo,echo-hc-2020-hedge-trimmer,Echo HC-2020 Hedge Trimmer,Gas Hedge Trimmer | Echo | Reyco Marine,Gas Hedge Trimmer | Echo | Reyco Marine,,Echo HC-2020 Hedge Trimmer,1,META_DESC_MISSING
P1,Echo,echo-hc-2210-double-sided-hedge-trimmer,Echo HC-2210 Hedge Trimmer,Gas Hedge Trimmer | Echo | Reyco Marine,Gas Hedge Trimmer | Echo | Reyco Marine,,Echo HC-2210 Double-Sided Hedge Trimmer,1,META_DESC_MISSING
P1,Echo,echo-hc-2810-heavy-double-sided-hedge-trimmer,Echo HC-2810 Hedge Trimmer,Gas Hedge Trimmer | Echo | Reyco Marine,Gas Hedge Trimmer | Echo | Reyco Marine,,Echo HC-2810 Heavy Double-Sided Hedge Trimmer,1,META_DESC_MISSING
P1,Echo,echo-hca-2620-articulating-extended-reach,Echo HCA-2620 Articulating Hedge Trimmer,Hedge Trimmer Power Attachment | Echo | Reyco Marine,Hedge Trimmer Power Attachment | Echo | Reyco Marine,,Echo HCA-2620 Articulating Extended-Reach Hedge Trimmer,1,META_DESC_MISSING
P1,Echo,echo-hca-2620s-articulating-extended-reach-s,Echo HCA-2620S Articulating Hedge Trimmer,Hedge Trimmer Power Attachment | Echo | Reyco Marine,Hedge Trimmer Power Attachment | Echo | Reyco Marine,,Echo HCA-2620S Articulating Extended-Reach Hedge Trimmer S,1,META_DESC_MISSING
P1,Echo,echo-pas-225-homeowner-powerhead,Echo PAS-225 PAS Powerhead,22cc Gas Power Attachment System | Echo | Reyco Marine,22cc Gas Power Attachment System | Echo | Reyco Marine,,Echo PAS-225 Homeowner Powerhead,1,META_DESC_MISSING
P1,Echo,echo-pas-2620-pro-powerhead,Echo PAS-2620 PAS Powerhead,Gas Power Attachment System | Echo | Reyco Marine,Gas Power Attachment System | Echo | Reyco Marine,,Echo PAS-2620 Pro Powerhead,1,META_DESC_MISSING
P1,Echo,echo-pb-2520-handheld-blower,Echo PB-2520 Handheld Blower,Gas Backpack Blower | Echo | Reyco Marine,Gas Backpack Blower | Echo | Reyco Marine,,Echo PB-2520 Handheld Blower,1,META_DESC_MISSING
P1,Echo,echo-pb-255ln-low-noise-handheld,Echo PB-255LN Handheld Blower,Gas Backpack Blower (Low Noise) | Echo | Reyco Marine,Gas Backpack Blower (Low Noise) | Echo | Reyco Marine,,Echo PB-255LN Low-Noise Handheld Blower,1,META_DESC_MISSING
P1,Echo,echo-pb-2620-handheld-blower,Echo PB-2620 Handheld Blower,Gas Backpack Blower | Echo | Reyco Marine,Gas Backpack Blower | Echo | Reyco Marine,,Echo PB-2620 Handheld Blower,1,META_DESC_MISSING
P1,Echo,echo-pb-265ln-low-noise-handheld,Echo PB-265LN Handheld Blower,Gas Backpack Blower (Low Noise) | Echo | Reyco Marine,Gas Backpack Blower (Low Noise) | Echo | Reyco Marine,,Echo PB-265LN Low-Noise Handheld Blower,1,META_DESC_MISSING
P1,Echo,echo-pb-580t-backpack-blower,Echo PB-580T Backpack Blower,Gas Backpack Blower | Echo | Reyco Marine,Gas Backpack Blower | Echo | Reyco Marine,,Echo PB-580T Backpack Blower,1,META_DESC_MISSING
P1,Echo,echo-pb-755st-backpack-blower,Echo PB-755ST Backpack Blower,Gas Backpack Blower | Echo | Reyco Marine,Gas Backpack Blower | Echo | Reyco Marine,,Echo PB-755ST Backpack Blower,1,META_DESC_MISSING
P1,Echo,echo-pb-760lnt-low-noise-backpack-tube,Echo PB-760LNT Backpack Blower,Gas Backpack Blower (Low Noise) | Echo | Reyco Marine,Gas Backpack Blower (Low Noise) | Echo | Reyco Marine,,,1,META_DESC_MISSING; ALT_EMPTY
P1,Echo,echo-pb-770-pro-backpack-blower,Echo PB-770 Backpack Blower,Gas Backpack Blower | Echo | Reyco Marine,Gas Backpack Blower | Echo | Reyco Marine,,Echo PB-770 Pro Backpack Blower,1,META_DESC_MISSING
P1,Echo,echo-pb-8010-x-series-backpack-blower,Echo PB-8010 Backpack Blower,Gas Backpack Blower | Echo | Reyco Marine,Gas Backpack Blower | Echo | Reyco Marine,,Echo PB-8010 X Series Backpack Blower,1,META_DESC_MISSING
P1,Echo,echo-pb-9010t-x-series-backpack-blower,Echo PB-9010T Backpack Blower,Gas Backpack Blower | Echo | Reyco Marine,Gas Backpack Blower | Echo | Reyco Marine,,Echo PB-9010T X Series Backpack Blower,1,META_DESC_MISSING
P1,Echo,echo-pe-2620-walk-behind-edger,Echo PE-2620 Walk-Behind Edger,Gas Pole Pruner | Echo | Reyco Marine,Gas Pole Pruner | Echo | Reyco Marine,,Echo PE-2620 Walk-Behind Edger,1,META_DESC_MISSING
P1,Echo,echo-pw-3100-gas-pressure-washer,Echo PW-3100 Pressure Washer,3100 PSI Gas Pressure Washer | Echo | Reyco Marine,3100 PSI Gas Pressure Washer | Echo | Reyco Marine,,Echo PW-3100 Gas Pressure Washer,1,META_DESC_MISSING
P1,Echo,echo-pw-3200-gas-pressure-washer,Echo PW-3200 Pressure Washer,3200 PSI Gas Pressure Washer | Echo | Reyco Marine,3200 PSI Gas Pressure Washer | Echo | Reyco Marine,,Echo PW-3200 Gas Pressure Washer,1,META_DESC_MISSING
P1,Echo,echo-pw-3600-pro-gas-pressure-washer,Echo PW-3600 Pressure Washer,3600 PSI Gas Pressure Washer | Echo | Reyco Marine,3600 PSI Gas Pressure Washer | Echo | Reyco Marine,,Echo PW-3600 Pro Gas Pressure Washer,1,META_DESC_MISSING
P1,Echo,echo-pw-4200-flagship-pro-pressure-washer,Echo PW-4200 Pressure Washer,4200 PSI Gas Pressure Washer | Echo | Reyco Marine,4200 PSI Gas Pressure Washer | Echo | Reyco Marine,,Echo PW-4200 Flagship Pro Pressure Washer,1,META_DESC_MISSING
P1,Echo,echo-pwe-1800-electric-pressure-washer,Echo PWE-1800 Electric Pressure Washer,1800 PSI Electric Pressure Washer | Echo | Reyco Marine,1800 PSI Electric Pressure Washer | Echo | Reyco Marine,,Echo PWE-1800 Electric Pressure Washer,1,META_DESC_MISSING
P1,Echo,echo-shc-225-shafted-hedge-trimmer,Echo SHC-225 Shafted Hedge Trimmer,22cc Gas Shaft Hedge Trimmer | Echo | Reyco Marine,22cc Gas Shaft Hedge Trimmer | Echo | Reyco Marine,,,1,META_DESC_MISSING; ALT_EMPTY
P1,Echo,echo-shc-225s-shafted-hedge-trimmer-s,Echo SHC-225S Shafted Hedge Trimmer,22cc Gas Shaft Hedge Trimmer | Echo | Reyco Marine,22cc Gas Shaft Hedge Trimmer | Echo | Reyco Marine,,,1,META_DESC_MISSING; ALT_EMPTY
P1,Echo,echo-shc-2620-pro-shafted-hedge-trimmer,Echo SHC-2620 Shafted Hedge Trimmer,Gas Shaft Hedge Trimmer | Echo | Reyco Marine,Gas Shaft Hedge Trimmer | Echo | Reyco Marine,,Echo SHC-2620 Pro Shafted Hedge Trimmer,1,META_DESC_MISSING
P1,Echo,echo-shc-2620s-pro-shafted-s,Echo SHC-2620S Shafted Hedge Trimmer,Gas Shaft Hedge Trimmer | Echo | Reyco Marine,Gas Shaft Hedge Trimmer | Echo | Reyco Marine,,Echo SHC-2620S Pro Shafted Hedge Trimmer S,1,META_DESC_MISSING
P1,Echo,echo-srm-225-string-trimmer,Echo SRM-225 String Trimmer,22cc Gas String Trimmer | Echo | Reyco Marine,22cc Gas String Trimmer | Echo | Reyco Marine,,Echo SRM-225 String Trimmer,1,META_DESC_MISSING
P1,Echo,echo-srm-2320-straight-shaft-trimmer,Echo SRM-2320 String Trimmer,Gas String Trimmer | Echo | Reyco Marine,Gas String Trimmer | Echo | Reyco Marine,,Echo SRM-2320 Straight-Shaft Trimmer,1,META_DESC_MISSING
P1,Echo,echo-srm-2620-trimmer,Echo SRM-2620 String Trimmer,Gas String Trimmer | Echo | Reyco Marine,Gas String Trimmer | Echo | Reyco Marine,,Echo SRM-2620 String Trimmer,1,META_DESC_MISSING
P1,Echo,echo-srm-2620u-u-handle-brushcutter,Echo SRM-2620U String Trimmer,Gas String Trimmer | Echo | Reyco Marine,Gas String Trimmer | Echo | Reyco Marine,,,1,META_DESC_MISSING; ALT_EMPTY
P1,Echo,echo-srm-266-pro-grade-trimmer,Echo SRM-266 String Trimmer,26cc Gas String Trimmer | Echo | Reyco Marine,26cc Gas String Trimmer | Echo | Reyco Marine,,Echo SRM-266 Pro-Grade Trimmer,1,META_DESC_MISSING
P1,Echo,echo-srm-3020-heavy-duty-trimmer,Echo SRM-3020 String Trimmer,Gas String Trimmer | Echo | Reyco Marine,Gas String Trimmer | Echo | Reyco Marine,,Echo SRM-3020 Heavy-Duty Trimmer,1,META_DESC_MISSING
P1,Echo,echo-srm-410-pro-trimmer,Echo SRM-410 String Trimmer,Gas String Trimmer | Echo | Reyco Marine,Gas String Trimmer | Echo | Reyco Marine,,Echo SRM-410 Pro Trimmer,1,META_DESC_MISSING
P1,Hisun,hisun-ace-nv-electric-golf-cart,2026 Hisun ACE NV Electric Golf Cart,ACE NV | Hisun | Reyco Marine,ACE NV | Hisun | Reyco Marine,,,1,META_DESC_MISSING; ALT_EMPTY
P1,Hisun,hisun-forge-400i-sport-utility-atv,2026 Hisun Forge 400i ATV,Forge 400i | Hisun | Reyco Marine,Forge 400i | Hisun | Reyco Marine,,Hisun Forge 400i Sport-Utility ATV,1,META_DESC_MISSING
P1,Hisun,hisun-guardian-utility-atv,2026 Hisun GUARDIAN ATV,GUARDIAN Utility ATV | Hisun | Reyco Marine,GUARDIAN Utility ATV | Hisun | Reyco Marine,,,1,META_DESC_MISSING; ALT_EMPTY
P1,Hisun,hisun-hs-400-entry-atv,2026 Hisun HS 400 ATV,HS 400 Entry ATV | Hisun | Reyco Marine,HS 400 Entry ATV | Hisun | Reyco Marine,,,1,META_DESC_MISSING; ALT_EMPTY
P1,Hisun,hisun-hs-500-utility-atv,2026 Hisun HS 500 ATV,HS 500 | Hisun | Reyco Marine,HS 500 | Hisun | Reyco Marine,,,1,META_DESC_MISSING; ALT_EMPTY
P1,Hisun,hisun-mp9-550r-sport-trail-utv,2026 Hisun MP9 550R UTV,Hisun MP9 550cc Sport UTV | Hisun | Reyco Marine,Hisun MP9 550cc Sport UTV | Hisun | Reyco Marine,,,1,META_DESC_MISSING; ALT_EMPTY
P1,Hisun,hisun-mp9-750r-sport-utv,2026 Hisun MP9 750R UTV,Hisun MP9 750cc Sport UTV | Hisun | Reyco Marine,Hisun MP9 750cc Sport UTV | Hisun | Reyco Marine,,,1,META_DESC_MISSING; ALT_EMPTY
P1,Hisun,hisun-mp9t400-entry-sport-utv,2026 Hisun MP9T400 UTV,Hisun MP9 400cc Entry Sport UTV | Hisun | Reyco Marine,Hisun MP9 400cc Entry Sport UTV | Hisun | Reyco Marine,,,1,META_DESC_MISSING; ALT_EMPTY
P1,Hisun,hisun-sector-250-compact-utility-utv,2026 Hisun Sector 250 UTV,Sector 250 Compact Utility UTV | Hisun | Reyco Marine,Sector 250 Compact Utility UTV | Hisun | Reyco Marine,,,1,META_DESC_MISSING; ALT_EMPTY
P1,Hisun,hisun-sector-550-eps-utility-utv,2026 Hisun Sector 550 EPS UTV,Hisun Sector 550cc Utility UTV with Power Steering | Hisun | Reyco Marine,Hisun Sector 550cc Utility UTV with Power Steering | Hisun | Reyco Marine,,,1,META_DESC_MISSING; ALT_EMPTY
P1,Hisun,hisun-sector-750-crew-4-seat-utility-utv,2026 Hisun Sector 750 Crew UTV,Sector 750 Crew | Hisun | Reyco Marine,Sector 750 Crew | Hisun | Reyco Marine,,,1,META_DESC_MISSING; ALT_EMPTY
P1,Hisun,hisun-sector-750-eps,2026 Hisun Sector 750 EPS UTV,Hisun Sector 750cc Utility UTV with Power Steering | Hisun | Reyco Marine,Hisun Sector 750cc Utility UTV with Power Steering | Hisun | Reyco Marine,,,1,META_DESC_MISSING; ALT_EMPTY
P1,Hisun,hisun-sector-e1-electric-utv,2026 Hisun Sector E1 Electric UTV,Sector E1 | Hisun | Reyco Marine,Sector E1 | Hisun | Reyco Marine,,,1,META_DESC_MISSING; ALT_EMPTY
P1,Hisun,hisun-strike-250r-youth-sport-utv,2026 Hisun Strike 250R UTV,Strike 250R | Hisun | Reyco Marine,Strike 250R | Hisun | Reyco Marine,,,1,META_DESC_MISSING; ALT_EMPTY
P1,Hisun,hisun-strike-550r-adult-sport-utv,2026 Hisun Strike 550R UTV,Strike 550R | Hisun | Reyco Marine,Strike 550R | Hisun | Reyco Marine,,,1,META_DESC_MISSING; ALT_EMPTY
P1,Hisun,hisun-stryker-550x-sport-trail-utv,2026 Hisun Stryker 550X UTV,Stryker 550X Sport | Hisun | Reyco Marine,Stryker 550X Sport | Hisun | Reyco Marine,,,1,META_DESC_MISSING; ALT_EMPTY
P1,Hisun,hisun-stryker-750-crew-4-seat-sport,2026 Hisun Stryker 750 Crew UTV,Hisun Stryker 750 Crew (4-Seat Sport) | Hisun | Reyco Marine,Hisun Stryker 750 Crew (4-Seat Sport) | Hisun | Reyco Marine,,,1,META_DESC_MISSING; ALT_EMPTY
P1,Hisun,hisun-stryker-750x-sport-trail-utv,2026 Hisun Stryker 750X UTV,Stryker 750X | Hisun | Reyco Marine,Stryker 750X | Hisun | Reyco Marine,,,1,META_DESC_MISSING; ALT_EMPTY
P1,Hisun,hisun-tactic-utility-atv,2026 Hisun Tactic ATV,Tactic Utility ATV | Hisun | Reyco Marine,Tactic Utility ATV | Hisun | Reyco Marine,,,1,META_DESC_MISSING; ALT_EMPTY
P1,Humminbird,humminbird-apex-13-mega-si-chartplotter,Humminbird APEX 13 MEGA SI+ Chartplotter,APEX 13 MEGA SI+ Chartplotter | Humminbird | Reyco Marine,APEX 13 MEGA SI+ Chartplotter | Humminbird | Reyco Marine,,,1,META_DESC_MISSING; ALT_EMPTY
P1,Humminbird,humminbird-apex-13-mega-si-chartplotter-cho,Humminbird APEX 13 MEGA SI+ Chartplotter (Control Head Only),APEX 13 MEGA SI+ Chartplotter | Humminbird | Reyco Marine,APEX 13 MEGA SI+ Chartplotter | Humminbird | Reyco Marine,,,1,META_DESC_MISSING; ALT_EMPTY
P1,Humminbird,humminbird-apex-16-mega-si-chartplotter,Humminbird APEX 16 MEGA SI+ Chartplotter,APEX 16 MEGA SI+ Chartplotter | Humminbird | Reyco Marine,APEX 16 MEGA SI+ Chartplotter | Humminbird | Reyco Marine,,,1,META_DESC_MISSING; ALT_EMPTY
P1,Humminbird,humminbird-apex-16-mega-si-chartplotter-cho,Humminbird APEX 16 MEGA SI+ Chartplotter (Control Head Only),APEX 16 MEGA SI+ Chartplotter | Humminbird | Reyco Marine,APEX 16 MEGA SI+ Chartplotter | Humminbird | Reyco Marine,,,1,META_DESC_MISSING; ALT_EMPTY
P1,Humminbird,humminbird-apex-19-mega-si-chartplotter,Humminbird APEX 19 MEGA SI+ Chartplotter,APEX 19 MEGA SI+ Chartplotter | Humminbird | Reyco Marine,APEX 19 MEGA SI+ Chartplotter | Humminbird | Reyco Marine,,,1,META_DESC_MISSING; ALT_EMPTY
P1,Humminbird,humminbird-apex-19-mega-si-chartplotter-cho,Humminbird APEX 19 MEGA SI+ Chartplotter (Control Head Only),APEX 19 MEGA SI+ Chartplotter | Humminbird | Reyco Marine,APEX 19 MEGA SI+ Chartplotter | Humminbird | Reyco Marine,,,1,META_DESC_MISSING; ALT_EMPTY
P1,Humminbird,humminbird-ice-mega-live-2-compact-pole-mount,Humminbird ICE MEGA Live 2 Compact Pole-Mount Ice Sonar,ICE MEGA Live 2 Compact Pole-Mount | Humminbird | Reyco Marine,ICE MEGA Live 2 Compact Pole-Mount | Humminbird | Reyco Marine,,,1,META_DESC_MISSING; ALT_EMPTY
P1,Humminbird,humminbird-ice-mega-live-2-power-cable,Humminbird ICE MEGA Live 2 Power Cable,ICE MEGA Live 2 Power Cable | Humminbird | Reyco Marine,ICE MEGA Live 2 Power Cable | Humminbird | Reyco Marine,,,0,META_DESC_MISSING; NO_IMAGES
P1,Humminbird,humminbird-ice-mega-live-2-sae-power-cable,Humminbird ICE MEGA Live 2 SAE Power Cable,ICE MEGA Live 2 SAE Power Cable | Humminbird | Reyco Marine,ICE MEGA Live 2 SAE Power Cable | Humminbird | Reyco Marine,,,0,META_DESC_MISSING; NO_IMAGES
P1,Humminbird,humminbird-ice-xplore-power-cable,Humminbird ICE XPLORE Power Cable,ICE XPLORE Power Cable | Humminbird | Reyco Marine,ICE XPLORE Power Cable | Humminbird | Reyco Marine,,,0,META_DESC_MISSING; NO_IMAGES
P1,Humminbird,humminbird-ice-xplore-shuttle-conversion-kit,Humminbird ICE XPLORE Shuttle Conversion Kit,ICE XPLORE Shuttle Conversion Kit | Humminbird | Reyco Marine,ICE XPLORE Shuttle Conversion Kit | Humminbird | Reyco Marine,,,1,META_DESC_MISSING; ALT_EMPTY
P1,Humminbird,humminbird-mega-live-2-forward-facing-sonar,Humminbird MEGA Live 2 Forward-Facing Live Sonar,MEGA Live 2 Forward-Facing Sonar | Humminbird | Reyco Marine,MEGA Live 2 Forward-Facing Sonar | Humminbird | Reyco Marine,,,1,META_DESC_MISSING; ALT_EMPTY
P1,Humminbird,humminbird-mega-live-2-transom-mount-sonar,Humminbird MEGA Live 2 Transom-Mount Live Sonar,MEGA Live 2 Transom-Mount Sonar | Humminbird | Reyco Marine,MEGA Live 2 Transom-Mount Sonar | Humminbird | Reyco Marine,,,1,META_DESC_MISSING; ALT_EMPTY
P1,Mercury,2014-mercury-50-elhpt-4s-efi,2014 Mercury 50 HP FourStroke Outboard Motor,50 HP Electric Start EFI Outboard | Mercury | Reyco Marine,50 HP Electric Start EFI Outboard | Mercury | Reyco Marine,,,1,META_DESC_MISSING; ALT_EMPTY
P1,Mercury,2021-mercury-me-2-5mh-4s-tmc,2021 Mercury 2.5 HP FourStroke Outboard Motor,2.5 HP Outboard | Mercury | Reyco Marine,2.5 HP Outboard | Mercury | Reyco Marine,,,1,META_DESC_MISSING; ALT_EMPTY
P1,Mercury,2021-mercury-me-20-elhpt-4s,2021 Mercury 20 HP FourStroke Outboard Motor,20 HP Electric Start Outboard | Mercury | Reyco Marine,20 HP Electric Start Outboard | Mercury | Reyco Marine,,,1,META_DESC_MISSING; ALT_EMPTY
P1,Mercury,2021-mercury-me-5-mh-lpg-4s,2021 Mercury 5 HP FourStroke Outboard Motor,2021 Mercury 5 HP FourStroke Outboard Motor,,,,1,TITLE_MISSING_CUSTOM; META_DESC_MISSING; ALT_EMPTY
P1,Mercury,2022-mercury-me-15-elh-4s,2022 Mercury 15 HP FourStroke Outboard Motor,15 HP Electric Start Outboard | Mercury | Reyco Marine,15 HP Electric Start Outboard | Mercury | Reyco Marine,,,1,META_DESC_MISSING; ALT_EMPTY
P1,Mercury,2022-mercury-me-20-mlh-4s,2022 Mercury 20 HP FourStroke Outboard Motor,20 HP Outboard | Mercury | Reyco Marine,20 HP Outboard | Mercury | Reyco Marine,,,1,META_DESC_MISSING; ALT_EMPTY
P1,Mercury,2022-mercury-me-30-elpt-efi-4s,2022 Mercury 30 HP FourStroke Outboard Motor,30 HP EFI Outboard | Mercury | Reyco Marine,30 HP EFI Outboard | Mercury | Reyco Marine,,,1,META_DESC_MISSING; ALT_EMPTY
P1,Mercury,2022-mercury-me-4mh-4s,2022 Mercury 4 HP FourStroke Outboard Motor,4 HP Outboard | Mercury | Reyco Marine,4 HP Outboard | Mercury | Reyco Marine,,,1,META_DESC_MISSING; ALT_EMPTY
P1,Mercury,2022-mercury-me-5-mxlha-lpg-4s-sailpower,2022 Mercury 5 HP FourStroke Outboard Motor,2022 Mercury 5 HP FourStroke Outboard Motor,,,,1,TITLE_MISSING_CUSTOM; META_DESC_MISSING; ALT_EMPTY
P1,Mercury,2022-mercury-me-60-elpt-4s-efi,2022 Mercury 60 HP FourStroke Outboard Motor,60 HP EFI Outboard | Mercury | Reyco Marine,60 HP EFI Outboard | Mercury | Reyco Marine,,,1,META_DESC_MISSING; ALT_EMPTY
P1,Mercury,2022-mercury-me-8mh-4s-tmc,2022 Mercury 8 HP FourStroke Outboard Motor,8 HP Outboard | Mercury | Reyco Marine,8 HP Outboard | Mercury | Reyco Marine,,,1,META_DESC_MISSING; ALT_EMPTY
P1,Mercury,2022-mercury-me-9-9elh-4s-tmc,2022 Mercury 9.9 HP FourStroke Outboard Motor,9.9 HP Electric Start Outboard | Mercury | Reyco Marine,9.9 HP Electric Start Outboard | Mercury | Reyco Marine,,,1,META_DESC_MISSING; ALT_EMPTY
P1,Mercury,2023-mercury-115-pro-xs,2023 Mercury 115 HP Pro XS Outboard Motor,115 HP Pro XS Outboard | Mercury | Reyco Marine,115 HP Pro XS Outboard | Mercury | Reyco Marine,,,1,META_DESC_MISSING; ALT_EMPTY
P1,Mercury,2023-mercury-60-elpt,2023 Mercury 60 HP FourStroke Outboard Motor,60 HP Outboard | Mercury | Reyco Marine,60 HP Outboard | Mercury | Reyco Marine,,,1,META_DESC_MISSING; ALT_EMPTY
P1,Mercury,2023-mercury-90-exlpt-ct,2023 Mercury 90 HP FourStroke Outboard Motor,90 HP Command Thrust Outboard | Mercury | Reyco Marine,90 HP Command Thrust Outboard | Mercury | Reyco Marine,,,1,META_DESC_MISSING; ALT_EMPTY
P1,Mercury,2023-mercury-me-15-elhpt-pk-4s,2023 Mercury ME 15 ELHPT PK 4S,15 HP Electric Start Outboard | Mercury | Reyco Marine,15 HP Electric Start Outboard | Mercury | Reyco Marine,,,1,META_DESC_MISSING; ALT_EMPTY
P1,Mercury,2023-mercury-me-20-mlh-4s,2023 Mercury 20 HP FourStroke Outboard Motor,20 HP Outboard | Mercury | Reyco Marine,20 HP Outboard | Mercury | Reyco Marine,,,1,META_DESC_MISSING; ALT_EMPTY
P1,Mercury,2023-mercury-me-25-elpt-efi-4s,2023 Mercury 25 HP FourStroke Outboard Motor,25 HP EFI Outboard | Mercury | Reyco Marine,25 HP EFI Outboard | Mercury | Reyco Marine,,,1,META_DESC_MISSING; ALT_EMPTY
P1,Mercury,2023-mercury-me-3-5mh-4s-tmc,2023 Mercury 3.5 HP FourStroke Outboard Motor,3.5 HP Outboard | Mercury | Reyco Marine,3.5 HP Outboard | Mercury | Reyco Marine,,,1,META_DESC_MISSING; ALT_EMPTY
P1,Mercury,2023-mercury-me-30-elhpt-efi-4s,2023 Mercury 30 HP FourStroke Outboard Motor,30 HP Electric Start EFI Outboard | Mercury | Reyco Marine,30 HP Electric Start EFI Outboard | Mercury | Reyco Marine,,,1,META_DESC_MISSING; ALT_EMPTY
P1,Mercury,2023-mercury-me-40-elhpt-4s-efi,2023 Mercury 40 HP FourStroke Outboard Motor,40 HP Electric Start EFI Outboard | Mercury | Reyco Marine,40 HP Electric Start EFI Outboard | Mercury | Reyco Marine,,,1,META_DESC_MISSING; ALT_EMPTY
P1,Mercury,2023-mercury-me-6mh,2023 Mercury 6 HP FourStroke Outboard Motor,6 HP Outboard | Mercury | Reyco Marine,6 HP Outboard | Mercury | Reyco Marine,,,1,META_DESC_MISSING; ALT_EMPTY
P1,Mercury,2023-mercury-me-9-9elh-4s-tmc,2023 Mercury 9.9 HP FourStroke Outboard Motor,9.9 HP Electric Start Outboard | Mercury | Reyco Marine,9.9 HP Electric Start Outboard | Mercury | Reyco Marine,,,1,META_DESC_MISSING; ALT_EMPTY
P1,Mercury,2024-mercury-me-15-eh-4s,2024 Mercury 15 HP FourStroke Tiller Electric Start Outboard Motor,2024 Mercury 15 HP FourStroke Tiller Electric Start Outboard Motor,,,,1,TITLE_MISSING_CUSTOM; META_DESC_MISSING; ALT_EMPTY
P1,Mercury,2024-mercury-me-15-elpt-4s,2024 Mercury 15 HP FourStroke 20-inch Shaft Outboard Motor,2024 Mercury 15 HP FourStroke 20-inch Shaft Outboard Motor,,,,1,TITLE_MISSING_CUSTOM; META_DESC_MISSING; ALT_EMPTY
P1,Mercury,2024-mercury-me-25-eh-efi-4s,2024 Mercury 25 HP FourStroke Tiller Electric Start EFI Outboard Motor,8 HP Electric Start Outboard | Mercury | Reyco Marine,8 HP Electric Start Outboard | Mercury | Reyco Marine,,,1,META_DESC_MISSING; ALT_EMPTY
P1,Mercury,2024-mercury-me-25-elhpt-efi-4s,2024 Mercury 25 HP FourStroke 20-inch Shaft Tiller Electric Start EFI Outboard M,2024 Mercury 25 HP FourStroke 20-inch Shaft Tiller Electric Start EFI Outboard M,,,,1,TITLE_MISSING_CUSTOM; META_DESC_MISSING; ALT_EMPTY
P1,Mercury,2024-mercury-me-4mh-4s,2024 Mercury 4 HP FourStroke Outboard Motor,4 HP Outboard | Mercury | Reyco Marine,4 HP Outboard | Mercury | Reyco Marine,,,1,META_DESC_MISSING; ALT_EMPTY
P1,Mercury,2024-mercury-me-50-elpt-4s-efi,2024 Mercury 50 HP FourStroke Outboard Motor,2024 Mercury 50 HP FourStroke Outboard Motor,,,,1,TITLE_MISSING_CUSTOM; META_DESC_MISSING; ALT_EMPTY
P1,Mercury,2024-mercury-me-6mlh,2024 Mercury 6 HP FourStroke Outboard Motor,6 HP Outboard | Mercury | Reyco Marine,6 HP Outboard | Mercury | Reyco Marine,,,1,META_DESC_MISSING; ALT_EMPTY
P1,Mercury,2024-mercury-me-8eh-4s,2024 Mercury 8 HP FourStroke Outboard Motor,2024 Mercury 8 HP FourStroke Outboard Motor,,,,1,TITLE_MISSING_CUSTOM; META_DESC_MISSING; ALT_EMPTY
P1,Mercury,2025-mercury-40-elpt,2025 Mercury 40 HP FourStroke Outboard Motor,40 HP Outboard | Mercury | Reyco Marine,40 HP Outboard | Mercury | Reyco Marine,,,1,META_DESC_MISSING; ALT_EMPTY
P1,Mercury,2025-mercury-75-elpt,2025 Mercury 75 HP FourStroke Outboard Motor,75 HP Outboard | Mercury | Reyco Marine,75 HP Outboard | Mercury | Reyco Marine,,,1,META_DESC_MISSING; ALT_EMPTY
P1,Mercury,2025-mercury-me-2-5mh-4s-tmc,2025 Mercury 2.5 HP FourStroke Outboard Motor,2.5 HP Outboard | Mercury | Reyco Marine,2.5 HP Outboard | Mercury | Reyco Marine,,,1,META_DESC_MISSING; ALT_EMPTY
P1,Mercury,2025-mercury-me-20-eh-4s,2025 Mercury 20 HP FourStroke Tiller Electric Start Outboard Motor,2025 Mercury 20 HP FourStroke Tiller Electric Start Outboard Motor,,,,1,TITLE_MISSING_CUSTOM; META_DESC_MISSING; ALT_EMPTY
P1,Mercury,2025-mercury-me-20-mh-4s,2025 Mercury 20 HP FourStroke Tiller Manual Start Outboard Motor,20 HP Outboard | Mercury | Reyco Marine,20 HP Outboard | Mercury | Reyco Marine,,,1,META_DESC_MISSING; ALT_EMPTY
P1,Mercury,2025-mercury-me-25-elpt-efi-4s,2025 Mercury 25 HP FourStroke Outboard Motor,2025 Mercury 25 HP FourStroke Outboard Motor,,,,1,TITLE_MISSING_CUSTOM; META_DESC_MISSING; ALT_EMPTY
P1,Mercury,2025-mercury-me-50-elhpt-4s-efi,2025 Mercury 50 HP FourStroke 20-inch Shaft Tiller Electric Start EFI Outboard M,50 HP Electric Start EFI Outboard | Mercury | Reyco Marine,50 HP Electric Start EFI Outboard | Mercury | Reyco Marine,,,1,META_DESC_MISSING; ALT_EMPTY
P1,Mercury,2025-mercury-me-50-elpt-ct-4s-efi,2025 Mercury 50 HP FourStroke 20-inch Shaft Command Thrust EFI Outboard Motor,2025 Mercury 50 HP FourStroke 20-inch Shaft Command Thrust EFI Outboard Motor,,,,1,TITLE_MISSING_CUSTOM; META_DESC_MISSING; ALT_EMPTY
P1,Mercury,2025-mercury-me-5mh,2025 Mercury 5 HP FourStroke Outboard Motor,5 HP Outboard | Mercury | Reyco Marine,5 HP Outboard | Mercury | Reyco Marine,,,1,META_DESC_MISSING; ALT_EMPTY
P1,Mercury,2025-mercury-me-60-elhpt-ct-4s,2025 Mercury 60 HP FourStroke 20-inch Shaft Tiller Electric Start Command Thrust,60 HP Electric Start Command Thrust Outboard | Mercury | Reyco Marine,60 HP Electric Start Command Thrust Outboard | Mercury | Reyco Marine,,,1,META_DESC_MISSING; ALT_EMPTY
P1,Mercury,2025-mercury-me-60-elpt-ct-4s-efi,2025 Mercury 60 HP FourStroke 20-inch Shaft Command Thrust EFI Outboard Motor,2025 Mercury 60 HP FourStroke 20-inch Shaft Command Thrust EFI Outboard Motor,,,,1,TITLE_MISSING_CUSTOM; META_DESC_MISSING; ALT_EMPTY
P1,Mercury,2025-mercury-me-6mh,2025 Mercury 6 HP FourStroke Outboard Motor,6 HP Outboard | Mercury | Reyco Marine,6 HP Outboard | Mercury | Reyco Marine,,,1,META_DESC_MISSING; ALT_EMPTY
P1,Mercury,2025-mercury-me-9-9mh-4s,2025 Mercury 9.9 HP FourStroke Outboard Motor,9.9 HP Outboard | Mercury | Reyco Marine,9.9 HP Outboard | Mercury | Reyco Marine,,,1,META_DESC_MISSING; ALT_EMPTY
P1,Mercury,2026-mercury-115-exlpt-pro-xs,2026 Mercury 115 HP Pro XS Outboard Motor,115 HP Pro XS Outboard | Mercury | Reyco Marine,115 HP Pro XS Outboard | Mercury | Reyco Marine,,,1,META_DESC_MISSING; ALT_EMPTY
P1,Mercury,2026-mercury-150-xl,2026 Mercury 150 HP FourStroke Outboard Motor,150 HP Outboard | Mercury | Reyco Marine,150 HP Outboard | Mercury | Reyco Marine,,,1,META_DESC_MISSING; ALT_EMPTY
P1,Mercury,2026-mercury-40-elpt,2026 Mercury 40 HP FourStroke Outboard Motor,40 HP Outboard | Mercury | Reyco Marine,40 HP Outboard | Mercury | Reyco Marine,,,1,META_DESC_MISSING; ALT_EMPTY
P1,Mercury,2026-mercury-50-elpt-efi-ct,2026 Mercury 50 HP FourStroke Outboard Motor,2026 Mercury 50 HP FourStroke Outboard Motor,,,,1,TITLE_MISSING_CUSTOM; META_DESC_MISSING; ALT_EMPTY
P1,Mercury,2026-mercury-90-exlpt-ct,2026 Mercury 90 HP FourStroke 25-inch Shaft Command Thrust Outboard Motor,90 HP Command Thrust Outboard | Mercury | Reyco Marine,90 HP Command Thrust Outboard | Mercury | Reyco Marine,,,1,META_DESC_MISSING; ALT_EMPTY
P1,Mercury,2026-mercury-me-115xl-pxs4s,2026 Mercury 115 HP FourStroke Outboard Motor,2026 Mercury 115 HP FourStroke Outboard Motor,,,,1,TITLE_MISSING_CUSTOM; META_DESC_MISSING; ALT_EMPTY
P1,Mercury,26-mercury-me-90elpt-4s,2026 Mercury 90 HP FourStroke 20-inch Shaft Outboard Motor,2026 Mercury 90 HP FourStroke 20-inch Shaft Outboard Motor,,,,1,TITLE_MISSING_CUSTOM; META_DESC_MISSING; ALT_EMPTY
P1,Minn Kota,minn-kota-battery-charger-extension-cable-mk-ec-15-bulk,Minn Kota Battery Charger Extension Cable MK-EC-15 (Bulk),Battery Charger Extension Cable MK-EC-15 | Minn Kota | Reyco Marine,Battery Charger Extension Cable MK-EC-15 | Minn Kota | Reyco Marine,,,1,META_DESC_MISSING; ALT_EMPTY
P1,Minn Kota,minn-kota-kayak-terrova-55-lb-freshwater,2026 Minn Kota Kayak Terrova 55 lb Trolling Motor (Freshwater),Kayak Terrova 55 lb | Minn Kota | Reyco Marine,Kayak Terrova 55 lb | Minn Kota | Reyco Marine,,,1,META_DESC_MISSING; ALT_EMPTY
P1,Minn Kota,minn-kota-precision-charger-mk-230-pcl-2-bank-x-15-amp,Minn Kota MK 230 PCL 2-Bank x 15-Amp Battery Charger,Precision Charger MK 230 PCL | Minn Kota | Reyco Marine,Precision Charger MK 230 PCL | Minn Kota | Reyco Marine,,,1,META_DESC_MISSING; ALT_EMPTY
P1,Minn Kota,minn-kota-precision-charger-mk-330-pc-3-bank-x-10-amp,Minn Kota MK 330 PC 3-Bank x 10-Amp Battery Charger,Precision Charger MK 330 PC | Minn Kota | Reyco Marine,Precision Charger MK 330 PC | Minn Kota | Reyco Marine,,,1,META_DESC_MISSING; ALT_EMPTY
P1,Minn Kota,minn-kota-precision-charger-mk-345-pcl-3-bank-x-15-amp,Minn Kota MK 345 PCL 3-Bank x 15-Amp Battery Charger,Precision Charger MK 345 PCL | Minn Kota | Reyco Marine,Precision Charger MK 345 PCL | Minn Kota | Reyco Marine,,,1,META_DESC_MISSING; ALT_EMPTY
P1,Minn Kota,minn-kota-precision-charger-mk-460-pcl-4-bank-x-15-amp,Minn Kota MK 460 PCL 4-Bank x 15-Amp Battery Charger,Precision Charger MK 460 PCL | Minn Kota | Reyco Marine,Precision Charger MK 460 PCL | Minn Kota | Reyco Marine,,,1,META_DESC_MISSING; ALT_EMPTY
P1,Minn Kota,minn-kota-remote-power-switch-mkr-30,Minn Kota Remote Power Switch MKR-30,Remote Power Switch MKR-30 | Minn Kota | Reyco Marine,Remote Power Switch MKR-30 | Minn Kota | Reyco Marine,,,1,META_DESC_MISSING; ALT_EMPTY
P1,Minn Kota,minn-kota-riptide-kayak-terrova-55-lb-saltwater,2026 Minn Kota Riptide Kayak Terrova 55 lb Trolling Motor (Saltwater),Riptide Kayak Terrova 55 lb | Minn Kota | Reyco Marine,Riptide Kayak Terrova 55 lb | Minn Kota | Reyco Marine,,,1,META_DESC_MISSING; ALT_EMPTY
P1,Minn Kota,minn-kota-riptide-terrova-112-lb-87-shaft,2026 Minn Kota Riptide Terrova 112 lb 87-inch Shaft Trolling Motor,Riptide Terrova 112 lb | Minn Kota | Reyco Marine,Riptide Terrova 112 lb | Minn Kota | Reyco Marine,,,1,META_DESC_MISSING; ALT_EMPTY
P1,Minn Kota,minn-kota-riptide-terrova-80-lb-refurb-60,2026 Minn Kota Riptide Terrova 80 lb 60-inch Shaft Trolling Motor (Refurbished),Riptide Terrova 80 lb Refurb | Minn Kota | Reyco Marine,Riptide Terrova 80 lb Refurb | Minn Kota | Reyco Marine,,,1,META_DESC_MISSING; ALT_EMPTY
P1,Minn Kota,minn-kota-riptide-terrova-quest-90-115-100,2026 Minn Kota Riptide Terrova QUEST 90/115 lb 100-inch Shaft Trolling Motor,Riptide Terrova QUEST 90/115 | Minn Kota | Reyco Marine,Riptide Terrova QUEST 90/115 | Minn Kota | Reyco Marine,,,1,META_DESC_MISSING; ALT_EMPTY
P1,Minn Kota,minn-kota-riptide-terrova-quest-90-115-72,2026 Minn Kota Riptide Terrova QUEST 90/115 lb 72-inch Shaft Trolling Motor,Riptide Terrova QUEST 90/115 | Minn Kota | Reyco Marine,Riptide Terrova QUEST 90/115 | Minn Kota | Reyco Marine,,,1,META_DESC_MISSING; ALT_EMPTY
P1,Minn Kota,minn-kota-riptide-terrova-quest-90-115-87,2026 Minn Kota Riptide Terrova QUEST 90/115 lb 87-inch Shaft Trolling Motor,Riptide Terrova QUEST 90/115 | Minn Kota | Reyco Marine,Riptide Terrova QUEST 90/115 | Minn Kota | Reyco Marine,,,1,META_DESC_MISSING; ALT_EMPTY
P1,Minn Kota,minn-kota-ultrex-80-lb-45-shaft,2026 Minn Kota Ultrex 80 lb 45-inch Shaft Trolling Motor,Ultrex 80 lb | Minn Kota | Reyco Marine,Ultrex 80 lb | Minn Kota | Reyco Marine,,,1,META_DESC_MISSING; ALT_EMPTY
P1,Minn Kota,minn-kota-ultrex-80-lb-52-shaft,2026 Minn Kota Ultrex 80 lb 52-inch Shaft Trolling Motor,Ultrex 80 lb | Minn Kota | Reyco Marine,Ultrex 80 lb | Minn Kota | Reyco Marine,,,1,META_DESC_MISSING; ALT_EMPTY
P1,Minn Kota,minn-kota-ultrex-quest-90-115-lb-dual-spectrum-chirp,2026 Minn Kota Ultrex QUEST 90/115 lb Trolling Motor,Ultrex QUEST 90/115 lb | Minn Kota | Reyco Marine,Ultrex QUEST 90/115 lb | Minn Kota | Reyco Marine,,,1,META_DESC_MISSING; ALT_EMPTY
P1,Minn Kota,minnkota-terrova-80-3,2026 Minn Kota Terrova 80 lb Trolling Motor,Terrova 80 | Minn Kota | Reyco Marine,Terrova 80 | Minn Kota | Reyco Marine,,,0,META_DESC_MISSING; NO_IMAGES
P1,Other,2022-easy-hauler-al-ptdb2026-tri,2022 Easy Hauler AL-PTDB2026-TRI Trailer,"20-Foot Drive-On Bunk Boat Trailer — 2,600 lb Capacity | Easy Hauler | Reyco Mar","20-Foot Drive-On Bunk Boat Trailer — 2,600 lb Capacity | Easy Hauler | Reyco Mar",,,1,META_DESC_MISSING; ALT_EMPTY
P1,Other,2024-easy-hauler-al-1610b-yc,2024 Easy Hauler AL-1610B-YC Trailer,1000 lb Bunk Trailer | Easy Hauler | Reyco Marine,1000 lb Bunk Trailer | Easy Hauler | Reyco Marine,,,1,META_DESC_MISSING; ALT_EMPTY
P1,Other,2026-easy-hauler-al-ptdb2023,2026 Easy Hauler AL-PTDB2023 Trailer,Drive-On Bunk Boat Trailer — Black Frame | Easy Hauler | Reyco Marine,Drive-On Bunk Boat Trailer — Black Frame | Easy Hauler | Reyco Marine,,,1,META_DESC_MISSING; ALT_EMPTY
P1,Other,rj-boat-lift-roof-system,R&amp;J Boat Lift Roof System,R&amp;J Boat Lift Roof System,,,,1,TITLE_MISSING_CUSTOM; META_DESC_MISSING; ALT_EMPTY
P1,Other,rj-cantilever-boat-lift,R&amp;J Cantilever Boat Lift,R&amp;J Cantilever Boat Lift,,,,1,TITLE_MISSING_CUSTOM; META_DESC_MISSING; ALT_EMPTY
P1,Other,rj-floating-truss-dock,R&amp;J Floating Truss Dock,R&amp;J Floating Truss Dock,,,,1,TITLE_MISSING_CUSTOM; META_DESC_MISSING; ALT_EMPTY
P1,Other,rj-hidden-beam-wet-slip-lift,R&amp;J Hidden-Beam Wet-Slip Lift,R&amp;J Hidden-Beam Wet-Slip Lift,,,,1,TITLE_MISSING_CUSTOM; META_DESC_MISSING; ALT_EMPTY
P1,Other,rj-hydraulic-boat-lift,R&amp;J Hydraulic Boat Lift,R&amp;J Hydraulic Boat Lift,,,,1,TITLE_MISSING_CUSTOM; META_DESC_MISSING; ALT_EMPTY
P1,Other,rj-hydraulic-pwc-lift,R&amp;J Hydraulic PWC Lift,R&amp;J Hydraulic PWC Lift,,,,1,TITLE_MISSING_CUSTOM; META_DESC_MISSING; ALT_EMPTY
P1,Other,rj-hydro-extreme-boat-lift,R&amp;J Hydro Extreme Boat Lift,R&amp;J Hydro Extreme Boat Lift,,,,1,TITLE_MISSING_CUSTOM; META_DESC_MISSING; ALT_EMPTY
P1,Other,rj-lift-up-step-dock,R&amp;J Lift-Up Step Dock,R&amp;J Lift-Up Step Dock,,,,1,TITLE_MISSING_CUSTOM; META_DESC_MISSING; ALT_EMPTY
P1,Other,rj-lux-floating-dock-system,R&amp;J LUX Floating Dock System,R&amp;J LUX Floating Dock System,,,,1,TITLE_MISSING_CUSTOM; META_DESC_MISSING; ALT_EMPTY
P1,Other,rj-marine-railway-system,R&amp;J Marine Railway System,R&amp;J Marine Railway System,,,,1,TITLE_MISSING_CUSTOM; META_DESC_MISSING; ALT_EMPTY
P1,Other,rj-truss-pipe-dock-aluminum,R&amp;J Truss Pipe Dock — Aluminum,R&amp;J Truss Pipe Dock — Aluminum,,,,1,TITLE_MISSING_CUSTOM; META_DESC_MISSING; ALT_EMPTY
P1,Other,rj-vertical-pontoon-boat-lift,R&amp;J Vertical Pontoon Boat Lift,R&amp;J Vertical Pontoon Boat Lift,,,,1,TITLE_MISSING_CUSTOM; META_DESC_MISSING; ALT_EMPTY
P1,Other,rj-wavex-modular-dock-system,R&amp;J WaveX Modular Dock System,R&amp;J WaveX Modular Dock System,,,,1,TITLE_MISSING_CUSTOM; META_DESC_MISSING; ALT_EMPTY
P1,Other,wave-armor-otter-swim-raft-8x10,Wave Armour Otter Swim Raft 8'x10',Otter Swim Raft 8'x10' | Wave Armor | Reyco Marine,Otter Swim Raft 8'x10' | Wave Armor | Reyco Marine,,,1,META_DESC_MISSING; ALT_EMPTY
P1,Other,wave-armour-pwc-wave-port,Wave Armour PWC Wave Port,Personal Watercraft Wave Port | Wave Armor | Reyco Marine,Personal Watercraft Wave Port | Wave Armor | Reyco Marine,,,1,META_DESC_MISSING; ALT_EMPTY
P1,Princecraft,2023-princecraft-sportfisher-21-2rs,2023 Princecraft Sportfisher 21-ft 2RS Pontoon,2023 Princecraft Sportfisher 21-ft 2RS Pontoon,,,,7,TITLE_MISSING_CUSTOM; META_DESC_MISSING; ALT_EMPTY
P1,Princecraft,2023-princecraft-sportfisher-21-2s,2023 Princecraft Sportfisher 21-ft 2S Fishing Edition Pontoon,2023 Princecraft Sportfisher 21-ft 2S Fishing Edition Pontoon,,,,7,TITLE_MISSING_CUSTOM; META_DESC_MISSING; ALT_EMPTY
P1,Princecraft,2023-princecraft-sportfisher-23-2rs,2023 Princecraft Sportfisher 23-ft Pontoon,2023 Princecraft Sportfisher 23-ft Pontoon,,,,7,TITLE_MISSING_CUSTOM; META_DESC_MISSING; ALT_EMPTY
P1,Princecraft,2024-princecraft-resorter-160-bt,2024 Princecraft Resorter 160 BT Aluminum Fishing Boat,Resorter 160 | Princecraft | Reyco Marine,Resorter 160 | Princecraft | Reyco Marine,,,7,META_DESC_MISSING; ALT_EMPTY
P1,Princecraft,2025-princecraft-amarok-166-ws,2025 Princecraft Amarok 166 WS Aluminum Fishing Boat,Amarok 166 | Princecraft | Reyco Marine,Amarok 166 | Princecraft | Reyco Marine,,,7,META_DESC_MISSING; ALT_EMPTY
P1,Princecraft,2026-princecraft-vectra-21-rl,2026 Princecraft Vectra 21-ft Pontoon,Vectra 21 | Princecraft | Reyco Marine,Vectra 21 | Princecraft | Reyco Marine,,,7,META_DESC_MISSING; ALT_EMPTY
P1,Toro,2022-toro-74055,2022 Toro 74055 Zero-Turn Mower,Toro TimeCutter Zero Turn Mower | Toro | Reyco Marine,Toro TimeCutter Zero Turn Mower | Toro | Reyco Marine,,,0,META_DESC_MISSING; NO_IMAGES
P1,Toro,2024-toro-74532,2024 Toro GrandStand 32-inch Zero-Turn Mower (74532),Toro GrandStand HDM Zero Turn Mower | Toro | Reyco Marine,Toro GrandStand HDM Zero Turn Mower | Toro | Reyco Marine,,,0,META_DESC_MISSING; NO_IMAGES
P1,Toro,2025-toro-77502,2025 Toro TimeCutter 50-inch Zero-Turn Mower (77502),Toro TimeCutter Max MyRide Zero Turn Mower | Toro | Reyco Marine,Toro TimeCutter Max MyRide Zero Turn Mower | Toro | Reyco Marine,,,0,META_DESC_MISSING; NO_IMAGES
P1,Toro,2025-toro-77507,2025 Toro 77507 Zero-Turn Mower,Toro Z Master Commercial Zero Turn Mower | Toro | Reyco Marine,Toro Z Master Commercial Zero Turn Mower | Toro | Reyco Marine,,,0,META_DESC_MISSING; NO_IMAGES
P1,Toro,2026-toro-22217,2026 Toro TurfMaster 30-inch Push Mower (22217),2026 Toro TurfMaster 30-inch Push Mower (22217),,,,0,TITLE_MISSING_CUSTOM; META_DESC_MISSING; NO_IMAGES
P1,Toro,2026-toro-72504,2026 Toro GrandStand 48-inch Zero-Turn Mower (72504),Toro GrandStand Zero Turn Mower | Toro | Reyco Marine,Toro GrandStand Zero Turn Mower | Toro | Reyco Marine,,,0,META_DESC_MISSING; NO_IMAGES
P1,Toro,2026-toro-75747,2026 Toro TimeCutter 42-inch Zero-Turn Mower (75747),2026 Toro TimeCutter 42-inch Zero-Turn Mower (75747),,,,0,TITLE_MISSING_CUSTOM; META_DESC_MISSING; NO_IMAGES
P1,Toro,2026-toro-77283,2026 Toro Z Master Zero-Turn Mower (77283),Toro Z Master TF2 Commercial Zero Turn Mower | Toro | Reyco Marine,Toro Z Master TF2 Commercial Zero Turn Mower | Toro | Reyco Marine,,,0,META_DESC_MISSING; NO_IMAGES
P1,Toro,2026-toro-77404-2,2026 Toro TimeCutter 42-inch Zero-Turn Mower (77404),Toro TimeCutter MyRIDE Zero Turn Mower | Toro | Reyco Marine,Toro TimeCutter MyRIDE Zero Turn Mower | Toro | Reyco Marine,,,0,META_DESC_MISSING; NO_IMAGES
P1,Toro,2026-toro-77501,2026 Toro 326 50-inch Zero-Turn Mower (77501),2026 Toro 326 50-inch Zero-Turn Mower (77501),,,,0,TITLE_MISSING_CUSTOM; META_DESC_MISSING; NO_IMAGES
P1,Toro,2026-toro-77503,2026 Toro TimeCutter 54-inch Zero-Turn Mower (77503),2026 Toro TimeCutter 54-inch Zero-Turn Mower (77503),,,,0,TITLE_MISSING_CUSTOM; META_DESC_MISSING; NO_IMAGES
P1,Trailer,2024-trailer-x,2024 Trailer X — Ice-Fishing Utility Trailer,2024 Trailer X — Ice-Fishing Utility Trailer,,,,1,TITLE_MISSING_CUSTOM; META_DESC_MISSING; ALT_EMPTY
P1,Trailer,2025-easy-hauler-1250-painted-trailer-480-x-12b-e-coat,2025 Easy Hauler 480 x 12B Trailer,1250 lb Bunk Trailer | Easy Hauler | Reyco Marine,1250 lb Bunk Trailer | Easy Hauler | Reyco Marine,,,1,META_DESC_MISSING; ALT_EMPTY
P1,Trailer,2025-trailer-x,2025 Trailer X — Hunt-Camp Utility Trailer,2025 Trailer X — Hunt-Camp Utility Trailer,,,,1,TITLE_MISSING_CUSTOM; META_DESC_MISSING; ALT_EMPTY
P1,Trailer,2025-trailer-x-2,2025 Trailer X — Sled-Hauling Utility Trailer,2025 Trailer X — Sled-Hauling Utility Trailer,,,,1,TITLE_MISSING_CUSTOM; META_DESC_MISSING; ALT_EMPTY
P1,Trailer,2026-trailer-x,2026 Trailer X — Firewood &amp; Brush Utility Trailer,2026 Trailer X — Firewood &amp; Brush Utility Trailer,,,,1,TITLE_MISSING_CUSTOM; META_DESC_MISSING; ALT_EMPTY
P1,Trailer,2026-trailer-x-2,2026 Trailer X — Cottage-Country Utility Trailer,2026 Trailer X — Cottage-Country Utility Trailer,,,,1,TITLE_MISSING_CUSTOM; META_DESC_MISSING; ALT_EMPTY
P1,Trailer,2026-trailer-x-3,2026 Trailer X — Lumber-Hauling Utility Trailer,2026 Trailer X — Lumber-Hauling Utility Trailer,,,,1,TITLE_MISSING_CUSTOM; META_DESC_MISSING; ALT_EMPTY
P1,Trailer,2026-trailer-x-4,2026 Trailer X — Kayak &amp; Small-Boat Utility Trailer,Boat Trailer | Easy Hauler | Reyco Marine,Boat Trailer | Easy Hauler | Reyco Marine,,,1,META_DESC_MISSING; ALT_EMPTY
