id,brand,slug,product_name,name_clean,proposed_alt,alt_len,img_id,img_file,has_embedded_code
268,Cannon,cannon-easi-troll,Cannon Easi-Troll Downrigger,Cannon Easi-Troll Downrigger,Cannon Easi-Troll Downrigger | Cannon | Reyco Marine,52,714,CN_1901020_Easi-Troll_Hero-1.webp,False
269,Cannon,cannon-lake-troll,Cannon Lake-Troll Downrigger,Cannon Lake-Troll Downrigger,Cannon Lake-Troll Downrigger | Cannon | Reyco Marine,52,716,CN_1901250_Lake-Troll_Hero-1.webp,False
263,Cannon,cannon-magnum-10,Cannon Magnum 10 Downrigger,Cannon Magnum 10 Downrigger,Cannon Magnum 10 Downrigger | Cannon | Reyco Marine,51,704,CN_1902305_Magnum10_3qRightNew.webp,False
262,Cannon,cannon-magnum-10-ts,Cannon Magnum 10 TS Downrigger,Cannon Magnum 10 TS Downrigger,Cannon Magnum 10 TS Downrigger | Cannon | Reyco Marine,54,703,CN_1902310_Magnum10TS_3qRight.webp,False
264,Cannon,cannon-magnum-5,Cannon Magnum 5 Downrigger,Cannon Magnum 5 Downrigger,Cannon Magnum 5 Downrigger | Cannon | Reyco Marine,50,706,CN_1902300_Magnum5_3qRight.webp,False
270,Cannon,cannon-mini-troll,Cannon Mini-Troll Downrigger,Cannon Mini-Troll Downrigger,Cannon Mini-Troll Downrigger | Cannon | Reyco Marine,52,718,CN_1901200_Mini-Troll_Hero-1.webp,False
261,Cannon,cannon-optimum-downrigger,Cannon Optimum Downrigger,Cannon Optimum Downrigger,Cannon Optimum Downrigger | Cannon | Reyco Marine,49,701,CN_1902335_Optimum_3qRight.webp,False
260,Cannon,cannon-optimum-ts-downrigger,Cannon Optimum TS Downrigger,Cannon Optimum TS Downrigger,Cannon Optimum TS Downrigger | Cannon | Reyco Marine,52,699,CN_1902340_OptimumTS_3qRight-1.webp,False
266,Cannon,cannon-uni-troll-10,Cannon Uni-Troll 10 Downrigger,Cannon Uni-Troll 10 Downrigger,Cannon Uni-Troll 10 Downrigger | Cannon | Reyco Marine,54,710,CN_1901130_UNI-TROLL-10_Hero-1.webp,False
265,Cannon,cannon-uni-troll-10-ts,Cannon Uni-Troll 10 TS Downrigger,Cannon Uni-Troll 10 TS Downrigger,Cannon Uni-Troll 10 TS Downrigger | Cannon | Reyco Marine,57,708,CN_1901140_Uni-Troll10TS_Hero-1.webp,False
267,Cannon,cannon-uni-troll-5,Cannon Uni-Troll 5 Downrigger,Cannon Uni-Troll 5 Downrigger,Cannon Uni-Troll 5 Downrigger | Cannon | Reyco Marine,53,712,CN_1901120_Uni-Troll5_Hero-1.webp,False
741,Cub Cadet,2023-cub-cadet-17aieacl010,2023 Cub Cadet 17AIEACL010 Zero-Turn Mower,2023 Cub Cadet 17AIEACL010 Zero-Turn Mower,2023 Cub Cadet 17AIEACL010 Zero-Turn Mower | Cub Cadet | Reyco Marine,69,997,ZT1_46_5271f1cb-ad4b-4a1a-bea7-31eaf782534a.png,True
732,Cub Cadet,2023-cub-cadet-17argbyea10,2023 Cub Cadet ZTS1 Zero-Turn Mower (17ARGBYEA10),2023 Cub Cadet ZTS1 Zero-Turn Mower,2023 Cub Cadet ZTS1 Zero-Turn Mower | Cub Cadet | Reyco Marine,62,998,ZTS142_large.jpg,False
735,Cub Cadet,2024-cub-cadet-17aieac2a10,2024 Cub Cadet ZT250 50-inch Zero-Turn Mower (17AIEAC2A10),2024 Cub Cadet ZT250 50-inch Zero-Turn Mower,2024 Cub Cadet ZT250 50-inch Zero-Turn Mower | Cub Cadet | Reyco Marine,71,995,a2da97b3-fdaa-4413-8bce-dfa1aff2012a.jpg,False
738,Cub Cadet,2024-cub-cadet-17aieac3a10,2024 Cub Cadet ZT2-54 54-inch Zero-Turn Mower (17AIEAC3A10),2024 Cub Cadet ZT2-54 54-inch Zero-Turn Mower,2024 Cub Cadet ZT2-54 54-inch Zero-Turn Mower | Cub Cadet | Reyco Marine,72,996,ZT254_large.jpg,False
734,Cub Cadet,2024-cub-cadet-17argbyla10,2024 Cub Cadet 17ARGBYLA10 Zero-Turn Mower,2024 Cub Cadet 17ARGBYLA10 Zero-Turn Mower,2024 Cub Cadet 17ARGBYLA10 Zero-Turn Mower | Cub Cadet | Reyco Marine,69,999,ZTS150_large.jpg,True
740,Cub Cadet,2025-cub-cadet-17argbyna10-2,2025 Cub Cadet ZTS46 46-inch Zero-Turn Mower (17ARGBYNA10),2025 Cub Cadet ZTS46 46-inch Zero-Turn Mower,2025 Cub Cadet ZTS46 46-inch Zero-Turn Mower | Cub Cadet | Reyco Marine,71,1000,ZTS146_large.jpg,False
512,Cub Cadet,2026-cub-cadet-13a6a9ts596-6,2026 Cub Cadet XT1 LT42 42-inch Riding Mower (13A6A9TS596),2026 Cub Cadet XT1 LT42 42-inch Riding Mower,2026 Cub Cadet XT1 LT42 42-inch Riding Mower | Cub Cadet | Reyco Marine,71,963,cub-cadet-xt1-lt42-intellipower-cub-13a6a9ts596-arco-lawn-equipment-279299-1.jpg,False
423,Cub Cadet,2026-cub-cadet-13apa1tea10-4,2026 Cub Cadet XT2 LX42 42-inch Riding Mower,2026 Cub Cadet XT2 LX42 42-inch Riding Mower,2026 Cub Cadet XT2 LX42 42-inch Riding Mower | Cub Cadet | Reyco Marine,71,970,Cub-Cadet_XT2_LX42_2000x2000_1-3.jpg,False
469,Cub Cadet,2026-cub-cadet-13apa1tea10-6,2026 Cub Cadet XT2 LX42 42-inch Riding Mower (13APA1TEA10),2026 Cub Cadet XT2 LX42 42-inch Riding Mower,2026 Cub Cadet XT2 LX42 42-inch Riding Mower | Cub Cadet | Reyco Marine,71,969,Cub-Cadet_XT2_LX42_2000x2000_1-2.jpg,False
562,Cub Cadet,2026-cub-cadet-13apa1tna10-4,2026 Cub Cadet XT2 LX46 46-inch Riding Mower (13APA1TNA10),2026 Cub Cadet XT2 LX46 46-inch Riding Mower,2026 Cub Cadet XT2 LX46 46-inch Riding Mower | Cub Cadet | Reyco Marine,71,975,XT2_LX46_59dec053-b64e-4827-84c3-f2e3da4503f8_large.jpg,False
555,Cub Cadet,2026-cub-cadet-13apa9tta10-5,2026 Cub Cadet XT1 LT46 46-inch Riding Mower (13APA9TTA10),2026 Cub Cadet XT1 LT46 46-inch Riding Mower,2026 Cub Cadet XT1 LT46 46-inch Riding Mower | Cub Cadet | Reyco Marine,71,980,Cub-Cadet_XT1LT46_New_2000x2000_8-1.jpg,False
725,Cub Cadet,2026-cub-cadet-13apa9tta10-6,2026 Cub Cadet XT1 LT46 46-inch Riding Mower,2026 Cub Cadet XT1 LT46 46-inch Riding Mower,2026 Cub Cadet XT1 LT46 46-inch Riding Mower | Cub Cadet | Reyco Marine,71,979,Cub-Cadet_XT1LT46_New_2000x2000_8.jpg,False
728,Cub Cadet,2026-cub-cadet-13aqa2tma10,2026 Cub Cadet XT1 ST54 54-inch Riding Mower FAB,2026 Cub Cadet XT1 ST54 54-inch Riding Mower FAB,2026 Cub Cadet XT1 ST54 54-inch Riding Mower FAB | Cub Cadet | Reyco Marine,75,989,Cub-Cadet_XT1ST54_New_2000x2000_7.jpg,False
517,Cub Cadet,2026-cub-cadet-13b5a2tla10,2026 Cub Cadet NX 15 SLX50 50-inch Riding Mower (13B5A2TLA10),2026 Cub Cadet NX 15 SLX50 50-inch Riding Mower,2026 Cub Cadet NX 15 SLX50 50-inch Riding Mower | Cub Cadet | Reyco Marine,74,990,ghbfghf.jpg,False
455,Cub Cadet,2026-cub-cadet-13b6a9tta10-3,2026 Cub Cadet XT1 LT46 46-inch Riding Mower IntelliPOWER,2026 Cub Cadet XT1 LT46 46-inch Riding Mower IntelliPOWER,2026 Cub Cadet XT1 LT46 46-inch Riding Mower IntelliPOWER | Cub Cadet | Reyco Marine,84,994,37494238-3.jpg,False
523,Cub Cadet,2026-cub-cadet-13b6a9tta10-4,2026 Cub Cadet XT1 LT46 46-inch Riding Mower (13B6A9TTA10),2026 Cub Cadet XT1 LT46 46-inch Riding Mower,2026 Cub Cadet XT1 LT46 46-inch Riding Mower | Cub Cadet | Reyco Marine,71,991,37494238.jpg,False
243,Cub Cadet,cub-cadet-challenger-750-mx-hisun-built-utv,Cub Cadet Challenger 750 MX (Hisun-Built UTV),Cub Cadet Challenger 750 MX (Hisun-Built UTV),Cub Cadet Challenger 750 MX (Hisun-Built UTV) | Cub Cadet | Reyco Marine,72,577,37CYCCPK010_MX750_PFL.jpg,False
1042,Cub Cadet,xt1-lt42-intellipower-2,2026 Cub Cadet XT1 LT42 42-inch Riding Mower IntelliPOWER Enduro Series,2026 Cub Cadet XT1 LT42 42-inch Riding Mower IntelliPOWER Enduro Series,2026 Cub Cadet XT1 LT42 42-inch Riding Mower IntelliPOWER Enduro Series | Cub Cadet | Reyco Marine,98,1092,Cub-Cadet_XT1LT42_IP_4.jpg,False
1058,Cub Cadet,xt1-lt50-fab,2026 Cub Cadet XT1 LT50 50-inch Riding Mower FAB Enduro Series,2026 Cub Cadet XT1 LT50 50-inch Riding Mower FAB Enduro Series,2026 Cub Cadet XT1 LT50 50-inch Riding Mower FAB Enduro Series | Cub Cadet | Reyco Marine,89,1067,Cub-Cadet_XT1LT50_New_2000x2000_7.jpg,False
1038,Cub Cadet,xt1-st54-fab,2026 Cub Cadet XT1 ST54 54-inch Riding Mower FAB Enduro Series,2026 Cub Cadet XT1 ST54 54-inch Riding Mower FAB Enduro Series,2026 Cub Cadet XT1 ST54 54-inch Riding Mower FAB Enduro Series | Cub Cadet | Reyco Marine,89,1107,Cub-Cadet_XT1ST54_New_2000x2000_4.jpg,False
1039,Cub Cadet,xt2-gx54-d,2026 Cub Cadet XT2 GX54 54-inch Riding Mower Enduro Series,2026 Cub Cadet XT2 GX54 54-inch Riding Mower Enduro Series,2026 Cub Cadet XT2 GX54 54-inch Riding Mower Enduro Series | Cub Cadet | Reyco Marine,85,1114,Cub-Cadet_XT2GX54_2000x2000_1.jpg,False
1041,Cub Cadet,xt2-lx46,2026 Cub Cadet XT2 LX46 46-inch Riding Mower Enduro Series,2026 Cub Cadet XT2 LX46 46-inch Riding Mower Enduro Series,2026 Cub Cadet XT2 LX46 46-inch Riding Mower Enduro Series | Cub Cadet | Reyco Marine,85,1085,Cub-Cadet_XT2_LX46_2000x2000_6.jpg,False
415,Easy Hauler,2022-easy-hauler-al-ptdb2026-tri,2022 Easy Hauler AL-PTDB2026-TRI Trailer,2022 Easy Hauler AL-PTDB2026-TRI Trailer,2022 Easy Hauler AL-PTDB2026-TRI Trailer | Easy Hauler | Reyco Marine,69,1005,31741781-8.jpg,False
509,Easy Hauler,2024-easy-hauler-al-1610b-yc,2024 Easy Hauler AL-1610B-YC Trailer,2024 Easy Hauler AL-1610B-YC Trailer,2024 Easy Hauler AL-1610B-YC Trailer | Easy Hauler | Reyco Marine,65,785,31741781-4.jpg,False
522,Easy Hauler,2025-easy-hauler-1250-painted-trailer-480-x-12b-e-coat,2025 Easy Hauler 480 x 12B Trailer,2025 Easy Hauler 480 x 12B Trailer,2025 Easy Hauler 480 x 12B Trailer | Easy Hauler | Reyco Marine,63,1002,31741781-5.jpg,False
398,Easy Hauler,2026-easy-hauler-al-ptdb2023,2026 Easy Hauler AL-PTDB2023 Trailer,2026 Easy Hauler AL-PTDB2023 Trailer,2026 Easy Hauler AL-PTDB2023 Trailer | Easy Hauler | Reyco Marine,65,1004,31741781-7.jpg,False
223,Hisun,hisun-ace-nv-electric-golf-cart,2026 Hisun ACE NV Electric Golf Cart,2026 Hisun ACE NV Electric Golf Cart,2026 Hisun ACE NV Electric Golf Cart | Hisun | Reyco Marine,59,653,800_aceblue-112942.png,False
234,Hisun,hisun-guardian-utility-atv,2026 Hisun GUARDIAN ATV,2026 Hisun GUARDIAN ATV,2026 Hisun GUARDIAN ATV | Hisun | Reyco Marine,46,654,800_gray-guardian-400-105238.png,False
236,Hisun,hisun-hs-400-entry-atv,2026 Hisun HS 400 ATV,2026 Hisun HS 400 ATV,2026 Hisun HS 400 ATV | Hisun | Reyco Marine,44,762,800_bc87fbc39e87cb0e34cf722b75f2413ec7587279.png,False
220,Hisun,hisun-hs-500-utility-atv,2026 Hisun HS 500 ATV,2026 Hisun HS 500 ATV,2026 Hisun HS 500 ATV | Hisun | Reyco Marine,44,763,800_d1c4ff056a6aaf027c14ec92c81dc2da6bd2b507.png,False
219,Hisun,hisun-mp9-550r-sport-trail-utv,2026 Hisun MP9 550R UTV,2026 Hisun MP9 550R UTV,2026 Hisun MP9 550R UTV | Hisun | Reyco Marine,46,651,800_mp9-400-front-angle-red-no-winch-web-105838.png,False
241,Hisun,hisun-mp9-750r-sport-utv,2026 Hisun MP9 750R UTV,2026 Hisun MP9 750R UTV,2026 Hisun MP9 750R UTV | Hisun | Reyco Marine,46,660,800_mp9-400-front-angle-red-no-winch-web-105838-1.png,False
242,Hisun,hisun-mp9t400-entry-sport-utv,2026 Hisun MP9T400 UTV,2026 Hisun MP9T400 UTV,2026 Hisun MP9T400 UTV | Hisun | Reyco Marine,45,661,800_mp9-400-front-angle-red-no-winch-web-105838-2.png,False
237,Hisun,hisun-sector-250-compact-utility-utv,2026 Hisun Sector 250 UTV,2026 Hisun Sector 250 UTV,2026 Hisun Sector 250 UTV | Hisun | Reyco Marine,48,656,800_sector250-085013.png,False
216,Hisun,hisun-sector-550-eps-utility-utv,2026 Hisun Sector 550 EPS UTV,2026 Hisun Sector 550 EPS UTV,2026 Hisun Sector 550 EPS UTV | Hisun | Reyco Marine,52,648,800_sector550red-102158.png,False
217,Hisun,hisun-sector-750-crew-4-seat-utility-utv,2026 Hisun Sector 750 Crew UTV,2026 Hisun Sector 750 Crew UTV,2026 Hisun Sector 750 Crew UTV | Hisun | Reyco Marine,53,649,800_sector750crewred-104342.png,False
238,Hisun,hisun-sector-750-eps,2026 Hisun Sector 750 EPS UTV,2026 Hisun Sector 750 EPS UTV,2026 Hisun Sector 750 EPS UTV | Hisun | Reyco Marine,52,657,800_sector-750-hisun-red-110632.png,False
222,Hisun,hisun-sector-e1-electric-utv,2026 Hisun Sector E1 Electric UTV,2026 Hisun Sector E1 Electric UTV,2026 Hisun Sector E1 Electric UTV | Hisun | Reyco Marine,56,652,800_e1-green-152808.png,False
214,Hisun,hisun-strike-250r-youth-sport-utv,2026 Hisun Strike 250R UTV,2026 Hisun Strike 250R UTV,2026 Hisun Strike 250R UTV | Hisun | Reyco Marine,49,646,800_stike250blue-110557.png,False
215,Hisun,hisun-strike-550r-adult-sport-utv,2026 Hisun Strike 550R UTV,2026 Hisun Strike 550R UTV,2026 Hisun Strike 550R UTV | Hisun | Reyco Marine,49,647,800_strike550blue-110937.png,False
239,Hisun,hisun-stryker-550x-sport-trail-utv,2026 Hisun Stryker 550X UTV,2026 Hisun Stryker 550X UTV,2026 Hisun Stryker 550X UTV | Hisun | Reyco Marine,50,658,800_stryker-550x-front-angle-nardo-grey-w-vents-102239.png,False
240,Hisun,hisun-stryker-750-crew-4-seat-sport,2026 Hisun Stryker 750 Crew UTV,2026 Hisun Stryker 750 Crew UTV,2026 Hisun Stryker 750 Crew UTV | Hisun | Reyco Marine,54,659,800_750xc-gray-crew-front-angle-165515.png,False
218,Hisun,hisun-stryker-750x-sport-trail-utv,2026 Hisun Stryker 750X UTV,2026 Hisun Stryker 750X UTV,2026 Hisun Stryker 750X UTV | Hisun | Reyco Marine,50,650,800_stryker-red-750x-front-angle-w-vents-102322.png,False
235,Hisun,hisun-tactic-utility-atv,2026 Hisun Tactic ATV,2026 Hisun Tactic ATV,2026 Hisun Tactic ATV | Hisun | Reyco Marine,44,655,800_tactic400blue-113644.png,False
276,Humminbird,humminbird-apex-13-mega-si-chartplotter,Humminbird APEX 13 MEGA SI+ Chartplotter,Humminbird APEX 13 MEGA SI+ Chartplotter,Humminbird APEX 13 MEGA SI+ Chartplotter | Humminbird | Reyco Marine,68,687,HB_411470-1VX_APEX_VX_13_alt1.webp,False
277,Humminbird,humminbird-apex-13-mega-si-chartplotter-cho,Humminbird APEX 13 MEGA SI+ Chartplotter (Control Head Only),Humminbird APEX 13 MEGA SI+ Chartplotter (Control Head Only),Humminbird APEX 13 MEGA SI+ Chartplotter (Control Head Only) | Humminbird | Reyco Marine,88,689,HB_411470-1VX_APEX_VX_13_alt1-2.webp,False
278,Humminbird,humminbird-apex-16-mega-si-chartplotter,Humminbird APEX 16 MEGA SI+ Chartplotter,Humminbird APEX 16 MEGA SI+ Chartplotter,Humminbird APEX 16 MEGA SI+ Chartplotter | Humminbird | Reyco Marine,68,691,HB_411500-1VX_APEXVX_16_alt1-1.webp,False
279,Humminbird,humminbird-apex-16-mega-si-chartplotter-cho,Humminbird APEX 16 MEGA SI+ Chartplotter (Control Head Only),Humminbird APEX 16 MEGA SI+ Chartplotter (Control Head Only),Humminbird APEX 16 MEGA SI+ Chartplotter (Control Head Only) | Humminbird | Reyco Marine,88,693,HB_411500-1VX_APEXVX_16_alt1-3.webp,False
280,Humminbird,humminbird-apex-19-mega-si-chartplotter,Humminbird APEX 19 MEGA SI+ Chartplotter,Humminbird APEX 19 MEGA SI+ Chartplotter,Humminbird APEX 19 MEGA SI+ Chartplotter | Humminbird | Reyco Marine,68,695,HB_411470-1VX_APEX_VX_13_alt1-4.webp,False
281,Humminbird,humminbird-apex-19-mega-si-chartplotter-cho,Humminbird APEX 19 MEGA SI+ Chartplotter (Control Head Only),Humminbird APEX 19 MEGA SI+ Chartplotter (Control Head Only),Humminbird APEX 19 MEGA SI+ Chartplotter (Control Head Only) | Humminbird | Reyco Marine,88,697,HB_411470-1VX_APEX_VX_13_alt1-6.webp,False
284,Humminbird,humminbird-ice-mega-live-2-compact-pole-mount,Humminbird ICE MEGA Live 2 Compact Pole-Mount Ice Sonar,Humminbird ICE MEGA Live 2 Compact Pole-Mount Ice Sonar,Humminbird ICE MEGA Live 2 Compact Pole-Mount Ice Sonar | Humminbird | Reyco Marine,83,572,HB_ICE_XPLORE9_CHO_ML2_Alt2.webp,False
288,Humminbird,humminbird-ice-xplore-shuttle-conversion-kit,Humminbird ICE XPLORE Shuttle Conversion Kit,Humminbird ICE XPLORE Shuttle Conversion Kit,Humminbird ICE XPLORE Shuttle Conversion Kit | Humminbird | Reyco Marine,72,573,HB_XPLORE_9_alt1.webp,False
282,Humminbird,humminbird-mega-live-2-forward-facing-sonar,Humminbird MEGA Live 2 Forward-Facing Live Sonar,Humminbird MEGA Live 2 Forward-Facing Live Sonar,Humminbird MEGA Live 2 Forward-Facing Live Sonar | Humminbird | Reyco Marine,76,724,HB_710310-1_MEGA_Live_2_alt1-1.webp,False
283,Humminbird,humminbird-mega-live-2-transom-mount-sonar,Humminbird MEGA Live 2 Transom-Mount Live Sonar,Humminbird MEGA Live 2 Transom-Mount Live Sonar,Humminbird MEGA Live 2 Transom-Mount Live Sonar | Humminbird | Reyco Marine,75,571,HB_ML2_Transom_Mount_Alt1.webp,False
525,Mercury,2014-mercury-50-elhpt-4s-efi,2014 Mercury 50 HP FourStroke Outboard Motor,2014 Mercury 50 HP FourStroke Outboard Motor,2014 Mercury 50 HP FourStroke Outboard Motor | Mercury | Reyco Marine,69,920,MM_50hp_4S_4-Cyl_RP34_STD-17.jpg,False
401,Mercury,2021-mercury-me-2-5mh-4s-tmc,2021 Mercury 2.5 HP FourStroke Outboard Motor,2021 Mercury 2.5 HP FourStroke Outboard Motor,2021 Mercury 2.5 HP FourStroke Outboard Motor | Mercury | Reyco Marine,70,753,2.5hp_Fourstroke_Rear_GoogleShoppingFormat-11.jpg,False
557,Mercury,2021-mercury-me-20-elhpt-4s,2021 Mercury 20 HP FourStroke Outboard Motor,2021 Mercury 20 HP FourStroke Outboard Motor,2021 Mercury 20 HP FourStroke Outboard Motor | Mercury | Reyco Marine,69,859,20hp_FS_RP34_Tiller-3-scaled.jpg,False
432,Mercury,2021-mercury-me-5-mh-lpg-4s,2021 Mercury 5 HP FourStroke Outboard Motor,2021 Mercury 5 HP FourStroke Outboard Motor,2021 Mercury 5 HP FourStroke Outboard Motor | Mercury | Reyco Marine,68,794,5hp_SP_Fourstroke_Rear_GoogleShoppingFormat-3.jpg,False
527,Mercury,2022-mercury-me-15-elh-4s,2022 Mercury 15 HP FourStroke Outboard Motor,2022 Mercury 15 HP FourStroke Outboard Motor,2022 Mercury 15 HP FourStroke Outboard Motor | Mercury | Reyco Marine,69,851,15hp_FS_RP34_Tiller-7-scaled.jpg,False
410,Mercury,2022-mercury-me-20-mlh-4s,2022 Mercury 20 HP FourStroke Outboard Motor,2022 Mercury 20 HP FourStroke Outboard Motor,2022 Mercury 20 HP FourStroke Outboard Motor | Mercury | Reyco Marine,69,871,20hp_FS_RP34_Tiller-15-scaled.jpg,False
412,Mercury,2022-mercury-me-30-elpt-efi-4s,2022 Mercury 30 HP FourStroke Outboard Motor,2022 Mercury 30 HP FourStroke Outboard Motor,2022 Mercury 30 HP FourStroke Outboard Motor | Mercury | Reyco Marine,69,894,4S_30HP_TillerUp_GA_Rear_3_4_Port-12-scaled.jpg,False
408,Mercury,2022-mercury-me-4mh-4s,2022 Mercury 4 HP FourStroke Outboard Motor,2022 Mercury 4 HP FourStroke Outboard Motor,2022 Mercury 4 HP FourStroke Outboard Motor | Mercury | Reyco Marine,68,789,4_HP__Rear_Port_3-4.jpg,False
395,Mercury,2022-mercury-me-5-mxlha-lpg-4s-sailpower,2022 Mercury 5 HP FourStroke Outboard Motor,2022 Mercury 5 HP FourStroke Outboard Motor,2022 Mercury 5 HP FourStroke Outboard Motor | Mercury | Reyco Marine,68,797,5hp_SP_Fourstroke_Rear_GoogleShoppingFormat-6.jpg,False
731,Mercury,2022-mercury-me-60-elpt-4s-efi,2022 Mercury 60 HP FourStroke Outboard Motor,2022 Mercury 60 HP FourStroke Outboard Motor,2022 Mercury 60 HP FourStroke Outboard Motor | Mercury | Reyco Marine,69,932,MM_60hp_4S_4-Cyl_RP34_STD-2.jpg,False
402,Mercury,2022-mercury-me-8mh-4s-tmc,2022 Mercury 8 HP FourStroke Outboard Motor,2022 Mercury 8 HP FourStroke Outboard Motor,2022 Mercury 8 HP FourStroke Outboard Motor | Mercury | Reyco Marine,68,825,8hp_Rear_Port_3-4-5.jpg,False
467,Mercury,2022-mercury-me-9-9elh-4s-tmc,2022 Mercury 9.9 HP FourStroke Outboard Motor,2022 Mercury 9.9 HP FourStroke Outboard Motor,2022 Mercury 9.9 HP FourStroke Outboard Motor | Mercury | Reyco Marine,70,833,9.9_HP_Rear_Port_3-4_a6092772-8c95-4859-b0d1-bb37901cfd6a-7.jpg,False
397,Mercury,2023-mercury-115-pro-xs,2023 Mercury 115 HP Pro XS Outboard Motor,2023 Mercury 115 HP Pro XS Outboard Motor,2023 Mercury 115 HP Pro XS Outboard Motor | Mercury | Reyco Marine,66,957,115ELPT2-6.png,False
528,Mercury,2023-mercury-60-elpt,2023 Mercury 60 HP FourStroke Outboard Motor,2023 Mercury 60 HP FourStroke Outboard Motor,2023 Mercury 60 HP FourStroke Outboard Motor | Mercury | Reyco Marine,69,939,MM_60hp_4S_4-Cyl_RP34_STD-9.jpg,False
383,Mercury,2023-mercury-90-exlpt-ct,2023 Mercury 90 HP FourStroke Outboard Motor,2023 Mercury 90 HP FourStroke Outboard Motor,2023 Mercury 90 HP FourStroke Outboard Motor | Mercury | Reyco Marine,69,948,90hp_4S_RP3-4-4.jpg,False
513,Mercury,2023-mercury-me-15-elhpt-pk-4s,2023 Mercury ME 15 ELHPT PK 4S,2023 Mercury ME 15 ELHPT PK 4S,2023 Mercury ME 15 ELHPT PK 4S | Mercury | Reyco Marine,55,849,15hp_FS_RP34_Tiller-5-scaled.jpg,False
399,Mercury,2023-mercury-me-20-mlh-4s,2023 Mercury 20 HP FourStroke Outboard Motor,2023 Mercury 20 HP FourStroke Outboard Motor,2023 Mercury 20 HP FourStroke Outboard Motor | Mercury | Reyco Marine,69,867,20hp_FS_RP34_Tiller-11-scaled.jpg,False
409,Mercury,2023-mercury-me-25-elpt-efi-4s,2023 Mercury 25 HP FourStroke Outboard Motor,2023 Mercury 25 HP FourStroke Outboard Motor,2023 Mercury 25 HP FourStroke Outboard Motor | Mercury | Reyco Marine,69,881,4S_25HP_Tiller_Rear_3_4_Port-9-scaled.jpg,False
403,Mercury,2023-mercury-me-3-5mh-4s-tmc,2023 Mercury 3.5 HP FourStroke Outboard Motor,2023 Mercury 3.5 HP FourStroke Outboard Motor,2023 Mercury 3.5 HP FourStroke Outboard Motor | Mercury | Reyco Marine,70,788,3.5_HP_Rear_Port_3-4-4.jpg,False
411,Mercury,2023-mercury-me-30-elhpt-efi-4s,2023 Mercury 30 HP FourStroke Outboard Motor,2023 Mercury 30 HP FourStroke Outboard Motor,2023 Mercury 30 HP FourStroke Outboard Motor | Mercury | Reyco Marine,69,891,4S_30HP_TillerUp_GA_Rear_3_4_Port-9-scaled.jpg,False
504,Mercury,2023-mercury-me-40-elhpt-4s-efi,2023 Mercury 40 HP FourStroke Outboard Motor,2023 Mercury 40 HP FourStroke Outboard Motor,2023 Mercury 40 HP FourStroke Outboard Motor | Mercury | Reyco Marine,69,902,40ELPT_1-4.png,False
430,Mercury,2023-mercury-me-6mh,2023 Mercury 6 HP FourStroke Outboard Motor,2023 Mercury 6 HP FourStroke Outboard Motor,2023 Mercury 6 HP FourStroke Outboard Motor | Mercury | Reyco Marine,68,809,6_HP_Rear_Port_3-4_5d676054-78a3-49e9-98dd-fafe6beb4a6b-11.jpg,False
381,Mercury,2023-mercury-me-9-9elh-4s-tmc,2023 Mercury 9.9 HP FourStroke Outboard Motor,2023 Mercury 9.9 HP FourStroke Outboard Motor,2023 Mercury 9.9 HP FourStroke Outboard Motor | Mercury | Reyco Marine,70,841,9.9_HP_Rear_Port_3-4_a6092772-8c95-4859-b0d1-bb37901cfd6a-15.jpg,False
393,Mercury,2024-mercury-me-15-eh-4s,2024 Mercury 15 HP FourStroke Tiller Electric Start Outboard Motor,2024 Mercury 15 HP FourStroke Tiller Electric Start Outboard Motor,2024 Mercury 15 HP FourStroke Tiller Electric Start Outboard Motor | Mercury | Reyco Marine,91,853,15hp_FS_RP34_Tiller-9-scaled.jpg,False
501,Mercury,2024-mercury-me-15-elpt-4s,2024 Mercury 15 HP FourStroke 20-inch Shaft Outboard Motor,2024 Mercury 15 HP FourStroke 20-inch Shaft Outboard Motor,2024 Mercury 15 HP FourStroke 20-inch Shaft Outboard Motor | Mercury | Reyco Marine,83,847,15hp_FS_RP34_Tiller-3-scaled.jpg,False
480,Mercury,2024-mercury-me-25-eh-efi-4s,2024 Mercury 25 HP FourStroke Tiller Electric Start EFI Outboard Motor,2024 Mercury 25 HP FourStroke Tiller Electric Start EFI Outboard Motor,2024 Mercury 25 HP FourStroke Tiller Electric Start EFI Outboard Motor | Mercury | Reyco Marine,95,877,4S_25HP_Tiller_Rear_3_4_Port-5-scaled.jpg,False
407,Mercury,2024-mercury-me-25-elhpt-efi-4s,2024 Mercury 25 HP FourStroke 20-inch Shaft Tiller Electric Start EFI Outboard Motor,2024 Mercury 25 HP FourStroke 20-inch Shaft Tiller Electric Start EFI Outboard Motor,2024 Mercury 25 HP FourStroke 20-inch Shaft Tiller Electric Start EFI Outboard Motor | Mercury | Reyco Marine,109,879,4S_25HP_Tiller_Rear_3_4_Port-7-scaled.jpg,False
418,Mercury,2024-mercury-me-4mh-4s,2024 Mercury 4 HP FourStroke Outboard Motor,2024 Mercury 4 HP FourStroke Outboard Motor,2024 Mercury 4 HP FourStroke Outboard Motor | Mercury | Reyco Marine,68,790,4_HP__Rear_Port_3-4-1.jpg,False
387,Mercury,2024-mercury-me-50-elpt-4s-efi,2024 Mercury 50 HP FourStroke Outboard Motor,2024 Mercury 50 HP FourStroke Outboard Motor,2024 Mercury 50 HP FourStroke Outboard Motor | Mercury | Reyco Marine,69,926,MM_50hp_4S_4-Cyl_RP34_STD-23.jpg,False
424,Mercury,2024-mercury-me-6mlh,2024 Mercury 6 HP FourStroke Outboard Motor,2024 Mercury 6 HP FourStroke Outboard Motor,2024 Mercury 6 HP FourStroke Outboard Motor | Mercury | Reyco Marine,68,806,6_HP_Rear_Port_3-4_5d676054-78a3-49e9-98dd-fafe6beb4a6b-8.jpg,False
478,Mercury,2024-mercury-me-8eh-4s,2024 Mercury 8 HP FourStroke Outboard Motor,2024 Mercury 8 HP FourStroke Outboard Motor,2024 Mercury 8 HP FourStroke Outboard Motor | Mercury | Reyco Marine,68,823,8hp_Rear_Port_3-4-3.jpg,False
550,Mercury,2025-mercury-40-elpt,2025 Mercury 40 HP FourStroke Outboard Motor,2025 Mercury 40 HP FourStroke Outboard Motor,2025 Mercury 40 HP FourStroke Outboard Motor | Mercury | Reyco Marine,69,898,40ELPT_1.png,False
452,Mercury,2025-mercury-75-elpt,2025 Mercury 75 HP FourStroke Outboard Motor,2025 Mercury 75 HP FourStroke Outboard Motor,2025 Mercury 75 HP FourStroke Outboard Motor | Mercury | Reyco Marine,69,943,75hp_4S_RP3-4-1.jpg,False
363,Mercury,2025-mercury-me-2-5mh-4s-tmc,2025 Mercury 2.5 HP FourStroke Outboard Motor,2025 Mercury 2.5 HP FourStroke Outboard Motor,2025 Mercury 2.5 HP FourStroke Outboard Motor | Mercury | Reyco Marine,70,759,2.5hp_Fourstroke_Rear_GoogleShoppingFormat-17.jpg,False
404,Mercury,2025-mercury-me-20-eh-4s,2025 Mercury 20 HP FourStroke Tiller Electric Start Outboard Motor,2025 Mercury 20 HP FourStroke Tiller Electric Start Outboard Motor,2025 Mercury 20 HP FourStroke Tiller Electric Start Outboard Motor | Mercury | Reyco Marine,91,869,20hp_FS_RP34_Tiller-13-scaled.jpg,False
475,Mercury,2025-mercury-me-20-mh-4s,2025 Mercury 20 HP FourStroke Tiller Manual Start Outboard Motor,2025 Mercury 20 HP FourStroke Tiller Manual Start Outboard Motor,2025 Mercury 20 HP FourStroke Tiller Manual Start Outboard Motor | Mercury | Reyco Marine,89,863,20hp_FS_RP34_Tiller-7-scaled.jpg,False
560,Mercury,2025-mercury-me-25-elpt-efi-4s,2025 Mercury 25 HP FourStroke Outboard Motor,2025 Mercury 25 HP FourStroke Outboard Motor,2025 Mercury 25 HP FourStroke Outboard Motor | Mercury | Reyco Marine,69,873,4S_25HP_Tiller_Rear_3_4_Port-1-scaled.jpg,False
520,Mercury,2025-mercury-me-50-elhpt-4s-efi,2025 Mercury 50 HP FourStroke 20-inch Shaft Tiller Electric Start EFI Outboard Motor,2025 Mercury 50 HP FourStroke 20-inch Shaft Tiller Electric Start EFI Outboard Motor,2025 Mercury 50 HP FourStroke 20-inch Shaft Tiller Electric Start EFI Outboard Motor | Mercury | Reyco Marine,109,917,MM_50hp_4S_4-Cyl_RP34_STD-14.jpg,False
497,Mercury,2025-mercury-me-50-elpt-ct-4s-efi,2025 Mercury 50 HP FourStroke 20-inch Shaft Command Thrust EFI Outboard Motor,2025 Mercury 50 HP FourStroke 20-inch Shaft Command Thrust EFI Outboard Motor,2025 Mercury 50 HP FourStroke 20-inch Shaft Command Thrust EFI Outboard Motor | Mercury | Reyco Marine,102,914,MM_50hp_4S_4-Cyl_RP34_STD-11.jpg,False
371,Mercury,2025-mercury-me-5mh,2025 Mercury 5 HP FourStroke Outboard Motor,2025 Mercury 5 HP FourStroke Outboard Motor,2025 Mercury 5 HP FourStroke Outboard Motor | Mercury | Reyco Marine,68,795,5hp_SP_Fourstroke_Rear_GoogleShoppingFormat-4.jpg,False
406,Mercury,2025-mercury-me-60-elhpt-ct-4s,2025 Mercury 60 HP FourStroke 20-inch Shaft Tiller Electric Start Command Thrust Outboard Motor,2025 Mercury 60 HP FourStroke 20-inch Shaft Tiller Electric Start Command Thrust Outboard Motor,2025 Mercury 60 HP FourStroke 20-inch Shaft Tiller Electric Start Command Thrust Outboard Motor | Mercury | Reyco Marine,120,941,MM_60hp_4S_4-Cyl_RP34_STD-11.jpg,False
508,Mercury,2025-mercury-me-60-elpt-ct-4s-efi,2025 Mercury 60 HP FourStroke 20-inch Shaft Command Thrust EFI Outboard Motor,2025 Mercury 60 HP FourStroke 20-inch Shaft Command Thrust EFI Outboard Motor,2025 Mercury 60 HP FourStroke 20-inch Shaft Command Thrust EFI Outboard Motor | Mercury | Reyco Marine,102,938,MM_60hp_4S_4-Cyl_RP34_STD-8.jpg,False
366,Mercury,2025-mercury-me-6mh,2025 Mercury 6 HP FourStroke Outboard Motor,2025 Mercury 6 HP FourStroke Outboard Motor,2025 Mercury 6 HP FourStroke Outboard Motor | Mercury | Reyco Marine,68,819,6_HP_Rear_Port_3-4_5d676054-78a3-49e9-98dd-fafe6beb4a6b-21.jpg,False
377,Mercury,2025-mercury-me-9-9mh-4s,2025 Mercury 9.9 HP FourStroke Outboard Motor,2025 Mercury 9.9 HP FourStroke Outboard Motor,2025 Mercury 9.9 HP FourStroke Outboard Motor | Mercury | Reyco Marine,70,843,9.9_HP_Rear_Port_3-4_a6092772-8c95-4859-b0d1-bb37901cfd6a-17.jpg,False
445,Mercury,2026-mercury-115-exlpt-pro-xs,2026 Mercury 115 HP Pro XS Outboard Motor,2026 Mercury 115 HP Pro XS Outboard Motor,2026 Mercury 115 HP Pro XS Outboard Motor | Mercury | Reyco Marine,66,960,115ELPT2-9.png,False
553,Mercury,2026-mercury-150-xl,2026 Mercury 150 HP FourStroke Outboard Motor,2026 Mercury 150 HP FourStroke Outboard Motor,2026 Mercury 150 HP FourStroke Outboard Motor | Mercury | Reyco Marine,70,961,150hp_4S_RP_3-4.jpg,False
472,Mercury,2026-mercury-40-elpt,2026 Mercury 40 HP FourStroke Outboard Motor,2026 Mercury 40 HP FourStroke Outboard Motor,2026 Mercury 40 HP FourStroke Outboard Motor | Mercury | Reyco Marine,69,900,40ELPT_1-2.png,False
536,Mercury,2026-mercury-50-elpt-efi-ct,2026 Mercury 50 HP FourStroke Outboard Motor,2026 Mercury 50 HP FourStroke Outboard Motor,2026 Mercury 50 HP FourStroke Outboard Motor | Mercury | Reyco Marine,69,905,MM_50hp_4S_4-Cyl_RP34_STD-2.jpg,False
487,Mercury,2026-mercury-90-exlpt-ct,2026 Mercury 90 HP FourStroke 25-inch Shaft Command Thrust Outboard Motor,2026 Mercury 90 HP FourStroke 25-inch Shaft Command Thrust Outboard Motor,2026 Mercury 90 HP FourStroke 25-inch Shaft Command Thrust Outboard Motor | Mercury | Reyco Marine,98,947,90hp_4S_RP3-4-3.jpg,False
380,Mercury,2026-mercury-me-115xl-pxs4s,2026 Mercury 115 HP FourStroke Outboard Motor,2026 Mercury 115 HP FourStroke Outboard Motor,2026 Mercury 115 HP FourStroke Outboard Motor | Mercury | Reyco Marine,70,955,115ELPT2-4.png,False
385,Mercury,26-mercury-me-90elpt-4s,2026 Mercury 90 HP FourStroke 20-inch Shaft Outboard Motor,2026 Mercury 90 HP FourStroke 20-inch Shaft Outboard Motor,2026 Mercury 90 HP FourStroke 20-inch Shaft Outboard Motor | Mercury | Reyco Marine,83,949,90hp_4S_RP3-4-5.jpg,False
259,Minn Kota,minn-kota-battery-charger-extension-cable-mk-ec-15-bulk,Minn Kota Battery Charger Extension Cable MK-EC-15 (Bulk),Minn Kota Battery Charger Extension Cable MK-EC-15 (Bulk),Minn Kota Battery Charger Extension Cable MK-EC-15 (Bulk) | Minn Kota | Reyco Marine,84,722,MK_1820089_MK-EC-15_hero.webp,False
252,Minn Kota,minn-kota-kayak-terrova-55-lb-freshwater,2026 Minn Kota Kayak Terrova 55 lb Trolling Motor (Freshwater),2026 Minn Kota Kayak Terrova 55 lb Trolling Motor (Freshwater),2026 Minn Kota Kayak Terrova 55 lb Trolling Motor (Freshwater) | Minn Kota | Reyco Marine,89,676,MK_KayakTerrova_HeroAlt.webp,False
254,Minn Kota,minn-kota-precision-charger-mk-230-pcl-2-bank-x-15-amp,Minn Kota MK 230 PCL 2-Bank x 15-Amp Battery Charger,Minn Kota MK 230 PCL 2-Bank x 15-Amp Battery Charger,Minn Kota MK 230 PCL 2-Bank x 15-Amp Battery Charger | Minn Kota | Reyco Marine,79,719,MK_1832304_MK-230PCL_3q.webp,False
255,Minn Kota,minn-kota-precision-charger-mk-330-pc-3-bank-x-10-amp,Minn Kota MK 330 PC 3-Bank x 10-Amp Battery Charger,Minn Kota MK 330 PC 3-Bank x 10-Amp Battery Charger,Minn Kota MK 330 PC 3-Bank x 10-Amp Battery Charger | Minn Kota | Reyco Marine,78,680,MK_1833300_MK-330PC_3q2.webp,False
256,Minn Kota,minn-kota-precision-charger-mk-345-pcl-3-bank-x-15-amp,Minn Kota MK 345 PCL 3-Bank x 15-Amp Battery Charger,Minn Kota MK 345 PCL 3-Bank x 15-Amp Battery Charger,Minn Kota MK 345 PCL 3-Bank x 15-Amp Battery Charger | Minn Kota | Reyco Marine,79,720,MK_1833454_MK-345PCL_3q.webp,False
257,Minn Kota,minn-kota-precision-charger-mk-460-pcl-4-bank-x-15-amp,Minn Kota MK 460 PCL 4-Bank x 15-Amp Battery Charger,Minn Kota MK 460 PCL 4-Bank x 15-Amp Battery Charger,Minn Kota MK 460 PCL 4-Bank x 15-Amp Battery Charger | Minn Kota | Reyco Marine,79,683,MK_1834604_MK-460PCL_3q-1.webp,False
258,Minn Kota,minn-kota-remote-power-switch-mkr-30,Minn Kota Remote Power Switch MKR-30,Minn Kota Remote Power Switch MKR-30,Minn Kota Remote Power Switch MKR-30 | Minn Kota | Reyco Marine,63,721,MK_1865130_MKR-30_RemotePowerSwitch_Main.webp,False
253,Minn Kota,minn-kota-riptide-kayak-terrova-55-lb-saltwater,2026 Minn Kota Riptide Kayak Terrova 55 lb Trolling Motor (Saltwater),2026 Minn Kota Riptide Kayak Terrova 55 lb Trolling Motor (Saltwater),2026 Minn Kota Riptide Kayak Terrova 55 lb Trolling Motor (Saltwater) | Minn Kota | Reyco Marine,96,679,MK_KayakTerrova_HeroAlt-2.webp,False
250,Minn Kota,minn-kota-riptide-terrova-112-lb-87-shaft,2026 Minn Kota Riptide Terrova 112 lb 87-inch Shaft Trolling Motor,2026 Minn Kota Riptide Terrova 112 lb 87-inch Shaft Trolling Motor,2026 Minn Kota Riptide Terrova 112 lb 87-inch Shaft Trolling Motor | Minn Kota | Reyco Marine,93,673,MK_RiptideTerrova_QUEST_HeroAlt-7.webp,False
251,Minn Kota,minn-kota-riptide-terrova-80-lb-refurb-60,2026 Minn Kota Riptide Terrova 80 lb 60-inch Shaft Trolling Motor (Refurbished),2026 Minn Kota Riptide Terrova 80 lb 60-inch Shaft Trolling Motor (Refurbished),2026 Minn Kota Riptide Terrova 80 lb 60-inch Shaft Trolling Motor (Refurbished) | Minn Kota | Reyco Marine,106,675,MK_RiptideTerrova_QUEST_HeroAlt-9.webp,False
249,Minn Kota,minn-kota-riptide-terrova-quest-90-115-100,2026 Minn Kota Riptide Terrova QUEST 90/115 lb 100-inch Shaft Trolling Motor,2026 Minn Kota Riptide Terrova QUEST 90/115 lb 100-inch Shaft Trolling Motor,2026 Minn Kota Riptide Terrova QUEST 90/115 lb 100-inch Shaft Trolling Motor | Minn Kota | Reyco Marine,103,671,MK_RiptideTerrova_QUEST_HeroAlt-5.webp,False
247,Minn Kota,minn-kota-riptide-terrova-quest-90-115-72,2026 Minn Kota Riptide Terrova QUEST 90/115 lb 72-inch Shaft Trolling Motor,2026 Minn Kota Riptide Terrova QUEST 90/115 lb 72-inch Shaft Trolling Motor,2026 Minn Kota Riptide Terrova QUEST 90/115 lb 72-inch Shaft Trolling Motor | Minn Kota | Reyco Marine,102,667,MK_RiptideTerrova_QUEST_HeroAlt-1.webp,False
248,Minn Kota,minn-kota-riptide-terrova-quest-90-115-87,2026 Minn Kota Riptide Terrova QUEST 90/115 lb 87-inch Shaft Trolling Motor,2026 Minn Kota Riptide Terrova QUEST 90/115 lb 87-inch Shaft Trolling Motor,2026 Minn Kota Riptide Terrova QUEST 90/115 lb 87-inch Shaft Trolling Motor | Minn Kota | Reyco Marine,102,669,MK_RiptideTerrova_QUEST_HeroAlt-3.webp,False
244,Minn Kota,minn-kota-ultrex-80-lb-45-shaft,2026 Minn Kota Ultrex 80 lb 45-inch Shaft Trolling Motor,2026 Minn Kota Ultrex 80 lb 45-inch Shaft Trolling Motor,2026 Minn Kota Ultrex 80 lb 45-inch Shaft Trolling Motor | Minn Kota | Reyco Marine,83,663,MK_Ultrex_QUEST_HeroAlt.webp,False
245,Minn Kota,minn-kota-ultrex-80-lb-52-shaft,2026 Minn Kota Ultrex 80 lb 52-inch Shaft Trolling Motor,2026 Minn Kota Ultrex 80 lb 52-inch Shaft Trolling Motor,2026 Minn Kota Ultrex 80 lb 52-inch Shaft Trolling Motor | Minn Kota | Reyco Marine,83,664,MK_Ultrex_QUEST_HeroAlt-1.webp,False
246,Minn Kota,minn-kota-ultrex-quest-90-115-lb-dual-spectrum-chirp,2026 Minn Kota Ultrex QUEST 90/115 lb Trolling Motor,2026 Minn Kota Ultrex QUEST 90/115 lb Trolling Motor,2026 Minn Kota Ultrex QUEST 90/115 lb Trolling Motor | Minn Kota | Reyco Marine,79,665,MK_Ultrex_QUEST_HeroAlt-2.webp,False
301,Other,wave-armour-pwc-wave-port,Wave Armour PWC Wave Port,Wave Armour PWC Wave Port,Wave Armour PWC Wave Port | Other | Reyco Marine,48,778,WavX-PWC-Lift-2018-rotated-1.jpg,False
384,Princecraft,2023-princecraft-sportfisher-21-2rs,2023 Princecraft Sportfisher 21-ft 2RS Pontoon,2023 Princecraft Sportfisher 21-ft 2RS Pontoon,2023 Princecraft Sportfisher 21-ft 2RS Pontoon | Princecraft | Reyco Marine,75,1188,sportfisher21-2rs-main.jpg,False
1034,Princecraft,2023-princecraft-sportfisher-21-2s,2023 Princecraft Sportfisher 21-ft 2S Fishing Edition Pontoon,2023 Princecraft Sportfisher 21-ft 2S Fishing Edition Pontoon,2023 Princecraft Sportfisher 21-ft 2S Fishing Edition Pontoon | Princecraft | Reyco Marine,90,1195,sportfisher21-2s-fishing-main.jpg,False
374,Princecraft,2023-princecraft-sportfisher-23-2rs,2023 Princecraft Sportfisher 23-ft Pontoon,2023 Princecraft Sportfisher 23-ft Pontoon,2023 Princecraft Sportfisher 23-ft Pontoon | Princecraft | Reyco Marine,71,1190,sportfisher23-2s-rl-main.jpg,False
426,Princecraft,2024-princecraft-resorter-160-bt,2024 Princecraft Resorter 160 BT Aluminum Fishing Boat,2024 Princecraft Resorter 160 BT Aluminum Fishing Boat,2024 Princecraft Resorter 160 BT Aluminum Fishing Boat | Princecraft | Reyco Marine,83,1187,resorter160bt-main.jpg,False
456,Princecraft,2025-princecraft-amarok-166-ws,2025 Princecraft Amarok 166 WS Aluminum Fishing Boat,2025 Princecraft Amarok 166 WS Aluminum Fishing Boat,2025 Princecraft Amarok 166 WS Aluminum Fishing Boat | Princecraft | Reyco Marine,81,1185,amarok166ws-main.jpg,False
451,Princecraft,2026-princecraft-vectra-21-rl,2026 Princecraft Vectra 21-ft Pontoon,2026 Princecraft Vectra 21-ft Pontoon,2026 Princecraft Vectra 21-ft Pontoon | Princecraft | Reyco Marine,66,1180,vectra21l-main.jpg,False
299,R&J Machine,rj-boat-lift-roof-system,R&amp;J Boat Lift Roof System,R&J Boat Lift Roof System,R&J Boat Lift Roof System | R&J Machine | Reyco Marine,54,776,Floating-Dock-with-Hydraulic-Boat-Lift-and-Roof-System-Aluimun-Framework-with-Veka-Decking-by-RJ-Machine-scaled.jpg,False
294,R&J Machine,rj-cantilever-boat-lift,R&amp;J Cantilever Boat Lift,R&J Cantilever Boat Lift,R&J Cantilever Boat Lift | R&J Machine | Reyco Marine,53,771,Boat-Lift-107.jpg,False
290,R&J Machine,rj-floating-truss-dock,R&amp;J Floating Truss Dock,R&J Floating Truss Dock,R&J Floating Truss Dock | R&J Machine | Reyco Marine,52,767,IMG_1593-scaled-1.jpg,False
298,R&J Machine,rj-hidden-beam-wet-slip-lift,R&amp;J Hidden-Beam Wet-Slip Lift,R&J Hidden-Beam Wet-Slip Lift,R&J Hidden-Beam Wet-Slip Lift | R&J Machine | Reyco Marine,58,775,Kerr_Hidden_Lifts-19-scaled.jpg,False
295,R&J Machine,rj-hydraulic-boat-lift,R&amp;J Hydraulic Boat Lift,R&J Hydraulic Boat Lift,R&J Hydraulic Boat Lift | R&J Machine | Reyco Marine,52,772,Hydraulic-Lift-4.jpg,False
300,R&J Machine,rj-hydraulic-pwc-lift,R&amp;J Hydraulic PWC Lift,R&J Hydraulic PWC Lift,R&J Hydraulic PWC Lift | R&J Machine | Reyco Marine,51,777,25-06-19RJMachine-K1045-croppedadj-scaled.jpg,False
297,R&J Machine,rj-hydro-extreme-boat-lift,R&amp;J Hydro Extreme Boat Lift,R&J Hydro Extreme Boat Lift,R&J Hydro Extreme Boat Lift | R&J Machine | Reyco Marine,56,774,HydroExtreme-Lift378719.jpg,False
293,R&J Machine,rj-lift-up-step-dock,R&amp;J Lift-Up Step Dock,R&J Lift-Up Step Dock,R&J Lift-Up Step Dock | R&J Machine | Reyco Marine,50,770,DEMEYER-2015-e1703789742619.jpg,False
291,R&J Machine,rj-lux-floating-dock-system,R&amp;J LUX Floating Dock System,R&J LUX Floating Dock System,R&J LUX Floating Dock System | R&J Machine | Reyco Marine,57,768,edited-image-of-LUX-floating-dock-with-oscillator.png,False
302,R&J Machine,rj-marine-railway-system,R&amp;J Marine Railway System,R&J Marine Railway System,R&J Marine Railway System | R&J Machine | Reyco Marine,54,779,Marine-Railway-scaled.jpg,False
289,R&J Machine,rj-truss-pipe-dock-aluminum,R&amp;J Truss Pipe Dock — Aluminum,R&J Truss Pipe Dock — Aluminum,R&J Truss Pipe Dock — Aluminum | R&J Machine | Reyco Marine,59,766,Pipe-Dock-w.-wheel.jpg,False
296,R&J Machine,rj-vertical-pontoon-boat-lift,R&amp;J Vertical Pontoon Boat Lift,R&J Vertical Pontoon Boat Lift,R&J Vertical Pontoon Boat Lift | R&J Machine | Reyco Marine,59,773,vertical-pontton-lift-with-lift-dock-chiesa-2016-e1485202621733.jpeg,False
292,R&J Machine,rj-wavex-modular-dock-system,R&amp;J WaveX Modular Dock System,R&J WaveX Modular Dock System,R&J WaveX Modular Dock System | R&J Machine | Reyco Marine,58,769,cosgrave-cropped2.jpg,False
425,Trailer,2024-trailer-x,2024 Trailer X — Ice-Fishing Utility Trailer,2024 Trailer X — Ice-Fishing Utility Trailer,2024 Trailer X — Ice-Fishing Utility Trailer | Trailer | Reyco Marine,69,1020,16700L-825x235-12.png,False
414,Trailer,2025-trailer-x,2025 Trailer X — Hunt-Camp Utility Trailer,2025 Trailer X — Hunt-Camp Utility Trailer,2025 Trailer X — Hunt-Camp Utility Trailer | Trailer | Reyco Marine,67,1028,16700L-825x235-20.png,False
453,Trailer,2025-trailer-x-2,2025 Trailer X — Sled-Hauling Utility Trailer,2025 Trailer X — Sled-Hauling Utility Trailer,2025 Trailer X — Sled-Hauling Utility Trailer | Trailer | Reyco Marine,70,1024,16700L-825x235-16.png,False
428,Trailer,2026-trailer-x,2026 Trailer X — Firewood &amp; Brush Utility Trailer,2026 Trailer X — Firewood & Brush Utility Trailer,2026 Trailer X — Firewood & Brush Utility Trailer | Trailer | Reyco Marine,74,1022,16700L-825x235-14.png,False
454,Trailer,2026-trailer-x-2,2026 Trailer X — Cottage-Country Utility Trailer,2026 Trailer X — Cottage-Country Utility Trailer,2026 Trailer X — Cottage-Country Utility Trailer | Trailer | Reyco Marine,73,1026,16700L-825x235-18.png,False
510,Trailer,2026-trailer-x-3,2026 Trailer X — Lumber-Hauling Utility Trailer,2026 Trailer X — Lumber-Hauling Utility Trailer,2026 Trailer X — Lumber-Hauling Utility Trailer | Trailer | Reyco Marine,72,1014,16700L-825x235-6.png,False
531,Trailer,2026-trailer-x-4,2026 Trailer X — Kayak &amp; Small-Boat Utility Trailer,2026 Trailer X — Kayak & Small-Boat Utility Trailer,2026 Trailer X — Kayak & Small-Boat Utility Trailer | Trailer | Reyco Marine,76,1016,16700L-825x235-8.png,False
303,Wave Armor,wave-armor-otter-swim-raft-8x10,Wave Armour Otter Swim Raft 8'x10',Wave Armour Otter Swim Raft 8'x10',Wave Armour Otter Swim Raft 8'x10' | Wave Armor | Reyco Marine,62,780,6396_20250122114139183.jpg,False
