file,url_path,title_sev,title_finding,title,desc_sev,desc_finding,h1_sev,h1_finding,canonical_sev,canonical_finding,alt_sev,alt_finding,schema_sev,schema_finding,php_sev,php_finding,empty_state_sev,empty_state_finding,overall_sev
_.txt,//,P2,LONG — 107 chars (>60),"Reyco Marine &amp; Small Engine Ltd. – Boats, Outdoor Power Equipment &amp; Smal",P1,GENERIC — site-wide fallback meta,OK,OK — 'You worked for this. Your weekends should show it.',P2,STAGING_DOMAIN — canonical points to reyco.glvmarketing.ca (needs reycomarine.com post-launch),P2,PARTIAL_ALT — 2/93 images,OK,OK — 2 schema block(s),OK,OK,OK,OK,P1
_about_meet_the_team_.txt,/about/meet/the/team/,OK,OK — 48 chars,Meet the Team – Reyco Marine &amp; Small Engine Ltd.,P1,GENERIC — site-wide fallback meta,P2,H1_EMPTY_TEXT — H1 present but text blank (JS render issue),P2,STAGING_DOMAIN — canonical points to reyco.glvmarketing.ca (needs reycomarine.com post-launch),OK,OK — 3/3 with alt,OK,OK — 1 schema block(s),OK,OK,OK,OK,P1
_blog_.txt,/blog/,OK,OK — 39 chars,Blog – Reyco Marine &amp; Small Engine Ltd.,P1,GENERIC — site-wide fallback meta,OK,OK — 'The Reyco Journal',P2,UNKNOWN_DOMAIN — canonical: BROKEN_IMG: 0,P2,PARTIAL_ALT — 1/18 images,OK,OK — 1 schema block(s),OK,OK,OK,OK,P1
_boats_and_marine_cannon_.txt,/boats/and/marine/cannon/,OK,OK — 53 chars,Cannon Downriggers – Reyco Marine &amp; Small Engine Ltd.,P1,GENERIC — site-wide fallback meta,P2,H1_EMPTY_TEXT — H1 present but text blank (JS render issue),P2,STAGING_DOMAIN — canonical points to reyco.glvmarketing.ca (needs reycomarine.com post-launch),OK,OK — 16/16 with alt,OK,OK — 1 schema block(s),OK,OK,OK,OK,P1
_boats_and_marine_cannon_catalogue_.txt,/boats/and/marine/cannon/catalogue/,OK,OK — 53 chars,Cannon Downriggers – Reyco Marine &amp; Small Engine Ltd.,P1,GENERIC — site-wide fallback meta,P2,H1_EMPTY_TEXT — H1 present but text blank (JS render issue),P2,STAGING_DOMAIN — canonical points to reyco.glvmarketing.ca (needs reycomarine.com post-launch),OK,OK — 4/4 with alt,OK,OK — 1 schema block(s),OK,OK,OK,OK,P1
_boats_and_marine_deck_boats_.txt,/boats/and/marine/deck/boats/,OK,OK — 45 chars,Deck Boats – Reyco Marine &amp; Small Engine Ltd.,P1,GENERIC — site-wide fallback meta,P2,H1_EMPTY_TEXT — H1 present but text blank (JS render issue),P2,STAGING_DOMAIN — canonical points to reyco.glvmarketing.ca (needs reycomarine.com post-launch),P2,PARTIAL_ALT — 1/12 images,OK,OK — 1 schema block(s),OK,OK,P2,EMPTY_STATES — 7 empty-state components fired (WC feed gap?),P1
_boats_and_marine_fish_finders_.txt,/boats/and/marine/fish/finders/,OK,OK — 47 chars,Fish Finders – Reyco Marine &amp; Small Engine Ltd.,P1,GENERIC — site-wide fallback meta,P2,H1_EMPTY_TEXT — H1 present but text blank (JS render issue),P2,STAGING_DOMAIN — canonical points to reyco.glvmarketing.ca (needs reycomarine.com post-launch),P2,PARTIAL_ALT — 1/54 images,OK,OK — 1 schema block(s),OK,OK,OK,OK,P1
_boats_and_marine_fishing_boats_.txt,/boats/and/marine/fishing/boats/,OK,OK — 48 chars,Fishing Boats – Reyco Marine &amp; Small Engine Ltd.,P1,GENERIC — site-wide fallback meta,P2,H1_EMPTY_TEXT — H1 present but text blank (JS render issue),P2,STAGING_DOMAIN — canonical points to reyco.glvmarketing.ca (needs reycomarine.com post-launch),P2,PARTIAL_ALT — 1/47 images,OK,OK — 1 schema block(s),OK,OK,OK,OK,P1
_boats_and_marine_humminbird_.txt,/boats/and/marine/humminbird/,OK,OK — 57 chars,Humminbird Electronics – Reyco Marine &amp; Small Engine Ltd.,P1,GENERIC — site-wide fallback meta,P2,H1_EMPTY_TEXT — H1 present but text blank (JS render issue),P2,STAGING_DOMAIN — canonical points to reyco.glvmarketing.ca (needs reycomarine.com post-launch),P2,PARTIAL_ALT — 1/75 images,OK,OK — 1 schema block(s),OK,OK,OK,OK,P1
_boats_and_marine_mercury_.txt,/boats/and/marine/mercury/,OK,OK — 52 chars,Mercury Outboards – Reyco Marine &amp; Small Engine Ltd.,P1,GENERIC — site-wide fallback meta,P2,H1_EMPTY_TEXT — H1 present but text blank (JS render issue),P2,STAGING_DOMAIN — canonical points to reyco.glvmarketing.ca (needs reycomarine.com post-launch),P2,PARTIAL_ALT — 1/96 images,OK,OK — 1 schema block(s),OK,OK,OK,OK,P1
_boats_and_marine_minnkota_.txt,/boats/and/marine/minnkota/,OK,OK — 60 chars,Minn Kota Trolling Motors – Reyco Marine &amp; Small Engine Ltd.,P1,GENERIC — site-wide fallback meta,P2,H1_EMPTY_TEXT — H1 present but text blank (JS render issue),P2,STAGING_DOMAIN — canonical points to reyco.glvmarketing.ca (needs reycomarine.com post-launch),OK,OK — 20/20 with alt,OK,OK — 1 schema block(s),OK,OK,OK,OK,P1
_boats_and_marine_minnkota_catalogue_.txt,/boats/and/marine/minnkota/catalogue/,OK,OK — 60 chars,Minn Kota Trolling Motors – Reyco Marine &amp; Small Engine Ltd.,P1,GENERIC — site-wide fallback meta,P2,H1_EMPTY_TEXT — H1 present but text blank (JS render issue),P2,STAGING_DOMAIN — canonical points to reyco.glvmarketing.ca (needs reycomarine.com post-launch),OK,OK — 4/4 with alt,OK,OK — 1 schema block(s),OK,OK,OK,OK,P1
_boats_and_marine_outboard_motors_.txt,/boats/and/marine/outboard/motors/,OK,OK — 50 chars,Outboard Motors – Reyco Marine &amp; Small Engine Ltd.,P1,GENERIC — site-wide fallback meta,P2,H1_EMPTY_TEXT — H1 present but text blank (JS render issue),P2,STAGING_DOMAIN — canonical points to reyco.glvmarketing.ca (needs reycomarine.com post-launch),P2,PARTIAL_ALT — 1/96 images,OK,OK — 1 schema block(s),OK,OK,OK,OK,P1
_boats_and_marine_pontoons_.txt,/boats/and/marine/pontoons/,OK,OK — 43 chars,Pontoons – Reyco Marine &amp; Small Engine Ltd.,P1,GENERIC — site-wide fallback meta,P2,H1_EMPTY_TEXT — H1 present but text blank (JS render issue),P2,STAGING_DOMAIN — canonical points to reyco.glvmarketing.ca (needs reycomarine.com post-launch),P2,PARTIAL_ALT — 1/12 images,OK,OK — 1 schema block(s),OK,OK,OK,OK,P1
_boats_and_marine_princecraft_.txt,/boats/and/marine/princecraft/,OK,OK — 52 chars,Princecraft Boats – Reyco Marine &amp; Small Engine Ltd.,P1,GENERIC — site-wide fallback meta,P2,H1_EMPTY_TEXT — H1 present but text blank (JS render issue),P2,STAGING_DOMAIN — canonical points to reyco.glvmarketing.ca (needs reycomarine.com post-launch),P2,PARTIAL_ALT — 1/47 images,OK,OK — 1 schema block(s),OK,OK,OK,OK,P1
_boats_and_marine_trolling_motors_.txt,/boats/and/marine/trolling/motors/,OK,OK — 50 chars,Trolling Motors – Reyco Marine &amp; Small Engine Ltd.,P1,GENERIC — site-wide fallback meta,P2,H1_EMPTY_TEXT — H1 present but text blank (JS render issue),P2,STAGING_DOMAIN — canonical points to reyco.glvmarketing.ca (needs reycomarine.com post-launch),P2,PARTIAL_ALT — 1/68 images,OK,OK — 1 schema block(s),OK,OK,OK,OK,P1
_cart_.txt,/cart/,OK,OK — 39 chars,Cart – Reyco Marine &amp; Small Engine Ltd.,P1,GENERIC — site-wide fallback meta,OK,OK — 'Great things are on the horizon',P2,STAGING_DOMAIN — canonical points to reyco.glvmarketing.ca (needs reycomarine.com post-launch),OK,OK — 3/3 with alt,OK,OK — 1 schema block(s),OK,OK,OK,OK,P1
_checkout_.txt,/checkout/,OK,OK — 39 chars,Cart – Reyco Marine &amp; Small Engine Ltd.,P1,GENERIC — site-wide fallback meta,OK,OK — 'Great things are on the horizon',P2,STAGING_DOMAIN — canonical points to reyco.glvmarketing.ca (needs reycomarine.com post-launch),OK,OK — 3/3 with alt,OK,OK — 1 schema block(s),OK,OK,OK,OK,P1
_docks_and_lifts_.txt,/docks/and/lifts/,OK,OK — 50 chars,Docks and Lifts – Reyco Marine &amp; Small Engine Ltd.,P1,GENERIC — site-wide fallback meta,P2,H1_EMPTY_TEXT — H1 present but text blank (JS render issue),P2,STAGING_DOMAIN — canonical points to reyco.glvmarketing.ca (needs reycomarine.com post-launch),P2,PARTIAL_ALT — 1/12 images,OK,OK — 1 schema block(s),OK,OK,OK,OK,P1
_docks_and_lifts_boat_lifts_.txt,/docks/and/lifts/boat/lifts/,OK,OK — 45 chars,Boat Lifts – Reyco Marine &amp; Small Engine Ltd.,P1,GENERIC — site-wide fallback meta,P2,H1_EMPTY_TEXT — H1 present but text blank (JS render issue),P2,STAGING_DOMAIN — canonical points to reyco.glvmarketing.ca (needs reycomarine.com post-launch),P2,PARTIAL_ALT — 1/61 images,OK,OK — 1 schema block(s),OK,OK,OK,OK,P1
_docks_and_lifts_docks_.txt,/docks/and/lifts/docks/,OK,OK — 40 chars,Docks – Reyco Marine &amp; Small Engine Ltd.,P1,GENERIC — site-wide fallback meta,P2,H1_EMPTY_TEXT — H1 present but text blank (JS render issue),P2,STAGING_DOMAIN — canonical points to reyco.glvmarketing.ca (needs reycomarine.com post-launch),P2,PARTIAL_ALT — 1/54 images,OK,OK — 1 schema block(s),OK,OK,OK,OK,P1
_docks_and_lifts_hardware_accessories_.txt,/docks/and/lifts/hardware/accessories/,P2,LONG — 62 chars (>60),Dock Hardware &amp; Accessories – Reyco Marine &amp; Small Engine Ltd.,P1,GENERIC — site-wide fallback meta,P2,H1_EMPTY_TEXT — H1 present but text blank (JS render issue),P2,STAGING_DOMAIN — canonical points to reyco.glvmarketing.ca (needs reycomarine.com post-launch),P2,PARTIAL_ALT — 1/12 images,OK,OK — 1 schema block(s),OK,OK,OK,OK,P1
_docks_and_lifts_marine_railways_.txt,/docks/and/lifts/marine/railways/,OK,OK — 50 chars,Marine Railways – Reyco Marine &amp; Small Engine Ltd.,P1,GENERIC — site-wide fallback meta,P2,H1_EMPTY_TEXT — H1 present but text blank (JS render issue),P2,STAGING_DOMAIN — canonical points to reyco.glvmarketing.ca (needs reycomarine.com post-launch),P2,PARTIAL_ALT — 1/12 images,OK,OK — 1 schema block(s),OK,OK,OK,OK,P1
_docks_and_lifts_pwc_lifts_.txt,/docks/and/lifts/pwc/lifts/,OK,OK — 44 chars,PWC Lifts – Reyco Marine &amp; Small Engine Ltd.,P1,GENERIC — site-wide fallback meta,P2,H1_EMPTY_TEXT — H1 present but text blank (JS render issue),P2,STAGING_DOMAIN — canonical points to reyco.glvmarketing.ca (needs reycomarine.com post-launch),P2,PARTIAL_ALT — 1/26 images,OK,OK — 1 schema block(s),OK,OK,OK,OK,P1
_docks_and_lifts_r_j_machine_.txt,/docks/and/lifts/r/j/machine/,OK,OK — 46 chars,R&amp;J Machine – Reyco Marine &amp; Small Engine Ltd.,P1,GENERIC — site-wide fallback meta,P2,H1_EMPTY_TEXT — H1 present but text blank (JS render issue),P2,STAGING_DOMAIN — canonical points to reyco.glvmarketing.ca (needs reycomarine.com post-launch),P2,PARTIAL_ALT — 1/12 images,OK,OK — 1 schema block(s),OK,OK,OK,OK,P1
_docks_and_lifts_wave_armor_.txt,/docks/and/lifts/wave/armor/,OK,OK — 45 chars,Wave Armor – Reyco Marine &amp; Small Engine Ltd.,P1,GENERIC — site-wide fallback meta,P2,H1_EMPTY_TEXT — H1 present but text blank (JS render issue),P2,STAGING_DOMAIN — canonical points to reyco.glvmarketing.ca (needs reycomarine.com post-launch),P2,PARTIAL_ALT — 1/19 images,OK,OK — 1 schema block(s),OK,OK,OK,OK,P1
_financing_apply_.txt,/financing/apply/,OK,OK — 54 chars,Apply for Financing – Reyco Marine &amp; Small Engine Ltd.,P1,GENERIC — site-wide fallback meta,OK,OK — 'Apply for Financing',P2,STAGING_DOMAIN — canonical points to reyco.glvmarketing.ca (needs reycomarine.com post-launch),OK,OK — 3/3 with alt,OK,OK — 1 schema block(s),OK,OK,OK,OK,P1
_inventory_.txt,/inventory/,OK,OK — 44 chars,Inventory – Reyco Marine &amp; Small Engine Ltd.,P1,GENERIC — site-wide fallback meta,OK,OK — 'Our Inventory',P2,STAGING_DOMAIN — canonical points to reyco.glvmarketing.ca (needs reycomarine.com post-launch),OK,OK — 7/7 with alt,OK,OK — 1 schema block(s),OK,OK,OK,OK,P1
_lawn_and_garden_.txt,/lawn/and/garden/,OK,OK — 50 chars,Lawn and Garden – Reyco Marine &amp; Small Engine Ltd.,P1,GENERIC — site-wide fallback meta,P2,H1_EMPTY_TEXT — H1 present but text blank (JS render issue),P2,STAGING_DOMAIN — canonical points to reyco.glvmarketing.ca (needs reycomarine.com post-launch),P2,PARTIAL_ALT — 1/12 images,OK,OK — 1 schema block(s),OK,OK,P2,EMPTY_STATES — 7 empty-state components fired (WC feed gap?),P1
_lawn_and_garden_belts_.txt,/lawn/and/garden/belts/,OK,OK — 40 chars,Belts – Reyco Marine &amp; Small Engine Ltd.,P1,GENERIC — site-wide fallback meta,OK,OK — 'Belts',P2,STAGING_DOMAIN — canonical points to reyco.glvmarketing.ca (needs reycomarine.com post-launch),OK,OK — 12/12 with alt,OK,OK — 1 schema block(s),OK,OK,P2,EMPTY_STATES — 7 empty-state components fired (WC feed gap?),P1
_lawn_and_garden_blades_.txt,/lawn/and/garden/blades/,OK,OK — 41 chars,Blades – Reyco Marine &amp; Small Engine Ltd.,P1,GENERIC — site-wide fallback meta,OK,OK — 'Blades',P2,STAGING_DOMAIN — canonical points to reyco.glvmarketing.ca (needs reycomarine.com post-launch),OK,OK — 12/12 with alt,OK,OK — 1 schema block(s),OK,OK,P2,EMPTY_STATES — 7 empty-state components fired (WC feed gap?),P1
_lawn_and_garden_blowers_.txt,/lawn/and/garden/blowers/,OK,OK — 46 chars,Gas Blowers – Reyco Marine &amp; Small Engine Ltd.,P1,GENERIC — site-wide fallback meta,P2,H1_EMPTY_TEXT — H1 present but text blank (JS render issue),P2,STAGING_DOMAIN — canonical points to reyco.glvmarketing.ca (needs reycomarine.com post-launch),P2,PARTIAL_ALT — 1/12 images,OK,OK — 1 schema block(s),OK,OK,OK,OK,P1
_lawn_and_garden_chainsaws_.txt,/lawn/and/garden/chainsaws/,OK,OK — 44 chars,Chainsaws – Reyco Marine &amp; Small Engine Ltd.,P1,GENERIC — site-wide fallback meta,P2,H1_EMPTY_TEXT — H1 present but text blank (JS render issue),P2,STAGING_DOMAIN — canonical points to reyco.glvmarketing.ca (needs reycomarine.com post-launch),P2,PARTIAL_ALT — 1/96 images,OK,OK — 1 schema block(s),OK,OK,OK,OK,P1
_lawn_and_garden_cordless_56v_.txt,/lawn/and/garden/cordless/56v/,OK,OK — 59 chars,Echo 56V Cordless System – Reyco Marine &amp; Small Engine Ltd.,P1,GENERIC — site-wide fallback meta,P2,H1_EMPTY_TEXT — H1 present but text blank (JS render issue),P2,STAGING_DOMAIN — canonical points to reyco.glvmarketing.ca (needs reycomarine.com post-launch),P2,PARTIAL_ALT — 1/12 images,OK,OK — 1 schema block(s),OK,OK,OK,OK,P1
_lawn_and_garden_cordless_blowers_.txt,/lawn/and/garden/cordless/blowers/,OK,OK — 51 chars,Cordless Blowers – Reyco Marine &amp; Small Engine Ltd.,P1,GENERIC — site-wide fallback meta,OK,OK — 'Cordless Blowers',P2,STAGING_DOMAIN — canonical points to reyco.glvmarketing.ca (needs reycomarine.com post-launch),P2,PARTIAL_ALT — 1/14 images,OK,OK — 1 schema block(s),OK,OK,P2,EMPTY_STATES — 32 empty-state components fired (WC feed gap?),P1
_lawn_and_garden_cordless_chainsaws_.txt,/lawn/and/garden/cordless/chainsaws/,OK,OK — 53 chars,Cordless Chainsaws – Reyco Marine &amp; Small Engine Ltd.,P1,GENERIC — site-wide fallback meta,P2,H1_EMPTY_TEXT — H1 present but text blank (JS render issue),P2,STAGING_DOMAIN — canonical points to reyco.glvmarketing.ca (needs reycomarine.com post-launch),P2,PARTIAL_ALT — 1/12 images,OK,OK — 1 schema block(s),OK,OK,OK,OK,P1
_lawn_and_garden_cordless_mowers_.txt,/lawn/and/garden/cordless/mowers/,OK,OK — 50 chars,Cordless Mowers – Reyco Marine &amp; Small Engine Ltd.,P1,GENERIC — site-wide fallback meta,P2,H1_EMPTY_TEXT — H1 present but text blank (JS render issue),P2,STAGING_DOMAIN — canonical points to reyco.glvmarketing.ca (needs reycomarine.com post-launch),P2,PARTIAL_ALT — 1/12 images,OK,OK — 1 schema block(s),OK,OK,OK,OK,P1
_lawn_and_garden_cordless_trimmers_.txt,/lawn/and/garden/cordless/trimmers/,OK,OK — 52 chars,Cordless Trimmers – Reyco Marine &amp; Small Engine Ltd.,P1,GENERIC — site-wide fallback meta,P2,H1_EMPTY_TEXT — H1 present but text blank (JS render issue),P2,STAGING_DOMAIN — canonical points to reyco.glvmarketing.ca (needs reycomarine.com post-launch),P2,PARTIAL_ALT — 1/12 images,OK,OK — 1 schema block(s),OK,OK,OK,OK,P1
_lawn_and_garden_cub_cadet_.txt,/lawn/and/garden/cub/cadet/,OK,OK — 44 chars,Cub Cadet – Reyco Marine &amp; Small Engine Ltd.,P1,GENERIC — site-wide fallback meta,P2,H1_EMPTY_TEXT — H1 present but text blank (JS render issue),P2,STAGING_DOMAIN — canonical points to reyco.glvmarketing.ca (needs reycomarine.com post-launch),P2,PARTIAL_ALT — 1/26 images,OK,OK — 1 schema block(s),OK,OK,OK,OK,P1
_lawn_and_garden_echo_.txt,/lawn/and/garden/echo/,OK,OK — 39 chars,Echo – Reyco Marine &amp; Small Engine Ltd.,P1,GENERIC — site-wide fallback meta,P2,H1_EMPTY_TEXT — H1 present but text blank (JS render issue),P2,STAGING_DOMAIN — canonical points to reyco.glvmarketing.ca (needs reycomarine.com post-launch),P2,PARTIAL_ALT — 1/12 images,OK,OK — 1 schema block(s),OK,OK,OK,OK,P1
_lawn_and_garden_edgers_.txt,/lawn/and/garden/edgers/,OK,OK — 41 chars,Edgers – Reyco Marine &amp; Small Engine Ltd.,P1,GENERIC — site-wide fallback meta,P2,H1_EMPTY_TEXT — H1 present but text blank (JS render issue),P2,STAGING_DOMAIN — canonical points to reyco.glvmarketing.ca (needs reycomarine.com post-launch),P2,PARTIAL_ALT — 1/12 images,OK,OK — 1 schema block(s),OK,OK,OK,OK,P1
_lawn_and_garden_filters_.txt,/lawn/and/garden/filters/,OK,OK — 42 chars,Filters – Reyco Marine &amp; Small Engine Ltd.,P1,GENERIC — site-wide fallback meta,OK,OK — 'Filters',P2,STAGING_DOMAIN — canonical points to reyco.glvmarketing.ca (needs reycomarine.com post-launch),OK,OK — 12/12 with alt,OK,OK — 1 schema block(s),OK,OK,P2,EMPTY_STATES — 7 empty-state components fired (WC feed gap?),P1
_lawn_and_garden_hedge_trimmers_.txt,/lawn/and/garden/hedge/trimmers/,OK,OK — 49 chars,Hedge Trimmers – Reyco Marine &amp; Small Engine Ltd.,P1,GENERIC — site-wide fallback meta,P2,H1_EMPTY_TEXT — H1 present but text blank (JS render issue),P2,STAGING_DOMAIN — canonical points to reyco.glvmarketing.ca (needs reycomarine.com post-launch),P2,PARTIAL_ALT — 1/12 images,OK,OK — 1 schema block(s),OK,OK,OK,OK,P1
_lawn_and_garden_power_pruners_.txt,/lawn/and/garden/power/pruners/,OK,OK — 48 chars,Power Pruners – Reyco Marine &amp; Small Engine Ltd.,P1,GENERIC — site-wide fallback meta,P2,H1_EMPTY_TEXT — H1 present but text blank (JS render issue),P2,STAGING_DOMAIN — canonical points to reyco.glvmarketing.ca (needs reycomarine.com post-launch),P2,PARTIAL_ALT — 1/12 images,OK,OK — 1 schema block(s),OK,OK,OK,OK,P1
_lawn_and_garden_pressure_washers_.txt,/lawn/and/garden/pressure/washers/,OK,OK — 51 chars,Pressure Washers – Reyco Marine &amp; Small Engine Ltd.,P1,GENERIC — site-wide fallback meta,P2,H1_EMPTY_TEXT — H1 present but text blank (JS render issue),P2,STAGING_DOMAIN — canonical points to reyco.glvmarketing.ca (needs reycomarine.com post-launch),P2,PARTIAL_ALT — 1/12 images,OK,OK — 1 schema block(s),OK,OK,OK,OK,P1
_lawn_and_garden_pro_attachment_series_.txt,/lawn/and/garden/pro/attachment/series/,P2,LONG — 62 chars (>60),Pro Attachment Series (PAS) – Reyco Marine &amp; Small Engine Ltd.,P1,GENERIC — site-wide fallback meta,P2,H1_EMPTY_TEXT — H1 present but text blank (JS render issue),P2,STAGING_DOMAIN — canonical points to reyco.glvmarketing.ca (needs reycomarine.com post-launch),P2,PARTIAL_ALT — 1/12 images,OK,OK — 1 schema block(s),OK,OK,OK,OK,P1
_lawn_and_garden_push_mowers_.txt,/lawn/and/garden/push/mowers/,OK,OK — 46 chars,Push Mowers – Reyco Marine &amp; Small Engine Ltd.,P1,GENERIC — site-wide fallback meta,P2,H1_EMPTY_TEXT — H1 present but text blank (JS render issue),P2,STAGING_DOMAIN — canonical points to reyco.glvmarketing.ca (needs reycomarine.com post-launch),P2,PARTIAL_ALT — 1/26 images,OK,OK — 1 schema block(s),OK,OK,OK,OK,P1
_lawn_and_garden_riding_mowers_.txt,/lawn/and/garden/riding/mowers/,OK,OK — 48 chars,Riding Mowers – Reyco Marine &amp; Small Engine Ltd.,P1,GENERIC — site-wide fallback meta,P2,H1_EMPTY_TEXT — H1 present but text blank (JS render issue),P2,STAGING_DOMAIN — canonical points to reyco.glvmarketing.ca (needs reycomarine.com post-launch),P2,PARTIAL_ALT — 1/26 images,OK,OK — 1 schema block(s),OK,OK,OK,OK,P1
_lawn_and_garden_stihl_.txt,/lawn/and/garden/stihl/,OK,OK — 40 chars,STIHL – Reyco Marine &amp; Small Engine Ltd.,P1,GENERIC — site-wide fallback meta,OK,OK — 'STIHL',P2,STAGING_DOMAIN — canonical points to reyco.glvmarketing.ca (needs reycomarine.com post-launch),OK,OK — 12/12 with alt,OK,OK — 1 schema block(s),OK,OK,P2,EMPTY_STATES — 7 empty-state components fired (WC feed gap?),P1
_lawn_and_garden_toro_.txt,/lawn/and/garden/toro/,OK,OK — 39 chars,Toro – Reyco Marine &amp; Small Engine Ltd.,P1,GENERIC — site-wide fallback meta,P2,H1_EMPTY_TEXT — H1 present but text blank (JS render issue),P2,STAGING_DOMAIN — canonical points to reyco.glvmarketing.ca (needs reycomarine.com post-launch),P2,PARTIAL_ALT — 1/12 images,OK,OK — 1 schema block(s),OK,OK,OK,OK,P1
_lawn_and_garden_trimmers_.txt,/lawn/and/garden/trimmers/,OK,OK — 43 chars,Trimmers – Reyco Marine &amp; Small Engine Ltd.,P1,GENERIC — site-wide fallback meta,P2,H1_EMPTY_TEXT — H1 present but text blank (JS render issue),P2,STAGING_DOMAIN — canonical points to reyco.glvmarketing.ca (needs reycomarine.com post-launch),P2,PARTIAL_ALT — 1/12 images,OK,OK — 1 schema block(s),OK,OK,P2,EMPTY_STATES — 7 empty-state components fired (WC feed gap?),P1
_lawn_and_garden_troy_bilt_.txt,/lawn/and/garden/troy/bilt/,OK,OK — 44 chars,Troy-Bilt – Reyco Marine &amp; Small Engine Ltd.,P1,GENERIC — site-wide fallback meta,OK,OK — 'Troy-Bilt Outdoor Power Equipment',P2,STAGING_DOMAIN — canonical points to reyco.glvmarketing.ca (needs reycomarine.com post-launch),P2,PARTIAL_ALT — 1/16 images,OK,OK — 1 schema block(s),OK,OK,P2,EMPTY_STATES — 50 empty-state components fired (WC feed gap?),P1
_lawn_and_garden_zero_turn_.txt,/lawn/and/garden/zero/turn/,OK,OK — 51 chars,Zero-Turn Mowers – Reyco Marine &amp; Small Engine Ltd.,P1,GENERIC — site-wide fallback meta,P2,H1_EMPTY_TEXT — H1 present but text blank (JS render issue),P2,STAGING_DOMAIN — canonical points to reyco.glvmarketing.ca (needs reycomarine.com post-launch),P2,PARTIAL_ALT — 1/12 images,OK,OK — 1 schema block(s),OK,OK,P2,EMPTY_STATES — 7 empty-state components fired (WC feed gap?),P1
_my_account_.txt,/my/account/,OK,OK — 45 chars,My account – Reyco Marine &amp; Small Engine Ltd.,P1,GENERIC — site-wide fallback meta,OK,OK — 'My account',P2,STAGING_DOMAIN — canonical points to reyco.glvmarketing.ca (needs reycomarine.com post-launch),OK,OK — 3/3 with alt,OK,OK — 1 schema block(s),OK,OK,OK,OK,P1
_powersports_.txt,/powersports/,OK,OK — 46 chars,Powersports – Reyco Marine &amp; Small Engine Ltd.,P1,GENERIC — site-wide fallback meta,P2,H1_EMPTY_TEXT — H1 present but text blank (JS render issue),P2,STAGING_DOMAIN — canonical points to reyco.glvmarketing.ca (needs reycomarine.com post-launch),P2,PARTIAL_ALT — 1/12 images,OK,OK — 1 schema block(s),OK,OK,OK,OK,P1
_powersports_atvs_.txt,/powersports/atvs/,OK,OK — 39 chars,ATVs – Reyco Marine &amp; Small Engine Ltd.,P1,GENERIC — site-wide fallback meta,P2,H1_EMPTY_TEXT — H1 present but text blank (JS render issue),P2,STAGING_DOMAIN — canonical points to reyco.glvmarketing.ca (needs reycomarine.com post-launch),P2,PARTIAL_ALT — 1/47 images,OK,OK — 1 schema block(s),OK,OK,OK,OK,P1
_powersports_crew_.txt,/powersports/crew/,OK,OK — 53 chars,Crew &amp; 4-Seat UTVs – Reyco Marine &amp; Small Engine Ltd.,P1,GENERIC — site-wide fallback meta,OK,OK — 'Crew &amp; 4-Seat UTVs',P2,STAGING_DOMAIN — canonical points to reyco.glvmarketing.ca (needs reycomarine.com post-launch),OK,OK — 12/12 with alt,OK,OK — 1 schema block(s),OK,OK,OK,OK,P1
_powersports_cub_cadet_utv_.txt,/powersports/cub/cadet/utv/,OK,OK — 49 chars,Cub Cadet UTVs – Reyco Marine &amp; Small Engine Ltd.,P1,GENERIC — site-wide fallback meta,P2,H1_EMPTY_TEXT — H1 present but text blank (JS render issue),P2,STAGING_DOMAIN — canonical points to reyco.glvmarketing.ca (needs reycomarine.com post-launch),P2,PARTIAL_ALT — 1/12 images,OK,OK — 1 schema block(s),OK,OK,P2,EMPTY_STATES — 7 empty-state components fired (WC feed gap?),P1
_powersports_easy_go_.txt,/powersports/easy/go/,OK,OK — 52 chars,E-Z-GO Golf Carts – Reyco Marine &amp; Small Engine Ltd.,P1,GENERIC — site-wide fallback meta,OK,OK — 'E-Z-GO Golf Carts',P2,STAGING_DOMAIN — canonical points to reyco.glvmarketing.ca (needs reycomarine.com post-launch),P2,PARTIAL_ALT — 1/16 images,OK,OK — 1 schema block(s),OK,OK,P2,EMPTY_STATES — 50 empty-state components fired (WC feed gap?),P1
_powersports_electric_.txt,/powersports/electric/,OK,OK — 48 chars,Electric UTVs – Reyco Marine &amp; Small Engine Ltd.,P1,GENERIC — site-wide fallback meta,P2,H1_EMPTY_TEXT — H1 present but text blank (JS render issue),P2,STAGING_DOMAIN — canonical points to reyco.glvmarketing.ca (needs reycomarine.com post-launch),P2,PARTIAL_ALT — 1/12 images,OK,OK — 1 schema block(s),OK,OK,OK,OK,P1
_powersports_golf_carts_.txt,/powersports/golf/carts/,OK,OK — 45 chars,Golf Carts – Reyco Marine &amp; Small Engine Ltd.,P1,GENERIC — site-wide fallback meta,OK,OK — 'Golf Carts',P2,STAGING_DOMAIN — canonical points to reyco.glvmarketing.ca (needs reycomarine.com post-launch),OK,OK — 19/19 with alt,OK,OK — 1 schema block(s),OK,OK,OK,OK,P1
_powersports_hisun_.txt,/powersports/hisun/,OK,OK — 40 chars,Hisun – Reyco Marine &amp; Small Engine Ltd.,P1,GENERIC — site-wide fallback meta,P2,H1_EMPTY_TEXT — H1 present but text blank (JS render issue),P2,STAGING_DOMAIN — canonical points to reyco.glvmarketing.ca (needs reycomarine.com post-launch),P2,PARTIAL_ALT — 1/96 images,OK,OK — 1 schema block(s),OK,OK,OK,OK,P1
_powersports_hs_series_.txt,/powersports/hs/series/,OK,OK — 44 chars,HS Series – Reyco Marine &amp; Small Engine Ltd.,P1,GENERIC — site-wide fallback meta,P2,H1_EMPTY_TEXT — H1 present but text blank (JS render issue),P2,STAGING_DOMAIN — canonical points to reyco.glvmarketing.ca (needs reycomarine.com post-launch),P2,PARTIAL_ALT — 1/12 images,OK,OK — 1 schema block(s),OK,OK,P2,EMPTY_STATES — 7 empty-state components fired (WC feed gap?),P1
_powersports_mp9_.txt,/powersports/mp9/,OK,OK — 45 chars,MP9 Series – Reyco Marine &amp; Small Engine Ltd.,P1,GENERIC — site-wide fallback meta,P2,H1_EMPTY_TEXT — H1 present but text blank (JS render issue),P2,STAGING_DOMAIN — canonical points to reyco.glvmarketing.ca (needs reycomarine.com post-launch),P2,PARTIAL_ALT — 1/12 images,OK,OK — 1 schema block(s),OK,OK,OK,OK,P1
_powersports_sector_.txt,/powersports/sector/,OK,OK — 48 chars,Sector Series – Reyco Marine &amp; Small Engine Ltd.,P1,GENERIC — site-wide fallback meta,P2,H1_EMPTY_TEXT — H1 present but text blank (JS render issue),P2,STAGING_DOMAIN — canonical points to reyco.glvmarketing.ca (needs reycomarine.com post-launch),P2,PARTIAL_ALT — 1/12 images,OK,OK — 1 schema block(s),OK,OK,OK,OK,P1
_powersports_sport_.txt,/powersports/sport/,OK,OK — 45 chars,Sport UTVs – Reyco Marine &amp; Small Engine Ltd.,P1,GENERIC — site-wide fallback meta,OK,OK — 'Sport UTVs',P2,STAGING_DOMAIN — canonical points to reyco.glvmarketing.ca (needs reycomarine.com post-launch),OK,OK — 12/12 with alt,OK,OK — 1 schema block(s),OK,OK,OK,OK,P1
_powersports_strike_.txt,/powersports/strike/,OK,OK — 48 chars,Strike Series – Reyco Marine &amp; Small Engine Ltd.,P1,GENERIC — site-wide fallback meta,P2,H1_EMPTY_TEXT — H1 present but text blank (JS render issue),P2,STAGING_DOMAIN — canonical points to reyco.glvmarketing.ca (needs reycomarine.com post-launch),P2,PARTIAL_ALT — 1/12 images,OK,OK — 1 schema block(s),OK,OK,OK,OK,P1
_powersports_stryker_.txt,/powersports/stryker/,OK,OK — 49 chars,Stryker Series – Reyco Marine &amp; Small Engine Ltd.,P1,GENERIC — site-wide fallback meta,P2,H1_EMPTY_TEXT — H1 present but text blank (JS render issue),P2,STAGING_DOMAIN — canonical points to reyco.glvmarketing.ca (needs reycomarine.com post-launch),P2,PARTIAL_ALT — 1/12 images,OK,OK — 1 schema block(s),OK,OK,OK,OK,P1
_powersports_utility_.txt,/powersports/utility/,OK,OK — 47 chars,Utility UTVs – Reyco Marine &amp; Small Engine Ltd.,P1,GENERIC — site-wide fallback meta,OK,OK — 'Utility UTVs',P2,STAGING_DOMAIN — canonical points to reyco.glvmarketing.ca (needs reycomarine.com post-launch),OK,OK — 12/12 with alt,OK,OK — 1 schema block(s),OK,OK,OK,OK,P1
_powersports_youth_.txt,/powersports/youth/,OK,OK — 45 chars,Youth UTVs – Reyco Marine &amp; Small Engine Ltd.,P1,GENERIC — site-wide fallback meta,OK,OK — 'Youth UTVs',P2,STAGING_DOMAIN — canonical points to reyco.glvmarketing.ca (needs reycomarine.com post-launch),OK,OK — 12/12 with alt,OK,OK — 1 schema block(s),OK,OK,OK,OK,P1
_privacy_.txt,/privacy/,OK,OK — 49 chars,Privacy Policy – Reyco Marine &amp; Small Engine Ltd.,P1,GENERIC — site-wide fallback meta,OK,OK — 'Privacy Policy',P2,STAGING_DOMAIN — canonical points to reyco.glvmarketing.ca (needs reycomarine.com post-launch),OK,OK — 3/3 with alt,OK,OK — 1 schema block(s),OK,OK,OK,OK,P1
_shop_.txt,/shop/,OK,OK — 39 chars,Shop – Reyco Marine &amp; Small Engine Ltd.,P1,GENERIC — site-wide fallback meta,OK,OK — 'Great things are on the horizon',P2,STAGING_DOMAIN — canonical points to reyco.glvmarketing.ca (needs reycomarine.com post-launch),OK,OK — 3/3 with alt,OK,OK — 1 schema block(s),OK,OK,OK,OK,P1
_snow_equipment_cub_cadet_.txt,/snow/equipment/cub/cadet/,OK,OK — 49 chars,Cub Cadet Snow – Reyco Marine &amp; Small Engine Ltd.,P1,GENERIC — site-wide fallback meta,P2,H1_EMPTY_TEXT — H1 present but text blank (JS render issue),P2,STAGING_DOMAIN — canonical points to reyco.glvmarketing.ca (needs reycomarine.com post-launch),P2,PARTIAL_ALT — 1/26 images,OK,OK — 1 schema block(s),OK,OK,OK,OK,P1
_snow_equipment_shear_pins_.txt,/snow/equipment/shear/pins/,OK,OK — 45 chars,Shear Pins – Reyco Marine &amp; Small Engine Ltd.,P1,GENERIC — site-wide fallback meta,OK,OK — 'Shear Pins',P2,STAGING_DOMAIN — canonical points to reyco.glvmarketing.ca (needs reycomarine.com post-launch),OK,OK — 12/12 with alt,OK,OK — 1 schema block(s),OK,OK,OK,OK,P1
_snow_equipment_single_stage_.txt,/snow/equipment/single/stage/,OK,OK — 59 chars,Single-Stage Snowblowers – Reyco Marine &amp; Small Engine Ltd.,P1,GENERIC — site-wide fallback meta,P2,H1_EMPTY_TEXT — H1 present but text blank (JS render issue),P2,STAGING_DOMAIN — canonical points to reyco.glvmarketing.ca (needs reycomarine.com post-launch),P2,PARTIAL_ALT — 1/12 images,OK,OK — 1 schema block(s),OK,OK,P2,EMPTY_STATES — 7 empty-state components fired (WC feed gap?),P1
_snow_equipment_skid_shoes_.txt,/snow/equipment/skid/shoes/,OK,OK — 45 chars,Skid Shoes – Reyco Marine &amp; Small Engine Ltd.,P1,GENERIC — site-wide fallback meta,OK,OK — 'Skid Shoes',P2,STAGING_DOMAIN — canonical points to reyco.glvmarketing.ca (needs reycomarine.com post-launch),OK,OK — 12/12 with alt,OK,OK — 1 schema block(s),OK,OK,OK,OK,P1
_snow_equipment_snow_plows_.txt,/snow/equipment/snow/plows/,OK,OK — 45 chars,Snow Plows – Reyco Marine &amp; Small Engine Ltd.,P1,GENERIC — site-wide fallback meta,P2,H1_EMPTY_TEXT — H1 present but text blank (JS render issue),P2,STAGING_DOMAIN — canonical points to reyco.glvmarketing.ca (needs reycomarine.com post-launch),P2,PARTIAL_ALT — 1/12 images,OK,OK — 1 schema block(s),OK,OK,P2,EMPTY_STATES — 7 empty-state components fired (WC feed gap?),P1
_snow_equipment_three_stage_.txt,/snow/equipment/three/stage/,OK,OK — 58 chars,Three-Stage Snowblowers – Reyco Marine &amp; Small Engine Ltd.,P1,GENERIC — site-wide fallback meta,P2,H1_EMPTY_TEXT — H1 present but text blank (JS render issue),P2,STAGING_DOMAIN — canonical points to reyco.glvmarketing.ca (needs reycomarine.com post-launch),P2,PARTIAL_ALT — 1/12 images,OK,OK — 1 schema block(s),OK,OK,P2,EMPTY_STATES — 7 empty-state components fired (WC feed gap?),P1
_snow_equipment_toro_.txt,/snow/equipment/toro/,OK,OK — 44 chars,Toro Snow – Reyco Marine &amp; Small Engine Ltd.,P1,GENERIC — site-wide fallback meta,P2,H1_EMPTY_TEXT — H1 present but text blank (JS render issue),P2,STAGING_DOMAIN — canonical points to reyco.glvmarketing.ca (needs reycomarine.com post-launch),P2,PARTIAL_ALT — 1/12 images,OK,OK — 1 schema block(s),OK,OK,OK,OK,P1
_snow_equipment_two_stage_.txt,/snow/equipment/two/stage/,OK,OK — 56 chars,Two-Stage Snowblowers – Reyco Marine &amp; Small Engine Ltd.,P1,GENERIC — site-wide fallback meta,P2,H1_EMPTY_TEXT — H1 present but text blank (JS render issue),P2,STAGING_DOMAIN — canonical points to reyco.glvmarketing.ca (needs reycomarine.com post-launch),P2,PARTIAL_ALT — 1/12 images,OK,OK — 1 schema block(s),OK,OK,P2,EMPTY_STATES — 7 empty-state components fired (WC feed gap?),P1
_terms_.txt,/terms/,OK,OK — 51 chars,Terms of Service – Reyco Marine &amp; Small Engine Ltd.,P1,GENERIC — site-wide fallback meta,OK,OK — 'Terms of Service',P2,STAGING_DOMAIN — canonical points to reyco.glvmarketing.ca (needs reycomarine.com post-launch),OK,OK — 3/3 with alt,OK,OK — 1 schema block(s),OK,OK,OK,OK,P1
_about_.txt,/about/,OK,OK — 43 chars,About Us – Reyco Marine &amp; Small Engine Ltd.,P2,LONG — 162 chars (>155),OK,OK — 'About Reyco Marine &amp; Small Engine',P2,STAGING_DOMAIN — canonical points to reyco.glvmarketing.ca (needs reycomarine.com post-launch),P2,PARTIAL_ALT — 2/8 images,OK,OK — 1 schema block(s),OK,OK,OK,OK,P2
_boats_and_marine_.txt,/boats/and/marine/,OK,OK — 51 chars,Boats and Marine – Reyco Marine &amp; Small Engine Ltd.,OK,OK — 128 chars,P2,H1_EMPTY_TEXT — H1 present but text blank (JS render issue),P2,STAGING_DOMAIN — canonical points to reyco.glvmarketing.ca (needs reycomarine.com post-launch),P2,PARTIAL_ALT — 1/12 images,OK,OK — 1 schema block(s),OK,OK,P2,EMPTY_STATES — 7 empty-state components fired (WC feed gap?),P2
_choosing_mercury_outboard_northern_ontario_.txt,/choosing/mercury/outboard/northern/ontario/,P2,LONG — 96 chars (>60),How to Choose the Right Mercury Outboard for Northern Ontario – Reyco Marine &am,OK,OK — 155 chars,OK,OK — 'How to Choose the Right Mercury Outboard for Northern Ontari',P2,STAGING_DOMAIN — canonical points to reyco.glvmarketing.ca (needs reycomarine.com post-launch),OK,OK — 5/5 with alt,OK,OK — 2 schema block(s),OK,OK,OK,OK,P2
_contact_.txt,/contact/,OK,OK — 42 chars,Contact – Reyco Marine &amp; Small Engine Ltd.,OK,OK — 137 chars,OK,OK — 'Get in Touch',P2,STAGING_DOMAIN — canonical points to reyco.glvmarketing.ca (needs reycomarine.com post-launch),OK,OK — 4/4 with alt,OK,OK — 1 schema block(s),OK,OK,OK,OK,P2
_financing_.txt,/financing/,OK,OK — 44 chars,Financing – Reyco Marine &amp; Small Engine Ltd.,OK,OK — 127 chars,P2,H1_EMPTY_TEXT — H1 present but text blank (JS render issue),P2,STAGING_DOMAIN — canonical points to reyco.glvmarketing.ca (needs reycomarine.com post-launch),OK,OK — 8/8 with alt,OK,OK — 1 schema block(s),OK,OK,OK,OK,P2
_princecraft_fishing_boats_northern_ontario_.txt,/princecraft/fishing/boats/northern/ontario/,P2,LONG — 115 chars (>60),Princecraft Fishing Boats for Northern Ontario: What Makes Them the Right Choice,OK,OK — 148 chars,OK,OK — 'Princecraft Fishing Boats for Northern Ontario: What Makes T',P2,STAGING_DOMAIN — canonical points to reyco.glvmarketing.ca (needs reycomarine.com post-launch),OK,OK — 5/5 with alt,OK,OK — 2 schema block(s),OK,OK,OK,OK,P2
_service_.txt,/service/,OK,OK — 50 chars,Service &amp; Parts – Reyco Marine &amp; Small Engine Ltd.,P2,LONG — 159 chars (>155),OK,OK — 'Service &amp; Parts',P2,STAGING_DOMAIN — canonical points to reyco.glvmarketing.ca (needs reycomarine.com post-launch),OK,OK — 9/9 with alt,OK,OK — 1 schema block(s),OK,OK,OK,OK,P2
_service_atv_utv_repair_.txt,/service/atv/utv/repair/,OK,OK — 51 chars,ATV / UTV Repair – Reyco Marine &amp; Small Engine Ltd.,P2,LONG — 177 chars (>155),P2,H1_EMPTY_TEXT — H1 present but text blank (JS render issue),P2,STAGING_DOMAIN — canonical points to reyco.glvmarketing.ca (needs reycomarine.com post-launch),P2,PARTIAL_ALT — 6/9 images,OK,OK — 1 schema block(s),OK,OK,OK,OK,P2
_service_engine_repair_.txt,/service/engine/repair/,OK,OK — 48 chars,Engine Repair – Reyco Marine &amp; Small Engine Ltd.,P2,LONG — 265 chars (>155),P2,H1_EMPTY_TEXT — H1 present but text blank (JS render issue),P2,STAGING_DOMAIN — canonical points to reyco.glvmarketing.ca (needs reycomarine.com post-launch),P2,PARTIAL_ALT — 6/9 images,OK,OK — 1 schema block(s),OK,OK,OK,OK,P2
_service_lawn_equipment_.txt,/service/lawn/equipment/,OK,OK — 57 chars,Lawn Equipment Service – Reyco Marine &amp; Small Engine Ltd.,P2,LONG — 188 chars (>155),P2,H1_EMPTY_TEXT — H1 present but text blank (JS render issue),P2,STAGING_DOMAIN — canonical points to reyco.glvmarketing.ca (needs reycomarine.com post-launch),P2,PARTIAL_ALT — 6/9 images,OK,OK — 1 schema block(s),OK,OK,OK,OK,P2
_service_marine_.txt,/service/marine/,OK,OK — 49 chars,Marine Service – Reyco Marine &amp; Small Engine Ltd.,P2,LONG — 200 chars (>155),P2,H1_EMPTY_TEXT — H1 present but text blank (JS render issue),P2,STAGING_DOMAIN — canonical points to reyco.glvmarketing.ca (needs reycomarine.com post-launch),P2,PARTIAL_ALT — 6/9 images,OK,OK — 1 schema block(s),OK,OK,OK,OK,P2
_service_order_parts_.txt,/service/order/parts/,OK,OK — 46 chars,Order Parts – Reyco Marine &amp; Small Engine Ltd.,P2,LONG — 219 chars (>155),P2,H1_EMPTY_TEXT — H1 present but text blank (JS render issue),P2,STAGING_DOMAIN — canonical points to reyco.glvmarketing.ca (needs reycomarine.com post-launch),OK,OK — 3/3 with alt,OK,OK — 1 schema block(s),OK,OK,OK,OK,P2
_service_small_engine_.txt,/service/small/engine/,OK,OK — 54 chars,Small Engine Repair – Reyco Marine &amp; Small Engine Ltd.,OK,OK — 120 chars,P2,H1_EMPTY_TEXT — H1 present but text blank (JS render issue),P2,STAGING_DOMAIN — canonical points to reyco.glvmarketing.ca (needs reycomarine.com post-launch),P2,PARTIAL_ALT — 5/8 images,OK,OK — 1 schema block(s),OK,OK,OK,OK,P2
_service_snow_equipment_.txt,/service/snow/equipment/,OK,OK — 57 chars,Snow Equipment Service – Reyco Marine &amp; Small Engine Ltd.,P2,LONG — 209 chars (>155),P2,H1_EMPTY_TEXT — H1 present but text blank (JS render issue),P2,STAGING_DOMAIN — canonical points to reyco.glvmarketing.ca (needs reycomarine.com post-launch),P2,PARTIAL_ALT — 6/9 images,OK,OK — 1 schema block(s),OK,OK,OK,OK,P2
_service_spring_commissioning_.txt,/service/spring/commissioning/,OK,OK — 55 chars,Spring Commissioning – Reyco Marine &amp; Small Engine Ltd.,P2,LONG — 233 chars (>155),P2,H1_EMPTY_TEXT — H1 present but text blank (JS render issue),P2,STAGING_DOMAIN — canonical points to reyco.glvmarketing.ca (needs reycomarine.com post-launch),P2,PARTIAL_ALT — 6/9 images,OK,OK — 1 schema block(s),OK,OK,OK,OK,P2
_service_tune_ups_.txt,/service/tune/ups/,OK,OK — 43 chars,Tune-Ups – Reyco Marine &amp; Small Engine Ltd.,P2,LONG — 179 chars (>155),P2,H1_EMPTY_TEXT — H1 present but text blank (JS render issue),P2,STAGING_DOMAIN — canonical points to reyco.glvmarketing.ca (needs reycomarine.com post-launch),P2,PARTIAL_ALT — 6/9 images,OK,OK — 1 schema block(s),OK,OK,OK,OK,P2
_service_warranty_.txt,/service/warranty/,OK,OK — 50 chars,Warranty Claims – Reyco Marine &amp; Small Engine Ltd.,P2,LONG — 251 chars (>155),P2,H1_EMPTY_TEXT — H1 present but text blank (JS render issue),P2,STAGING_DOMAIN — canonical points to reyco.glvmarketing.ca (needs reycomarine.com post-launch),P2,PARTIAL_ALT — 5/8 images,OK,OK — 1 schema block(s),OK,OK,OK,OK,P2
_service_winterization_.txt,/service/winterization/,OK,OK — 48 chars,Winterization – Reyco Marine &amp; Small Engine Ltd.,P2,LONG — 214 chars (>155),P2,H1_EMPTY_TEXT — H1 present but text blank (JS render issue),P2,STAGING_DOMAIN — canonical points to reyco.glvmarketing.ca (needs reycomarine.com post-launch),P2,PARTIAL_ALT — 6/9 images,OK,OK — 1 schema block(s),OK,OK,OK,OK,P2
_snow_equipment_.txt,/snow/equipment/,OK,OK — 49 chars,Snow Equipment – Reyco Marine &amp; Small Engine Ltd.,P2,LONG — 209 chars (>155),P2,H1_EMPTY_TEXT — H1 present but text blank (JS render issue),P2,STAGING_DOMAIN — canonical points to reyco.glvmarketing.ca (needs reycomarine.com post-launch),P2,PARTIAL_ALT — 1/12 images,OK,OK — 1 schema block(s),OK,OK,P2,EMPTY_STATES — 7 empty-state components fired (WC feed gap?),P2
_twenty_years_behind_the_napa_counter_taught_me_everything_.txt,/twenty/years/behind/the/napa/counter/taught/me/everything/,P2,LONG — 92 chars (>60),Twenty Years Behind the NAPA Counter Taught Me Everything – Reyco Marine &amp; S,OK,OK — 151 chars,OK,OK — 'Twenty Years Behind the NAPA Counter Taught Me Everything',P2,STAGING_DOMAIN — canonical points to reyco.glvmarketing.ca (needs reycomarine.com post-launch),P2,PARTIAL_ALT — 3/9 images,OK,OK — 2 schema block(s),OK,OK,OK,OK,P2
_twenty_years_behind_the_napa_counter_taught_me_everything_2_.txt,/twenty/years/behind/the/napa/counter/taught/me/everything/2/,P2,LONG — 92 chars (>60),Twenty Years Behind the NAPA Counter Taught Me Everything – Reyco Marine &amp; S,OK,OK — 151 chars,OK,OK — 'Twenty Years Behind the NAPA Counter Taught Me Everything',P2,STAGING_DOMAIN — canonical points to reyco.glvmarketing.ca (needs reycomarine.com post-launch),P2,PARTIAL_ALT — 3/9 images,OK,OK — 2 schema block(s),OK,OK,OK,OK,P2
_why_i_bet_everything_on_a_marine_dealership_in_2023_.txt,/why/i/bet/everything/on/a/marine/dealership/in/2023/,P2,LONG — 86 chars (>60),Why I Bet Everything on a Marine Dealership in 2023 – Reyco Marine &amp; Small E,OK,OK — 140 chars,OK,OK — 'Why I Bet Everything on a Marine Dealership in 2023',P2,STAGING_DOMAIN — canonical points to reyco.glvmarketing.ca (needs reycomarine.com post-launch),P2,PARTIAL_ALT — 3/9 images,OK,OK — 2 schema block(s),OK,OK,OK,OK,P2
