sku,product_id,product_name,brand,category,current_image_url,image_w,image_h,image_source,current_image_issue,severity,proposed_action,proposed_image_url,notes
CAN-WT-10LB-26,274,Cannon Downrigger Weight — 10 lb Cannon Ball,Cannon,Downrigger Accessories,,0,0,none,no_image,SEVERE,none,NEEDS_SOURCING,
CAN-WT-4LB-26,271,Cannon Downrigger Weight — 4 lb Cannon Ball,Cannon,Downrigger Accessories,,0,0,none,no_image,SEVERE,none,NEEDS_SOURCING,
CAN-WT-6LB-26,272,Cannon Downrigger Weight — 6 lb Cannon Ball,Cannon,Downrigger Accessories,,0,0,none,no_image,SEVERE,none,NEEDS_SOURCING,
CAN-WT-8LB-26,273,Cannon Downrigger Weight — 8 lb Cannon Ball,Cannon,Downrigger Accessories,,0,0,none,no_image,SEVERE,none,NEEDS_SOURCING,
CAN-UNISTACKER-26,275,Cannon Uni-Stacker Release,Cannon,Downrigger Accessories,,0,0,none,no_image,SEVERE,none,NEEDS_SOURCING,
2023-CUB-CADET-17AIE,741,2023 Cub Cadet 17AIEACL010,Cub Cadet,Unknown,,0,0,none,no_image,SEVERE,mfr_hd,NEEDS_SOURCING from cubcadet.ca (confidence: HIGH),"Riding mowers, zero-turns, accessories. Clean white-BG shots on cubcadet.ca product pages."
2023-CUB-CADET-17ARG,732,2023 Cub Cadet 17ARGBYEA10,Cub Cadet,Unknown,,0,0,none,no_image,SEVERE,mfr_hd,NEEDS_SOURCING from cubcadet.ca (confidence: HIGH),"Riding mowers, zero-turns, accessories. Clean white-BG shots on cubcadet.ca product pages."
2024-CUB-CADET-17AIE,735,2024 Cub Cadet 17AIEAC2A10,Cub Cadet,Unknown,,0,0,none,no_image,SEVERE,mfr_hd,NEEDS_SOURCING from cubcadet.ca (confidence: HIGH),"Riding mowers, zero-turns, accessories. Clean white-BG shots on cubcadet.ca product pages."
2024-CUB-CADET-17AIE,738,2024 Cub Cadet 17AIEAC3A10,Cub Cadet,Unknown,,0,0,none,no_image,SEVERE,mfr_hd,NEEDS_SOURCING from cubcadet.ca (confidence: HIGH),"Riding mowers, zero-turns, accessories. Clean white-BG shots on cubcadet.ca product pages."
2024-CUB-CADET-17ARG,734,2024 Cub Cadet 17ARGBYLA10,Cub Cadet,Unknown,,0,0,none,no_image,SEVERE,mfr_hd,NEEDS_SOURCING from cubcadet.ca (confidence: HIGH),"Riding mowers, zero-turns, accessories. Clean white-BG shots on cubcadet.ca product pages."
2025-CUB-CADET-17ARG,740,2025 Cub Cadet 17ARGBYNA10,Cub Cadet,Unknown,,0,0,none,no_image,SEVERE,mfr_hd,NEEDS_SOURCING from cubcadet.ca (confidence: HIGH),"Riding mowers, zero-turns, accessories. Clean white-BG shots on cubcadet.ca product pages."
2025-CUB-CADET-17ARG,737,2025 Cub Cadet 17ARGBYNA10,Cub Cadet,Unknown,,0,0,none,no_image,SEVERE,mfr_hd,NEEDS_SOURCING from cubcadet.ca (confidence: HIGH),"Riding mowers, zero-turns, accessories. Clean white-BG shots on cubcadet.ca product pages."
2026-CUB-CADET-13A6A,533,2026 Cub Cadet 13A6A9TS596,Cub Cadet,Unknown,,0,0,none,no_image,SEVERE,mfr_hd,NEEDS_SOURCING from cubcadet.ca (confidence: HIGH),"Riding mowers, zero-turns, accessories. Clean white-BG shots on cubcadet.ca product pages."
2026-CUB-CADET-13A6A,512,2026 Cub Cadet 13A6A9TS596,Cub Cadet,Unknown,,0,0,none,no_image,SEVERE,mfr_hd,NEEDS_SOURCING from cubcadet.ca (confidence: HIGH),"Riding mowers, zero-turns, accessories. Clean white-BG shots on cubcadet.ca product pages."
2026-CUB-CADET-13A6A,466,2026 Cub Cadet 13A6A9TS596,Cub Cadet,Unknown,,0,0,none,no_image,SEVERE,mfr_hd,NEEDS_SOURCING from cubcadet.ca (confidence: HIGH),"Riding mowers, zero-turns, accessories. Clean white-BG shots on cubcadet.ca product pages."
2026-CUB-CADET-13A6A,386,2026 Cub Cadet 13A6A9TS596,Cub Cadet,Unknown,,0,0,none,no_image,SEVERE,mfr_hd,NEEDS_SOURCING from cubcadet.ca (confidence: HIGH),"Riding mowers, zero-turns, accessories. Clean white-BG shots on cubcadet.ca product pages."
2026-CUB-CADET-13A6A,373,2026 Cub Cadet 13A6A9TS596,Cub Cadet,Unknown,,0,0,none,no_image,SEVERE,mfr_hd,NEEDS_SOURCING from cubcadet.ca (confidence: HIGH),"Riding mowers, zero-turns, accessories. Clean white-BG shots on cubcadet.ca product pages."
2026-CUB-CADET-13APA,547,2026 Cub Cadet 13APA1TEA10,Cub Cadet,Unknown,,0,0,none,no_image,SEVERE,mfr_hd,NEEDS_SOURCING from cubcadet.ca (confidence: HIGH),"Riding mowers, zero-turns, accessories. Clean white-BG shots on cubcadet.ca product pages."
2026-CUB-CADET-13APA,483,2026 Cub Cadet 13APA1TEA10,Cub Cadet,Unknown,,0,0,none,no_image,SEVERE,mfr_hd,NEEDS_SOURCING from cubcadet.ca (confidence: HIGH),"Riding mowers, zero-turns, accessories. Clean white-BG shots on cubcadet.ca product pages."
2026-CUB-CADET-13APA,469,2026 Cub Cadet 13APA1TEA10,Cub Cadet,Unknown,,0,0,none,no_image,SEVERE,mfr_hd,NEEDS_SOURCING from cubcadet.ca (confidence: HIGH),"Riding mowers, zero-turns, accessories. Clean white-BG shots on cubcadet.ca product pages."
2026-CUB-CADET-13APA,441,2026 Cub Cadet 13APA1TEA10,Cub Cadet,Unknown,,0,0,none,no_image,SEVERE,mfr_hd,NEEDS_SOURCING from cubcadet.ca (confidence: HIGH),"Riding mowers, zero-turns, accessories. Clean white-BG shots on cubcadet.ca product pages."
2026-CUB-CADET-13APA,423,2026 Cub Cadet 13APA1TEA10,Cub Cadet,Unknown,,0,0,none,no_image,SEVERE,mfr_hd,NEEDS_SOURCING from cubcadet.ca (confidence: HIGH),"Riding mowers, zero-turns, accessories. Clean white-BG shots on cubcadet.ca product pages."
2026-CUB-CADET-13APA,417,2026 Cub Cadet 13APA1TEA10,Cub Cadet,Unknown,,0,0,none,no_image,SEVERE,mfr_hd,NEEDS_SOURCING from cubcadet.ca (confidence: HIGH),"Riding mowers, zero-turns, accessories. Clean white-BG shots on cubcadet.ca product pages."
2026-CUB-CADET-13APA,405,2026 Cub Cadet 13APA1TEA10,Cub Cadet,Unknown,,0,0,none,no_image,SEVERE,mfr_hd,NEEDS_SOURCING from cubcadet.ca (confidence: HIGH),"Riding mowers, zero-turns, accessories. Clean white-BG shots on cubcadet.ca product pages."
2026-CUB-CADET-13APA,400,2026 Cub Cadet 13APA1TEA10,Cub Cadet,Unknown,,0,0,none,no_image,SEVERE,mfr_hd,NEEDS_SOURCING from cubcadet.ca (confidence: HIGH),"Riding mowers, zero-turns, accessories. Clean white-BG shots on cubcadet.ca product pages."
2026-CUB-CADET-13APA,562,2026 Cub Cadet 13APA1TNA10,Cub Cadet,Unknown,,0,0,none,no_image,SEVERE,mfr_hd,NEEDS_SOURCING from cubcadet.ca (confidence: HIGH),"Riding mowers, zero-turns, accessories. Clean white-BG shots on cubcadet.ca product pages."
2026-CUB-CADET-13APA,526,2026 Cub Cadet 13APA1TNA10,Cub Cadet,Unknown,,0,0,none,no_image,SEVERE,mfr_hd,NEEDS_SOURCING from cubcadet.ca (confidence: HIGH),"Riding mowers, zero-turns, accessories. Clean white-BG shots on cubcadet.ca product pages."
2026-CUB-CADET-13APA,442,2026 Cub Cadet 13APA1TNA10,Cub Cadet,Unknown,,0,0,none,no_image,SEVERE,mfr_hd,NEEDS_SOURCING from cubcadet.ca (confidence: HIGH),"Riding mowers, zero-turns, accessories. Clean white-BG shots on cubcadet.ca product pages."
2026-CUB-CADET-13APA,438,2026 Cub Cadet 13APA1TNA10,Cub Cadet,Unknown,,0,0,none,no_image,SEVERE,mfr_hd,NEEDS_SOURCING from cubcadet.ca (confidence: HIGH),"Riding mowers, zero-turns, accessories. Clean white-BG shots on cubcadet.ca product pages."
2026-CUB-CADET-13APA,725,2026 Cub Cadet 13APA9TTA10,Cub Cadet,Unknown,,0,0,none,no_image,SEVERE,mfr_hd,NEEDS_SOURCING from cubcadet.ca (confidence: HIGH),"Riding mowers, zero-turns, accessories. Clean white-BG shots on cubcadet.ca product pages."
2026-CUB-CADET-13APA,555,2026 Cub Cadet 13APA9TTA10,Cub Cadet,Unknown,,0,0,none,no_image,SEVERE,mfr_hd,NEEDS_SOURCING from cubcadet.ca (confidence: HIGH),"Riding mowers, zero-turns, accessories. Clean white-BG shots on cubcadet.ca product pages."
2026-CUB-CADET-13APA,499,2026 Cub Cadet 13APA9TTA10,Cub Cadet,Unknown,,0,0,none,no_image,SEVERE,mfr_hd,NEEDS_SOURCING from cubcadet.ca (confidence: HIGH),"Riding mowers, zero-turns, accessories. Clean white-BG shots on cubcadet.ca product pages."
2026-CUB-CADET-13APA,459,2026 Cub Cadet 13APA9TTA10,Cub Cadet,Unknown,,0,0,none,no_image,SEVERE,mfr_hd,NEEDS_SOURCING from cubcadet.ca (confidence: HIGH),"Riding mowers, zero-turns, accessories. Clean white-BG shots on cubcadet.ca product pages."
2026-CUB-CADET-13APA,458,2026 Cub Cadet 13APA9TTA10,Cub Cadet,Unknown,,0,0,none,no_image,SEVERE,mfr_hd,NEEDS_SOURCING from cubcadet.ca (confidence: HIGH),"Riding mowers, zero-turns, accessories. Clean white-BG shots on cubcadet.ca product pages."
2026-CUB-CADET-13APA,457,2026 Cub Cadet 13APA9TTA10,Cub Cadet,Unknown,,0,0,none,no_image,SEVERE,mfr_hd,NEEDS_SOURCING from cubcadet.ca (confidence: HIGH),"Riding mowers, zero-turns, accessories. Clean white-BG shots on cubcadet.ca product pages."
2026-CUB-CADET-13AQA,727,2026 Cub Cadet 13AQA1TLA10,Cub Cadet,Unknown,,0,0,none,no_image,SEVERE,mfr_hd,NEEDS_SOURCING from cubcadet.ca (confidence: HIGH),"Riding mowers, zero-turns, accessories. Clean white-BG shots on cubcadet.ca product pages."
2026-CUB-CADET-13AQA,726,2026 Cub Cadet 13AQA1TLA10,Cub Cadet,Unknown,,0,0,none,no_image,SEVERE,mfr_hd,NEEDS_SOURCING from cubcadet.ca (confidence: HIGH),"Riding mowers, zero-turns, accessories. Clean white-BG shots on cubcadet.ca product pages."
2026-CUB-CADET-13AQA,491,2026 Cub Cadet 13AQA1TLA10,Cub Cadet,Unknown,,0,0,none,no_image,SEVERE,mfr_hd,NEEDS_SOURCING from cubcadet.ca (confidence: HIGH),"Riding mowers, zero-turns, accessories. Clean white-BG shots on cubcadet.ca product pages."
2026-CUB-CADET-13AQA,482,2026 Cub Cadet 13AQA1TLA10,Cub Cadet,Unknown,,0,0,none,no_image,SEVERE,mfr_hd,NEEDS_SOURCING from cubcadet.ca (confidence: HIGH),"Riding mowers, zero-turns, accessories. Clean white-BG shots on cubcadet.ca product pages."
2026-CUB-CADET-13AQA,728,2026 Cub Cadet 13AQA2TMA10,Cub Cadet,Unknown,,0,0,none,no_image,SEVERE,mfr_hd,NEEDS_SOURCING from cubcadet.ca (confidence: HIGH),"Riding mowers, zero-turns, accessories. Clean white-BG shots on cubcadet.ca product pages."
2026-CUB-CADET-13B5A,517,2026 Cub Cadet 13B5A2TLA10,Cub Cadet,Unknown,,0,0,none,no_image,SEVERE,mfr_hd,NEEDS_SOURCING from cubcadet.ca (confidence: HIGH),"Riding mowers, zero-turns, accessories. Clean white-BG shots on cubcadet.ca product pages."
2026-CUB-CADET-13B6A,523,2026 Cub Cadet 13B6A9TTA10,Cub Cadet,Unknown,,0,0,none,no_image,SEVERE,mfr_hd,NEEDS_SOURCING from cubcadet.ca (confidence: HIGH),"Riding mowers, zero-turns, accessories. Clean white-BG shots on cubcadet.ca product pages."
2026-CUB-CADET-13B6A,455,2026 Cub Cadet 13B6A9TTA10,Cub Cadet,Unknown,,0,0,none,no_image,SEVERE,mfr_hd,NEEDS_SOURCING from cubcadet.ca (confidence: HIGH),"Riding mowers, zero-turns, accessories. Clean white-BG shots on cubcadet.ca product pages."
2026-CUB-CADET-13B6A,449,2026 Cub Cadet 13B6A9TTA10,Cub Cadet,Unknown,,0,0,none,no_image,SEVERE,mfr_hd,NEEDS_SOURCING from cubcadet.ca (confidence: HIGH),"Riding mowers, zero-turns, accessories. Clean white-BG shots on cubcadet.ca product pages."
2026-CUB-CADET-13B6A,448,2026 Cub Cadet 13B6A9TTA10,Cub Cadet,Unknown,,0,0,none,no_image,SEVERE,mfr_hd,NEEDS_SOURCING from cubcadet.ca (confidence: HIGH),"Riding mowers, zero-turns, accessories. Clean white-BG shots on cubcadet.ca product pages."
2022-EASY-HAULER-AL-,505,2022 Easy Hauler AL-PTDB2026-TRI,Easy Hauler,Unknown,,0,0,none,no_image,SEVERE,google_url,NEEDS_SOURCING from easyhaulertrailers.com (confidence: LOW),Boat trailers. Source via manufacturer site or Google search.
2022-EASY-HAULER-AL-,500,2022 Easy Hauler AL-PTDB2026-TRI,Easy Hauler,Unknown,,0,0,none,no_image,SEVERE,google_url,NEEDS_SOURCING from easyhaulertrailers.com (confidence: LOW),Boat trailers. Source via manufacturer site or Google search.
2022-EASY-HAULER-AL-,419,2022 Easy Hauler AL-PTDB2026-TRI,Easy Hauler,Unknown,,0,0,none,no_image,SEVERE,google_url,NEEDS_SOURCING from easyhaulertrailers.com (confidence: LOW),Boat trailers. Source via manufacturer site or Google search.
2022-EASY-HAULER-AL-,416,2022 Easy Hauler AL-PTDB2026-TRI,Easy Hauler,Unknown,,0,0,none,no_image,SEVERE,google_url,NEEDS_SOURCING from easyhaulertrailers.com (confidence: LOW),Boat trailers. Source via manufacturer site or Google search.
2022-EASY-HAULER-AL-,415,2022 Easy Hauler AL-PTDB2026-TRI,Easy Hauler,Unknown,,0,0,none,no_image,SEVERE,google_url,NEEDS_SOURCING from easyhaulertrailers.com (confidence: LOW),Boat trailers. Source via manufacturer site or Google search.
2024-EASY-HAULER-AL-,509,2024 Easy Hauler AL-1610B-YC,Easy Hauler,Unknown,,0,0,none,no_image,SEVERE,google_url,NEEDS_SOURCING from easyhaulertrailers.com (confidence: LOW),Boat trailers. Source via manufacturer site or Google search.
2025-EASY-HAULER-125,522,2025 Easy Hauler 1250# PAINTED TRAILER 480 X 12B E-COAT,Easy Hauler,Unknown,,0,0,none,no_image,SEVERE,google_url,NEEDS_SOURCING from easyhaulertrailers.com (confidence: LOW),Boat trailers. Source via manufacturer site or Google search.
2026-EASY-HAULER-AL-,542,2026 Easy Hauler AL-PTDB2023,Easy Hauler,Unknown,,0,0,none,no_image,SEVERE,google_url,NEEDS_SOURCING from easyhaulertrailers.com (confidence: LOW),Boat trailers. Source via manufacturer site or Google search.
2026-EASY-HAULER-AL-,507,2026 Easy Hauler AL-PTDB2023,Easy Hauler,Unknown,,0,0,none,no_image,SEVERE,google_url,NEEDS_SOURCING from easyhaulertrailers.com (confidence: LOW),Boat trailers. Source via manufacturer site or Google search.
2026-EASY-HAULER-AL-,460,2026 Easy Hauler AL-PTDB2023,Easy Hauler,Unknown,,0,0,none,no_image,SEVERE,google_url,NEEDS_SOURCING from easyhaulertrailers.com (confidence: LOW),Boat trailers. Source via manufacturer site or Google search.
2026-EASY-HAULER-AL-,398,2026 Easy Hauler AL-PTDB2023,Easy Hauler,Unknown,,0,0,none,no_image,SEVERE,google_url,NEEDS_SOURCING from easyhaulertrailers.com (confidence: LOW),Boat trailers. Source via manufacturer site or Google search.
HS-HS400-26,236,Hisun HS 400 Entry ATV,Hisun,ATVs,https://reyco.glvmarketing.ca/wp-content/uploads/2026/04/HS-HS400-26.jpg,960,1200,local_jpeg,spec_sheet,SEVERE,mfr_url,https://static.visionamp.co/rubix/20230829/800_bc87fbc39e87cb0e34cf722b75f2413ec7587279.png,CALIBRATION: Currently spec sheet as main image. Replace with Hisun Canada product photo (verify white-BG before applying).
HS-HS500-26,220,Hisun HS 500 — Utility ATV,Hisun,ATVs,https://reyco.glvmarketing.ca/wp-content/uploads/2026/04/HS-HS500-26.jpg,960,1200,local_jpeg,spec_sheet,SEVERE,mfr_url,https://static.visionamp.co/rubix/20231128/800_d1c4ff056a6aaf027c14ec92c81dc2da6bd2b507.png,CALIBRATION: Currently spec sheet as main image. Replace with Hisun Canada product photo (verify white-BG before applying).
HB-ICELIVE2-PWR-26,285,Humminbird ICE MEGA Live 2 Power Cable,Humminbird,Marine Electronics Accessories,,0,0,none,no_image,SEVERE,none,NEEDS_SOURCING,
HB-ICELIVE2-SAE-26,286,Humminbird ICE MEGA Live 2 SAE Power Cable,Humminbird,Marine Electronics Accessories,,0,0,none,no_image,SEVERE,none,NEEDS_SOURCING,
HB-XPLORE-PWR-26,287,Humminbird ICE XPLORE Power Cable,Humminbird,Marine Electronics Accessories,,0,0,none,no_image,SEVERE,none,NEEDS_SOURCING,
2014-MERCURY-50-ELHP,525,2014 Mercury 50 ELHPT 4S EFI,Mercury,Unknown,,0,0,none,no_image,SEVERE,mfr_hd,NEEDS_SOURCING from mercurymarine.com (confidence: MEDIUM),Outboards + accessories. Mercury CDN blocks hotlinks; may need download+reupload from mercurymarine.com product pages.
2021-MERCURY-ME-2-5M,484,2021 Mercury ME 2.5MH 4S TMC,Mercury,Unknown,,0,0,none,no_image,SEVERE,mfr_hd,NEEDS_SOURCING from mercurymarine.com (confidence: MEDIUM),Outboards + accessories. Mercury CDN blocks hotlinks; may need download+reupload from mercurymarine.com product pages.
2021-MERCURY-ME-2-5M,401,2021 Mercury ME 2.5MH 4S TMC,Mercury,Unknown,,0,0,none,no_image,SEVERE,mfr_hd,NEEDS_SOURCING from mercurymarine.com (confidence: MEDIUM),Outboards + accessories. Mercury CDN blocks hotlinks; may need download+reupload from mercurymarine.com product pages.
2021-MERCURY-ME-20-E,557,2021 Mercury ME 20 ELHPT 4S,Mercury,Unknown,,0,0,none,no_image,SEVERE,mfr_hd,NEEDS_SOURCING from mercurymarine.com (confidence: MEDIUM),Outboards + accessories. Mercury CDN blocks hotlinks; may need download+reupload from mercurymarine.com product pages.
2021-MERCURY-ME-5-MH,493,2021 Mercury ME 5 MH LPG 4S,Mercury,Unknown,,0,0,none,no_image,SEVERE,mfr_hd,NEEDS_SOURCING from mercurymarine.com (confidence: MEDIUM),Outboards + accessories. Mercury CDN blocks hotlinks; may need download+reupload from mercurymarine.com product pages.
2021-MERCURY-ME-5-MH,432,2021 Mercury ME 5 MH LPG 4S,Mercury,Unknown,,0,0,none,no_image,SEVERE,mfr_hd,NEEDS_SOURCING from mercurymarine.com (confidence: MEDIUM),Outboards + accessories. Mercury CDN blocks hotlinks; may need download+reupload from mercurymarine.com product pages.
2022-MERCURY-ME-15-E,527,2022 Mercury ME 15 ELH 4S,Mercury,Unknown,,0,0,none,no_image,SEVERE,mfr_hd,NEEDS_SOURCING from mercurymarine.com (confidence: MEDIUM),Outboards + accessories. Mercury CDN blocks hotlinks; may need download+reupload from mercurymarine.com product pages.
2022-MERCURY-ME-20-M,546,2022 Mercury ME 20 MLH 4S,Mercury,Unknown,,0,0,none,no_image,SEVERE,mfr_hd,NEEDS_SOURCING from mercurymarine.com (confidence: MEDIUM),Outboards + accessories. Mercury CDN blocks hotlinks; may need download+reupload from mercurymarine.com product pages.
2022-MERCURY-ME-20-M,410,2022 Mercury ME 20 MLH 4S,Mercury,Unknown,,0,0,none,no_image,SEVERE,mfr_hd,NEEDS_SOURCING from mercurymarine.com (confidence: MEDIUM),Outboards + accessories. Mercury CDN blocks hotlinks; may need download+reupload from mercurymarine.com product pages.
2022-MERCURY-ME-30-E,552,2022 Mercury ME 30 ELPT EFI 4S,Mercury,Unknown,,0,0,none,no_image,SEVERE,mfr_hd,NEEDS_SOURCING from mercurymarine.com (confidence: MEDIUM),Outboards + accessories. Mercury CDN blocks hotlinks; may need download+reupload from mercurymarine.com product pages.
2022-MERCURY-ME-30-E,412,2022 Mercury ME 30 ELPT EFI 4S,Mercury,Unknown,,0,0,none,no_image,SEVERE,mfr_hd,NEEDS_SOURCING from mercurymarine.com (confidence: MEDIUM),Outboards + accessories. Mercury CDN blocks hotlinks; may need download+reupload from mercurymarine.com product pages.
2022-MERCURY-ME-4MH-,408,2022 Mercury ME 4MH 4S,Mercury,Unknown,,0,0,none,no_image,SEVERE,mfr_hd,NEEDS_SOURCING from mercurymarine.com (confidence: MEDIUM),Outboards + accessories. Mercury CDN blocks hotlinks; may need download+reupload from mercurymarine.com product pages.
2022-MERCURY-ME-5-MX,395,2022 Mercury ME 5 MXLHA LPG 4S SAILPOWER,Mercury,Unknown,,0,0,none,no_image,SEVERE,mfr_hd,NEEDS_SOURCING from mercurymarine.com (confidence: MEDIUM),Outboards + accessories. Mercury CDN blocks hotlinks; may need download+reupload from mercurymarine.com product pages.
2022-MERCURY-ME-60-E,731,2022 Mercury ME 60 ELPT 4S EFI,Mercury,Unknown,,0,0,none,no_image,SEVERE,mfr_hd,NEEDS_SOURCING from mercurymarine.com (confidence: MEDIUM),Outboards + accessories. Mercury CDN blocks hotlinks; may need download+reupload from mercurymarine.com product pages.
2022-MERCURY-ME-8MH-,515,2022 Mercury ME 8MH 4S TMC,Mercury,Unknown,,0,0,none,no_image,SEVERE,mfr_hd,NEEDS_SOURCING from mercurymarine.com (confidence: MEDIUM),Outboards + accessories. Mercury CDN blocks hotlinks; may need download+reupload from mercurymarine.com product pages.
2022-MERCURY-ME-8MH-,402,2022 Mercury ME 8MH 4S TMC,Mercury,Unknown,,0,0,none,no_image,SEVERE,mfr_hd,NEEDS_SOURCING from mercurymarine.com (confidence: MEDIUM),Outboards + accessories. Mercury CDN blocks hotlinks; may need download+reupload from mercurymarine.com product pages.
2022-MERCURY-ME-9-9E,467,2022 Mercury ME 9.9ELH 4S TMC,Mercury,Unknown,,0,0,none,no_image,SEVERE,mfr_hd,NEEDS_SOURCING from mercurymarine.com (confidence: MEDIUM),Outboards + accessories. Mercury CDN blocks hotlinks; may need download+reupload from mercurymarine.com product pages.
2023-MERCURY-115-PRO,490,2023 Mercury 115 Pro XS,Mercury,Unknown,,0,0,none,no_image,SEVERE,mfr_hd,NEEDS_SOURCING from mercurymarine.com (confidence: MEDIUM),Outboards + accessories. Mercury CDN blocks hotlinks; may need download+reupload from mercurymarine.com product pages.
2023-MERCURY-115-PRO,397,2023 Mercury 115 Pro XS,Mercury,Unknown,,0,0,none,no_image,SEVERE,mfr_hd,NEEDS_SOURCING from mercurymarine.com (confidence: MEDIUM),Outboards + accessories. Mercury CDN blocks hotlinks; may need download+reupload from mercurymarine.com product pages.
2023-MERCURY-60-ELPT,528,2023 Mercury 60 ELPT,Mercury,Unknown,,0,0,none,no_image,SEVERE,mfr_hd,NEEDS_SOURCING from mercurymarine.com (confidence: MEDIUM),Outboards + accessories. Mercury CDN blocks hotlinks; may need download+reupload from mercurymarine.com product pages.
2023-MERCURY-90-EXLP,554,2023 Mercury 90 EXLPT CT,Mercury,Unknown,,0,0,none,no_image,SEVERE,mfr_hd,NEEDS_SOURCING from mercurymarine.com (confidence: MEDIUM),Outboards + accessories. Mercury CDN blocks hotlinks; may need download+reupload from mercurymarine.com product pages.
2023-MERCURY-90-EXLP,383,2023 Mercury 90 EXLPT CT,Mercury,Unknown,,0,0,none,no_image,SEVERE,mfr_hd,NEEDS_SOURCING from mercurymarine.com (confidence: MEDIUM),Outboards + accessories. Mercury CDN blocks hotlinks; may need download+reupload from mercurymarine.com product pages.
2023-MERCURY-ME-15-E,513,2023 Mercury ME 15 ELHPT PK 4S,Mercury,Unknown,,0,0,none,no_image,SEVERE,mfr_hd,NEEDS_SOURCING from mercurymarine.com (confidence: MEDIUM),Outboards + accessories. Mercury CDN blocks hotlinks; may need download+reupload from mercurymarine.com product pages.
2023-MERCURY-ME-15-E,561,2023 Mercury ME 15 ELPHPT PK 4S,Mercury,Unknown,,0,0,none,no_image,SEVERE,mfr_hd,NEEDS_SOURCING from mercurymarine.com (confidence: MEDIUM),Outboards + accessories. Mercury CDN blocks hotlinks; may need download+reupload from mercurymarine.com product pages.
2023-MERCURY-ME-15-E,394,2023 Mercury ME 15 ELPHPT PK 4S,Mercury,Unknown,,0,0,none,no_image,SEVERE,mfr_hd,NEEDS_SOURCING from mercurymarine.com (confidence: MEDIUM),Outboards + accessories. Mercury CDN blocks hotlinks; may need download+reupload from mercurymarine.com product pages.
2023-MERCURY-ME-20-M,486,2023 Mercury ME 20 MLH 4S,Mercury,Unknown,,0,0,none,no_image,SEVERE,mfr_hd,NEEDS_SOURCING from mercurymarine.com (confidence: MEDIUM),Outboards + accessories. Mercury CDN blocks hotlinks; may need download+reupload from mercurymarine.com product pages.
2023-MERCURY-ME-20-M,399,2023 Mercury ME 20 MLH 4S,Mercury,Unknown,,0,0,none,no_image,SEVERE,mfr_hd,NEEDS_SOURCING from mercurymarine.com (confidence: MEDIUM),Outboards + accessories. Mercury CDN blocks hotlinks; may need download+reupload from mercurymarine.com product pages.
2023-MERCURY-ME-25-E,409,2023 Mercury ME 25 ELPT EFI 4S,Mercury,Unknown,,0,0,none,no_image,SEVERE,mfr_hd,NEEDS_SOURCING from mercurymarine.com (confidence: MEDIUM),Outboards + accessories. Mercury CDN blocks hotlinks; may need download+reupload from mercurymarine.com product pages.
2023-MERCURY-ME-3-5M,541,2023 Mercury ME 3.5MH 4S TMC,Mercury,Unknown,,0,0,none,no_image,SEVERE,mfr_hd,NEEDS_SOURCING from mercurymarine.com (confidence: MEDIUM),Outboards + accessories. Mercury CDN blocks hotlinks; may need download+reupload from mercurymarine.com product pages.
2023-MERCURY-ME-3-5M,494,2023 Mercury ME 3.5MH 4S TMC,Mercury,Unknown,,0,0,none,no_image,SEVERE,mfr_hd,NEEDS_SOURCING from mercurymarine.com (confidence: MEDIUM),Outboards + accessories. Mercury CDN blocks hotlinks; may need download+reupload from mercurymarine.com product pages.
2023-MERCURY-ME-3-5M,474,2023 Mercury ME 3.5MH 4S TMC,Mercury,Unknown,,0,0,none,no_image,SEVERE,mfr_hd,NEEDS_SOURCING from mercurymarine.com (confidence: MEDIUM),Outboards + accessories. Mercury CDN blocks hotlinks; may need download+reupload from mercurymarine.com product pages.
2023-MERCURY-ME-3-5M,444,2023 Mercury ME 3.5MH 4S TMC,Mercury,Unknown,,0,0,none,no_image,SEVERE,mfr_hd,NEEDS_SOURCING from mercurymarine.com (confidence: MEDIUM),Outboards + accessories. Mercury CDN blocks hotlinks; may need download+reupload from mercurymarine.com product pages.
2023-MERCURY-ME-3-5M,403,2023 Mercury ME 3.5MH 4S TMC,Mercury,Unknown,,0,0,none,no_image,SEVERE,mfr_hd,NEEDS_SOURCING from mercurymarine.com (confidence: MEDIUM),Outboards + accessories. Mercury CDN blocks hotlinks; may need download+reupload from mercurymarine.com product pages.
2023-MERCURY-ME-30-E,539,2023 Mercury ME 30 ELHPT EFI 4S,Mercury,Unknown,,0,0,none,no_image,SEVERE,mfr_hd,NEEDS_SOURCING from mercurymarine.com (confidence: MEDIUM),Outboards + accessories. Mercury CDN blocks hotlinks; may need download+reupload from mercurymarine.com product pages.
2023-MERCURY-ME-30-E,488,2023 Mercury ME 30 ELHPT EFI 4S,Mercury,Unknown,,0,0,none,no_image,SEVERE,mfr_hd,NEEDS_SOURCING from mercurymarine.com (confidence: MEDIUM),Outboards + accessories. Mercury CDN blocks hotlinks; may need download+reupload from mercurymarine.com product pages.
2023-MERCURY-ME-30-E,479,2023 Mercury ME 30 ELHPT EFI 4S,Mercury,Unknown,,0,0,none,no_image,SEVERE,mfr_hd,NEEDS_SOURCING from mercurymarine.com (confidence: MEDIUM),Outboards + accessories. Mercury CDN blocks hotlinks; may need download+reupload from mercurymarine.com product pages.
2023-MERCURY-ME-30-E,413,2023 Mercury ME 30 ELHPT EFI 4S,Mercury,Unknown,,0,0,none,no_image,SEVERE,mfr_hd,NEEDS_SOURCING from mercurymarine.com (confidence: MEDIUM),Outboards + accessories. Mercury CDN blocks hotlinks; may need download+reupload from mercurymarine.com product pages.
2023-MERCURY-ME-30-E,411,2023 Mercury ME 30 ELHPT EFI 4S,Mercury,Unknown,,0,0,none,no_image,SEVERE,mfr_hd,NEEDS_SOURCING from mercurymarine.com (confidence: MEDIUM),Outboards + accessories. Mercury CDN blocks hotlinks; may need download+reupload from mercurymarine.com product pages.
2023-MERCURY-ME-40-E,504,2023 Mercury ME 40 ELHPT 4S EFI,Mercury,Unknown,,0,0,none,no_image,SEVERE,mfr_hd,NEEDS_SOURCING from mercurymarine.com (confidence: MEDIUM),Outboards + accessories. Mercury CDN blocks hotlinks; may need download+reupload from mercurymarine.com product pages.
2023-MERCURY-ME-6MH,430,2023 Mercury ME 6MH,Mercury,Unknown,,0,0,none,no_image,SEVERE,mfr_hd,NEEDS_SOURCING from mercurymarine.com (confidence: MEDIUM),Outboards + accessories. Mercury CDN blocks hotlinks; may need download+reupload from mercurymarine.com product pages.
2023-MERCURY-ME-9-9E,516,2023 Mercury ME 9.9ELH 4S TMC,Mercury,Unknown,,0,0,none,no_image,SEVERE,mfr_hd,NEEDS_SOURCING from mercurymarine.com (confidence: MEDIUM),Outboards + accessories. Mercury CDN blocks hotlinks; may need download+reupload from mercurymarine.com product pages.
2023-MERCURY-ME-9-9E,381,2023 Mercury ME 9.9ELH 4S TMC,Mercury,Unknown,,0,0,none,no_image,SEVERE,mfr_hd,NEEDS_SOURCING from mercurymarine.com (confidence: MEDIUM),Outboards + accessories. Mercury CDN blocks hotlinks; may need download+reupload from mercurymarine.com product pages.
2024-MERCURY-ME-15-E,393,2024 Mercury ME 15 EH 4S,Mercury,Unknown,,0,0,none,no_image,SEVERE,mfr_hd,NEEDS_SOURCING from mercurymarine.com (confidence: MEDIUM),Outboards + accessories. Mercury CDN blocks hotlinks; may need download+reupload from mercurymarine.com product pages.
2024-MERCURY-ME-15-E,501,2024 Mercury ME 15 ELPT 4S,Mercury,Unknown,,0,0,none,no_image,SEVERE,mfr_hd,NEEDS_SOURCING from mercurymarine.com (confidence: MEDIUM),Outboards + accessories. Mercury CDN blocks hotlinks; may need download+reupload from mercurymarine.com product pages.
2024-MERCURY-ME-25-E,480,2024 Mercury ME 25 EH EFI 4S,Mercury,Unknown,,0,0,none,no_image,SEVERE,mfr_hd,NEEDS_SOURCING from mercurymarine.com (confidence: MEDIUM),Outboards + accessories. Mercury CDN blocks hotlinks; may need download+reupload from mercurymarine.com product pages.
2024-MERCURY-ME-25-E,468,2024 Mercury ME 25 ELHPT EFI 4S,Mercury,Unknown,,0,0,none,no_image,SEVERE,mfr_hd,NEEDS_SOURCING from mercurymarine.com (confidence: MEDIUM),Outboards + accessories. Mercury CDN blocks hotlinks; may need download+reupload from mercurymarine.com product pages.
2024-MERCURY-ME-25-E,407,2024 Mercury ME 25 ELHPT EFI 4S,Mercury,Unknown,,0,0,none,no_image,SEVERE,mfr_hd,NEEDS_SOURCING from mercurymarine.com (confidence: MEDIUM),Outboards + accessories. Mercury CDN blocks hotlinks; may need download+reupload from mercurymarine.com product pages.
2024-MERCURY-ME-4MH-,418,2024 Mercury ME 4MH 4S,Mercury,Unknown,,0,0,none,no_image,SEVERE,mfr_hd,NEEDS_SOURCING from mercurymarine.com (confidence: MEDIUM),Outboards + accessories. Mercury CDN blocks hotlinks; may need download+reupload from mercurymarine.com product pages.
2024-MERCURY-ME-50-E,545,2024 Mercury ME 50 ELPT 4S EFI,Mercury,Unknown,,0,0,none,no_image,SEVERE,mfr_hd,NEEDS_SOURCING from mercurymarine.com (confidence: MEDIUM),Outboards + accessories. Mercury CDN blocks hotlinks; may need download+reupload from mercurymarine.com product pages.
2024-MERCURY-ME-50-E,492,2024 Mercury ME 50 ELPT 4S EFI,Mercury,Unknown,,0,0,none,no_image,SEVERE,mfr_hd,NEEDS_SOURCING from mercurymarine.com (confidence: MEDIUM),Outboards + accessories. Mercury CDN blocks hotlinks; may need download+reupload from mercurymarine.com product pages.
2024-MERCURY-ME-50-E,388,2024 Mercury ME 50 ELPT 4S EFI,Mercury,Unknown,,0,0,none,no_image,SEVERE,mfr_hd,NEEDS_SOURCING from mercurymarine.com (confidence: MEDIUM),Outboards + accessories. Mercury CDN blocks hotlinks; may need download+reupload from mercurymarine.com product pages.
2024-MERCURY-ME-50-E,387,2024 Mercury ME 50 ELPT 4S EFI,Mercury,Unknown,,0,0,none,no_image,SEVERE,mfr_hd,NEEDS_SOURCING from mercurymarine.com (confidence: MEDIUM),Outboards + accessories. Mercury CDN blocks hotlinks; may need download+reupload from mercurymarine.com product pages.
2024-MERCURY-ME-60-E,390,2024 Mercury ME 60 ELPT 4S EFI,Mercury,Unknown,,0,0,none,no_image,SEVERE,mfr_hd,NEEDS_SOURCING from mercurymarine.com (confidence: MEDIUM),Outboards + accessories. Mercury CDN blocks hotlinks; may need download+reupload from mercurymarine.com product pages.
2024-MERCURY-ME-6MLH,506,2024 Mercury ME 6MLH,Mercury,Unknown,,0,0,none,no_image,SEVERE,mfr_hd,NEEDS_SOURCING from mercurymarine.com (confidence: MEDIUM),Outboards + accessories. Mercury CDN blocks hotlinks; may need download+reupload from mercurymarine.com product pages.
2024-MERCURY-ME-6MLH,495,2024 Mercury ME 6MLH,Mercury,Unknown,,0,0,none,no_image,SEVERE,mfr_hd,NEEDS_SOURCING from mercurymarine.com (confidence: MEDIUM),Outboards + accessories. Mercury CDN blocks hotlinks; may need download+reupload from mercurymarine.com product pages.
2024-MERCURY-ME-6MLH,447,2024 Mercury ME 6MLH,Mercury,Unknown,,0,0,none,no_image,SEVERE,mfr_hd,NEEDS_SOURCING from mercurymarine.com (confidence: MEDIUM),Outboards + accessories. Mercury CDN blocks hotlinks; may need download+reupload from mercurymarine.com product pages.
2024-MERCURY-ME-6MLH,424,2024 Mercury ME 6MLH,Mercury,Unknown,,0,0,none,no_image,SEVERE,mfr_hd,NEEDS_SOURCING from mercurymarine.com (confidence: MEDIUM),Outboards + accessories. Mercury CDN blocks hotlinks; may need download+reupload from mercurymarine.com product pages.
2024-MERCURY-ME-8EH-,478,2024 Mercury ME 8EH 4S,Mercury,Unknown,,0,0,none,no_image,SEVERE,mfr_hd,NEEDS_SOURCING from mercurymarine.com (confidence: MEDIUM),Outboards + accessories. Mercury CDN blocks hotlinks; may need download+reupload from mercurymarine.com product pages.
2025-MERCURY-40-ELPT,550,2025 Mercury 40 ELPT,Mercury,Unknown,,0,0,none,no_image,SEVERE,mfr_hd,NEEDS_SOURCING from mercurymarine.com (confidence: MEDIUM),Outboards + accessories. Mercury CDN blocks hotlinks; may need download+reupload from mercurymarine.com product pages.
2025-MERCURY-75-ELPT,519,2025 Mercury 75 ELPT,Mercury,Unknown,,0,0,none,no_image,SEVERE,mfr_hd,NEEDS_SOURCING from mercurymarine.com (confidence: MEDIUM),Outboards + accessories. Mercury CDN blocks hotlinks; may need download+reupload from mercurymarine.com product pages.
2025-MERCURY-75-ELPT,452,2025 Mercury 75 ELPT,Mercury,Unknown,,0,0,none,no_image,SEVERE,mfr_hd,NEEDS_SOURCING from mercurymarine.com (confidence: MEDIUM),Outboards + accessories. Mercury CDN blocks hotlinks; may need download+reupload from mercurymarine.com product pages.
2025-MERCURY-ME-2-5M,559,2025 Mercury ME 2.5MH 4S TMC,Mercury,Unknown,,0,0,none,no_image,SEVERE,mfr_hd,NEEDS_SOURCING from mercurymarine.com (confidence: MEDIUM),Outboards + accessories. Mercury CDN blocks hotlinks; may need download+reupload from mercurymarine.com product pages.
2025-MERCURY-ME-2-5M,549,2025 Mercury ME 2.5MH 4S TMC,Mercury,Unknown,,0,0,none,no_image,SEVERE,mfr_hd,NEEDS_SOURCING from mercurymarine.com (confidence: MEDIUM),Outboards + accessories. Mercury CDN blocks hotlinks; may need download+reupload from mercurymarine.com product pages.
2025-MERCURY-ME-2-5M,543,2025 Mercury ME 2.5MH 4S TMC,Mercury,Unknown,,0,0,none,no_image,SEVERE,mfr_hd,NEEDS_SOURCING from mercurymarine.com (confidence: MEDIUM),Outboards + accessories. Mercury CDN blocks hotlinks; may need download+reupload from mercurymarine.com product pages.
2025-MERCURY-ME-2-5M,538,2025 Mercury ME 2.5MH 4S TMC,Mercury,Unknown,,0,0,none,no_image,SEVERE,mfr_hd,NEEDS_SOURCING from mercurymarine.com (confidence: MEDIUM),Outboards + accessories. Mercury CDN blocks hotlinks; may need download+reupload from mercurymarine.com product pages.
2025-MERCURY-ME-2-5M,535,2025 Mercury ME 2.5MH 4S TMC,Mercury,Unknown,,0,0,none,no_image,SEVERE,mfr_hd,NEEDS_SOURCING from mercurymarine.com (confidence: MEDIUM),Outboards + accessories. Mercury CDN blocks hotlinks; may need download+reupload from mercurymarine.com product pages.
2025-MERCURY-ME-2-5M,481,2025 Mercury ME 2.5MH 4S TMC,Mercury,Unknown,,0,0,none,no_image,SEVERE,mfr_hd,NEEDS_SOURCING from mercurymarine.com (confidence: MEDIUM),Outboards + accessories. Mercury CDN blocks hotlinks; may need download+reupload from mercurymarine.com product pages.
2025-MERCURY-ME-2-5M,465,2025 Mercury ME 2.5MH 4S TMC,Mercury,Unknown,,0,0,none,no_image,SEVERE,mfr_hd,NEEDS_SOURCING from mercurymarine.com (confidence: MEDIUM),Outboards + accessories. Mercury CDN blocks hotlinks; may need download+reupload from mercurymarine.com product pages.
2025-MERCURY-ME-2-5M,440,2025 Mercury ME 2.5MH 4S TMC,Mercury,Unknown,,0,0,none,no_image,SEVERE,mfr_hd,NEEDS_SOURCING from mercurymarine.com (confidence: MEDIUM),Outboards + accessories. Mercury CDN blocks hotlinks; may need download+reupload from mercurymarine.com product pages.
2025-MERCURY-ME-2-5M,396,2025 Mercury ME 2.5MH 4S TMC,Mercury,Unknown,,0,0,none,no_image,SEVERE,mfr_hd,NEEDS_SOURCING from mercurymarine.com (confidence: MEDIUM),Outboards + accessories. Mercury CDN blocks hotlinks; may need download+reupload from mercurymarine.com product pages.
2025-MERCURY-ME-2-5M,391,2025 Mercury ME 2.5MH 4S TMC,Mercury,Unknown,,0,0,none,no_image,SEVERE,mfr_hd,NEEDS_SOURCING from mercurymarine.com (confidence: MEDIUM),Outboards + accessories. Mercury CDN blocks hotlinks; may need download+reupload from mercurymarine.com product pages.
2025-MERCURY-ME-2-5M,372,2025 Mercury ME 2.5MH 4S TMC,Mercury,Unknown,,0,0,none,no_image,SEVERE,mfr_hd,NEEDS_SOURCING from mercurymarine.com (confidence: MEDIUM),Outboards + accessories. Mercury CDN blocks hotlinks; may need download+reupload from mercurymarine.com product pages.
2025-MERCURY-ME-2-5M,370,2025 Mercury ME 2.5MH 4S TMC,Mercury,Unknown,,0,0,none,no_image,SEVERE,mfr_hd,NEEDS_SOURCING from mercurymarine.com (confidence: MEDIUM),Outboards + accessories. Mercury CDN blocks hotlinks; may need download+reupload from mercurymarine.com product pages.
2025-MERCURY-ME-2-5M,368,2025 Mercury ME 2.5MH 4S TMC,Mercury,Unknown,,0,0,none,no_image,SEVERE,mfr_hd,NEEDS_SOURCING from mercurymarine.com (confidence: MEDIUM),Outboards + accessories. Mercury CDN blocks hotlinks; may need download+reupload from mercurymarine.com product pages.
2025-MERCURY-ME-2-5M,367,2025 Mercury ME 2.5MH 4S TMC,Mercury,Unknown,,0,0,none,no_image,SEVERE,mfr_hd,NEEDS_SOURCING from mercurymarine.com (confidence: MEDIUM),Outboards + accessories. Mercury CDN blocks hotlinks; may need download+reupload from mercurymarine.com product pages.
2025-MERCURY-ME-2-5M,365,2025 Mercury ME 2.5MH 4S TMC,Mercury,Unknown,,0,0,none,no_image,SEVERE,mfr_hd,NEEDS_SOURCING from mercurymarine.com (confidence: MEDIUM),Outboards + accessories. Mercury CDN blocks hotlinks; may need download+reupload from mercurymarine.com product pages.
2025-MERCURY-ME-2-5M,363,2025 Mercury ME 2.5MH 4S TMC,Mercury,Unknown,,0,0,none,no_image,SEVERE,mfr_hd,NEEDS_SOURCING from mercurymarine.com (confidence: MEDIUM),Outboards + accessories. Mercury CDN blocks hotlinks; may need download+reupload from mercurymarine.com product pages.
2025-MERCURY-ME-20-E,514,2025 Mercury ME 20 EH 4S,Mercury,Unknown,,0,0,none,no_image,SEVERE,mfr_hd,NEEDS_SOURCING from mercurymarine.com (confidence: MEDIUM),Outboards + accessories. Mercury CDN blocks hotlinks; may need download+reupload from mercurymarine.com product pages.
2025-MERCURY-ME-20-E,404,2025 Mercury ME 20 EH 4S,Mercury,Unknown,,0,0,none,no_image,SEVERE,mfr_hd,NEEDS_SOURCING from mercurymarine.com (confidence: MEDIUM),Outboards + accessories. Mercury CDN blocks hotlinks; may need download+reupload from mercurymarine.com product pages.
2025-MERCURY-ME-20-M,475,2025 Mercury ME 20 MH 4S,Mercury,Unknown,,0,0,none,no_image,SEVERE,mfr_hd,NEEDS_SOURCING from mercurymarine.com (confidence: MEDIUM),Outboards + accessories. Mercury CDN blocks hotlinks; may need download+reupload from mercurymarine.com product pages.
2025-MERCURY-ME-25-E,560,2025 Mercury ME 25 ELPT EFI 4S,Mercury,Unknown,,0,0,none,no_image,SEVERE,mfr_hd,NEEDS_SOURCING from mercurymarine.com (confidence: MEDIUM),Outboards + accessories. Mercury CDN blocks hotlinks; may need download+reupload from mercurymarine.com product pages.
2025-MERCURY-ME-50-E,520,2025 Mercury ME 50 ELHPT 4S EFI,Mercury,Unknown,,0,0,none,no_image,SEVERE,mfr_hd,NEEDS_SOURCING from mercurymarine.com (confidence: MEDIUM),Outboards + accessories. Mercury CDN blocks hotlinks; may need download+reupload from mercurymarine.com product pages.
2025-MERCURY-ME-50-E,497,2025 Mercury ME 50 ELPT CT 4S EFI,Mercury,Unknown,,0,0,none,no_image,SEVERE,mfr_hd,NEEDS_SOURCING from mercurymarine.com (confidence: MEDIUM),Outboards + accessories. Mercury CDN blocks hotlinks; may need download+reupload from mercurymarine.com product pages.
2025-MERCURY-ME-5MH-,532,2025 Mercury ME 5MH,Mercury,Unknown,,0,0,none,no_image,SEVERE,mfr_hd,NEEDS_SOURCING from mercurymarine.com (confidence: MEDIUM),Outboards + accessories. Mercury CDN blocks hotlinks; may need download+reupload from mercurymarine.com product pages.
2025-MERCURY-ME-5MH-,502,2025 Mercury ME 5MH,Mercury,Unknown,,0,0,none,no_image,SEVERE,mfr_hd,NEEDS_SOURCING from mercurymarine.com (confidence: MEDIUM),Outboards + accessories. Mercury CDN blocks hotlinks; may need download+reupload from mercurymarine.com product pages.
2025-MERCURY-ME-5MH-,431,2025 Mercury ME 5MH,Mercury,Unknown,,0,0,none,no_image,SEVERE,mfr_hd,NEEDS_SOURCING from mercurymarine.com (confidence: MEDIUM),Outboards + accessories. Mercury CDN blocks hotlinks; may need download+reupload from mercurymarine.com product pages.
2025-MERCURY-ME-5MH,371,2025 Mercury ME 5MH,Mercury,Unknown,,0,0,none,no_image,SEVERE,mfr_hd,NEEDS_SOURCING from mercurymarine.com (confidence: MEDIUM),Outboards + accessories. Mercury CDN blocks hotlinks; may need download+reupload from mercurymarine.com product pages.
2025-MERCURY-ME-60-E,496,2025 Mercury ME 60 ELHPT CT 4S,Mercury,Unknown,,0,0,none,no_image,SEVERE,mfr_hd,NEEDS_SOURCING from mercurymarine.com (confidence: MEDIUM),Outboards + accessories. Mercury CDN blocks hotlinks; may need download+reupload from mercurymarine.com product pages.
2025-MERCURY-ME-60-E,406,2025 Mercury ME 60 ELHPT CT 4S,Mercury,Unknown,,0,0,none,no_image,SEVERE,mfr_hd,NEEDS_SOURCING from mercurymarine.com (confidence: MEDIUM),Outboards + accessories. Mercury CDN blocks hotlinks; may need download+reupload from mercurymarine.com product pages.
2025-MERCURY-ME-60-E,508,2025 Mercury ME 60 ELPT CT 4S EFI,Mercury,Unknown,,0,0,none,no_image,SEVERE,mfr_hd,NEEDS_SOURCING from mercurymarine.com (confidence: MEDIUM),Outboards + accessories. Mercury CDN blocks hotlinks; may need download+reupload from mercurymarine.com product pages.
2025-MERCURY-ME-6MH-,551,2025 Mercury ME 6MH,Mercury,Unknown,,0,0,none,no_image,SEVERE,mfr_hd,NEEDS_SOURCING from mercurymarine.com (confidence: MEDIUM),Outboards + accessories. Mercury CDN blocks hotlinks; may need download+reupload from mercurymarine.com product pages.
2025-MERCURY-ME-6MH-,485,2025 Mercury ME 6MH,Mercury,Unknown,,0,0,none,no_image,SEVERE,mfr_hd,NEEDS_SOURCING from mercurymarine.com (confidence: MEDIUM),Outboards + accessories. Mercury CDN blocks hotlinks; may need download+reupload from mercurymarine.com product pages.
2025-MERCURY-ME-6MH-,477,2025 Mercury ME 6MH,Mercury,Unknown,,0,0,none,no_image,SEVERE,mfr_hd,NEEDS_SOURCING from mercurymarine.com (confidence: MEDIUM),Outboards + accessories. Mercury CDN blocks hotlinks; may need download+reupload from mercurymarine.com product pages.
2025-MERCURY-ME-6MH-,471,2025 Mercury ME 6MH,Mercury,Unknown,,0,0,none,no_image,SEVERE,mfr_hd,NEEDS_SOURCING from mercurymarine.com (confidence: MEDIUM),Outboards + accessories. Mercury CDN blocks hotlinks; may need download+reupload from mercurymarine.com product pages.
2025-MERCURY-ME-6MH-,436,2025 Mercury ME 6MH,Mercury,Unknown,,0,0,none,no_image,SEVERE,mfr_hd,NEEDS_SOURCING from mercurymarine.com (confidence: MEDIUM),Outboards + accessories. Mercury CDN blocks hotlinks; may need download+reupload from mercurymarine.com product pages.
2025-MERCURY-ME-6MH-,435,2025 Mercury ME 6MH,Mercury,Unknown,,0,0,none,no_image,SEVERE,mfr_hd,NEEDS_SOURCING from mercurymarine.com (confidence: MEDIUM),Outboards + accessories. Mercury CDN blocks hotlinks; may need download+reupload from mercurymarine.com product pages.
2025-MERCURY-ME-6MH-,427,2025 Mercury ME 6MH,Mercury,Unknown,,0,0,none,no_image,SEVERE,mfr_hd,NEEDS_SOURCING from mercurymarine.com (confidence: MEDIUM),Outboards + accessories. Mercury CDN blocks hotlinks; may need download+reupload from mercurymarine.com product pages.
2025-MERCURY-ME-6MH-,376,2025 Mercury ME 6MH,Mercury,Unknown,,0,0,none,no_image,SEVERE,mfr_hd,NEEDS_SOURCING from mercurymarine.com (confidence: MEDIUM),Outboards + accessories. Mercury CDN blocks hotlinks; may need download+reupload from mercurymarine.com product pages.
2025-MERCURY-ME-6MH-,375,2025 Mercury ME 6MH,Mercury,Unknown,,0,0,none,no_image,SEVERE,mfr_hd,NEEDS_SOURCING from mercurymarine.com (confidence: MEDIUM),Outboards + accessories. Mercury CDN blocks hotlinks; may need download+reupload from mercurymarine.com product pages.
2025-MERCURY-ME-6MH,366,2025 Mercury ME 6MH,Mercury,Unknown,,0,0,none,no_image,SEVERE,mfr_hd,NEEDS_SOURCING from mercurymarine.com (confidence: MEDIUM),Outboards + accessories. Mercury CDN blocks hotlinks; may need download+reupload from mercurymarine.com product pages.
2025-MERCURY-ME-9-9M,556,2025 Mercury ME 9.9MH 4S,Mercury,Unknown,,0,0,none,no_image,SEVERE,mfr_hd,NEEDS_SOURCING from mercurymarine.com (confidence: MEDIUM),Outboards + accessories. Mercury CDN blocks hotlinks; may need download+reupload from mercurymarine.com product pages.
2025-MERCURY-ME-9-9M,464,2025 Mercury ME 9.9MH 4S,Mercury,Unknown,,0,0,none,no_image,SEVERE,mfr_hd,NEEDS_SOURCING from mercurymarine.com (confidence: MEDIUM),Outboards + accessories. Mercury CDN blocks hotlinks; may need download+reupload from mercurymarine.com product pages.
2025-MERCURY-ME-9-9M,439,2025 Mercury ME 9.9MH 4S,Mercury,Unknown,,0,0,none,no_image,SEVERE,mfr_hd,NEEDS_SOURCING from mercurymarine.com (confidence: MEDIUM),Outboards + accessories. Mercury CDN blocks hotlinks; may need download+reupload from mercurymarine.com product pages.
2025-MERCURY-ME-9-9M,437,2025 Mercury ME 9.9MH 4S,Mercury,Unknown,,0,0,none,no_image,SEVERE,mfr_hd,NEEDS_SOURCING from mercurymarine.com (confidence: MEDIUM),Outboards + accessories. Mercury CDN blocks hotlinks; may need download+reupload from mercurymarine.com product pages.
2025-MERCURY-ME-9-9M,379,2025 Mercury ME 9.9MH 4S,Mercury,Unknown,,0,0,none,no_image,SEVERE,mfr_hd,NEEDS_SOURCING from mercurymarine.com (confidence: MEDIUM),Outboards + accessories. Mercury CDN blocks hotlinks; may need download+reupload from mercurymarine.com product pages.
2025-MERCURY-ME-9-9M,377,2025 Mercury ME 9.9MH 4S,Mercury,Unknown,,0,0,none,no_image,SEVERE,mfr_hd,NEEDS_SOURCING from mercurymarine.com (confidence: MEDIUM),Outboards + accessories. Mercury CDN blocks hotlinks; may need download+reupload from mercurymarine.com product pages.
2026-MERCURY-115-EXL,518,2026 Mercury 115 EXLPT PRO XS,Mercury,Unknown,,0,0,none,no_image,SEVERE,mfr_hd,NEEDS_SOURCING from mercurymarine.com (confidence: MEDIUM),Outboards + accessories. Mercury CDN blocks hotlinks; may need download+reupload from mercurymarine.com product pages.
2026-MERCURY-115-EXL,498,2026 Mercury 115 EXLPT PRO XS,Mercury,Unknown,,0,0,none,no_image,SEVERE,mfr_hd,NEEDS_SOURCING from mercurymarine.com (confidence: MEDIUM),Outboards + accessories. Mercury CDN blocks hotlinks; may need download+reupload from mercurymarine.com product pages.
2026-MERCURY-115-EXL,445,2026 Mercury 115 EXLPT PRO XS,Mercury,Unknown,,0,0,none,no_image,SEVERE,mfr_hd,NEEDS_SOURCING from mercurymarine.com (confidence: MEDIUM),Outboards + accessories. Mercury CDN blocks hotlinks; may need download+reupload from mercurymarine.com product pages.
2026-MERCURY-150-XL,553,2026 Mercury 150 XL,Mercury,Unknown,,0,0,none,no_image,SEVERE,mfr_hd,NEEDS_SOURCING from mercurymarine.com (confidence: MEDIUM),Outboards + accessories. Mercury CDN blocks hotlinks; may need download+reupload from mercurymarine.com product pages.
2026-MERCURY-40-ELPT,472,2026 Mercury 40 ELPT,Mercury,Unknown,,0,0,none,no_image,SEVERE,mfr_hd,NEEDS_SOURCING from mercurymarine.com (confidence: MEDIUM),Outboards + accessories. Mercury CDN blocks hotlinks; may need download+reupload from mercurymarine.com product pages.
2026-MERCURY-50-ELPT,548,2026 Mercury 50 ELPT EFI CT,Mercury,Unknown,,0,0,none,no_image,SEVERE,mfr_hd,NEEDS_SOURCING from mercurymarine.com (confidence: MEDIUM),Outboards + accessories. Mercury CDN blocks hotlinks; may need download+reupload from mercurymarine.com product pages.
2026-MERCURY-50-ELPT,536,2026 Mercury 50 ELPT EFI CT,Mercury,Unknown,,0,0,none,no_image,SEVERE,mfr_hd,NEEDS_SOURCING from mercurymarine.com (confidence: MEDIUM),Outboards + accessories. Mercury CDN blocks hotlinks; may need download+reupload from mercurymarine.com product pages.
2026-MERCURY-90-EXLP,487,2026 Mercury 90 EXLPT CT,Mercury,Unknown,,0,0,none,no_image,SEVERE,mfr_hd,NEEDS_SOURCING from mercurymarine.com (confidence: MEDIUM),Outboards + accessories. Mercury CDN blocks hotlinks; may need download+reupload from mercurymarine.com product pages.
2026-MERCURY-ME-115X,530,2026 Mercury ME 115XL PXS4S,Mercury,Unknown,,0,0,none,no_image,SEVERE,mfr_hd,NEEDS_SOURCING from mercurymarine.com (confidence: MEDIUM),Outboards + accessories. Mercury CDN blocks hotlinks; may need download+reupload from mercurymarine.com product pages.
2026-MERCURY-ME-115X,521,2026 Mercury ME 115XL PXS4S,Mercury,Unknown,,0,0,none,no_image,SEVERE,mfr_hd,NEEDS_SOURCING from mercurymarine.com (confidence: MEDIUM),Outboards + accessories. Mercury CDN blocks hotlinks; may need download+reupload from mercurymarine.com product pages.
2026-MERCURY-ME-115X,462,2026 Mercury ME 115XL PXS4S,Mercury,Unknown,,0,0,none,no_image,SEVERE,mfr_hd,NEEDS_SOURCING from mercurymarine.com (confidence: MEDIUM),Outboards + accessories. Mercury CDN blocks hotlinks; may need download+reupload from mercurymarine.com product pages.
2026-MERCURY-ME-115X,433,2026 Mercury ME 115XL PXS4S,Mercury,Unknown,,0,0,none,no_image,SEVERE,mfr_hd,NEEDS_SOURCING from mercurymarine.com (confidence: MEDIUM),Outboards + accessories. Mercury CDN blocks hotlinks; may need download+reupload from mercurymarine.com product pages.
2026-MERCURY-ME-115X,380,2026 Mercury ME 115XL PXS4S,Mercury,Unknown,,0,0,none,no_image,SEVERE,mfr_hd,NEEDS_SOURCING from mercurymarine.com (confidence: MEDIUM),Outboards + accessories. Mercury CDN blocks hotlinks; may need download+reupload from mercurymarine.com product pages.
26-MERCURY-ME-90ELPT,534,26 Mercury ME 90ELPT 4S,Mercury,Unknown,,0,0,none,no_image,SEVERE,mfr_hd,NEEDS_SOURCING from mercurymarine.com (confidence: MEDIUM),Outboards + accessories. Mercury CDN blocks hotlinks; may need download+reupload from mercurymarine.com product pages.
26-MERCURY-ME-90ELPT,473,26 Mercury ME 90ELPT 4S,Mercury,Unknown,,0,0,none,no_image,SEVERE,mfr_hd,NEEDS_SOURCING from mercurymarine.com (confidence: MEDIUM),Outboards + accessories. Mercury CDN blocks hotlinks; may need download+reupload from mercurymarine.com product pages.
26-MERCURY-ME-90ELPT,392,26 Mercury ME 90ELPT 4S,Mercury,Unknown,,0,0,none,no_image,SEVERE,mfr_hd,NEEDS_SOURCING from mercurymarine.com (confidence: MEDIUM),Outboards + accessories. Mercury CDN blocks hotlinks; may need download+reupload from mercurymarine.com product pages.
26-MERCURY-ME-90ELPT,385,26 Mercury ME 90ELPT 4S,Mercury,Unknown,,0,0,none,no_image,SEVERE,mfr_hd,NEEDS_SOURCING from mercurymarine.com (confidence: MEDIUM),Outboards + accessories. Mercury CDN blocks hotlinks; may need download+reupload from mercurymarine.com product pages.
MINNKOTA-TERROVA-80-,207,Minnkota Terrova 80,Minnkota,Unknown,,0,0,none,no_image,SEVERE,none,NEEDS_SOURCING,
2023-PRINCECRAFT-SPO,384,2023 Princecraft SPORTFISHER 21 2RS,Princecraft,Fishing Boats,,0,0,none,no_image,SEVERE,mfr_hd,NEEDS_SOURCING from princecraft.com (confidence: MEDIUM),Boats photographed on water — white-BG hero shots available on princecraft.com. Use product hero crop.
2023-PRINCECRAFT-SPO,374,2023 Princecraft SPORTFISHER 23 2RS,Princecraft,Fishing Boats,,0,0,none,no_image,SEVERE,mfr_hd,NEEDS_SOURCING from princecraft.com (confidence: MEDIUM),Boats photographed on water — white-BG hero shots available on princecraft.com. Use product hero crop.
2024-PRINCECRAFT-RES,426,2024 Princecraft RESORTER 160 BT,Princecraft,Fishing Boats,,0,0,none,no_image,SEVERE,mfr_hd,NEEDS_SOURCING from princecraft.com (confidence: MEDIUM),Boats photographed on water — white-BG hero shots available on princecraft.com. Use product hero crop.
2025-PRINCECRAFT-AMA,456,2025 Princecraft AMAROK 166 WS,Princecraft,Fishing Boats,,0,0,none,no_image,SEVERE,mfr_hd,NEEDS_SOURCING from princecraft.com (confidence: MEDIUM),Boats photographed on water — white-BG hero shots available on princecraft.com. Use product hero crop.
2026-PRINCECRAFT-VEC,451,2026 Princecraft VECTRA 21 RL,Princecraft,Fishing Boats,,0,0,none,no_image,SEVERE,mfr_hd,NEEDS_SOURCING from princecraft.com (confidence: MEDIUM),Boats photographed on water — white-BG hero shots available on princecraft.com. Use product hero crop.
RJ-BOAT-LIFT-ROOF-SY,299,R&amp;J Boat Lift Roof System,R&amp;J Machine,Boat Lifts,,0,0,none,no_image,SEVERE,none,NEEDS_SOURCING,
RJ-CANTILEVER-BOAT-L,294,R&amp;J Cantilever Boat Lift,R&amp;J Machine,Boat Lifts,,0,0,none,no_image,SEVERE,none,NEEDS_SOURCING,
RJ-FLOATING-TRUSS-DO,290,R&amp;J Floating Truss Dock,R&amp;J Machine,Docks,,0,0,none,no_image,SEVERE,none,NEEDS_SOURCING,
RJ-HIDDEN-BEAM-WET-S,298,R&amp;J Hidden-Beam Wet-Slip Lift,R&amp;J Machine,Boat Lifts,,0,0,none,no_image,SEVERE,none,NEEDS_SOURCING,
RJ-HYDRAULIC-BOAT-LI,295,R&amp;J Hydraulic Boat Lift,R&amp;J Machine,Boat Lifts,,0,0,none,no_image,SEVERE,none,NEEDS_SOURCING,
RJ-HYDRAULIC-PWC-LIF,300,R&amp;J Hydraulic PWC Lift,R&amp;J Machine,Hydraulic Lifts,,0,0,none,no_image,SEVERE,none,NEEDS_SOURCING,
RJ-HYDRO-EXTREME-BOA,297,R&amp;J Hydro Extreme Boat Lift,R&amp;J Machine,Boat Lifts,,0,0,none,no_image,SEVERE,none,NEEDS_SOURCING,
RJ-LUX-FLOATING-DOCK,291,R&amp;J LUX Floating Dock System,R&amp;J Machine,Docks,,0,0,none,no_image,SEVERE,none,NEEDS_SOURCING,
RJ-LIFT-UP-STEP-DOCK,293,R&amp;J Lift-Up Step Dock,R&amp;J Machine,Docks,,0,0,none,no_image,SEVERE,none,NEEDS_SOURCING,
RJ-MARINE-RAILWAY-SY,302,R&amp;J Marine Railway System,R&amp;J Machine,Boat Lifts,,0,0,none,no_image,SEVERE,none,NEEDS_SOURCING,
RJ-TRUSS-PIPE-DOCK-A,289,R&amp;J Truss Pipe Dock — Aluminum,R&amp;J Machine,Docks,,0,0,none,no_image,SEVERE,none,NEEDS_SOURCING,
RJ-VERTICAL-PONTOON-,296,R&amp;J Vertical Pontoon Boat Lift,R&amp;J Machine,Boat Lifts,,0,0,none,no_image,SEVERE,none,NEEDS_SOURCING,
RJ-WAVEX-MODULAR-DOC,292,R&amp;J WaveX Modular Dock System,R&amp;J Machine,Docks,,0,0,none,no_image,SEVERE,none,NEEDS_SOURCING,
WAVE-ARMOR-OTTER-SWI,303,Wave Armor Otter Swim Raft 8&#8217;x10&#8242;,R&amp;J Machine,Docks,,0,0,none,no_image,SEVERE,none,NEEDS_SOURCING,
WAVE-ARMOUR-PWC-WAVE,301,Wave Armour PWC Wave Port,R&amp;J Machine,Unknown,,0,0,none,no_image,SEVERE,none,NEEDS_SOURCING,
2022-TORO-74055,736,2022 Toro 74055,Toro,Unknown,,0,0,none,no_image,SEVERE,mfr_hd,NEEDS_SOURCING from toro.com (confidence: HIGH),"Zero-turns, push mowers. toro.com has structured product image gallery."
2024-TORO-74532-2,544,2024 Toro 74532,Toro,Unknown,,0,0,none,no_image,SEVERE,mfr_hd,NEEDS_SOURCING from toro.com (confidence: HIGH),"Zero-turns, push mowers. toro.com has structured product image gallery."
2024-TORO-74532,421,2024 Toro 74532,Toro,Unknown,,0,0,none,no_image,SEVERE,mfr_hd,NEEDS_SOURCING from toro.com (confidence: HIGH),"Zero-turns, push mowers. toro.com has structured product image gallery."
2025-TORO-77502,429,2025 Toro 77502,Toro,Unknown,,0,0,none,no_image,SEVERE,mfr_hd,NEEDS_SOURCING from toro.com (confidence: HIGH),"Zero-turns, push mowers. toro.com has structured product image gallery."
2025-TORO-77507,524,2025 Toro 77507,Toro,Unknown,,0,0,none,no_image,SEVERE,mfr_hd,NEEDS_SOURCING from toro.com (confidence: HIGH),"Zero-turns, push mowers. toro.com has structured product image gallery."
2026-TORO-22217-2,733,2026 Toro 22217,Toro,Unknown,,0,0,none,no_image,SEVERE,mfr_hd,NEEDS_SOURCING from toro.com (confidence: HIGH),"Zero-turns, push mowers. toro.com has structured product image gallery."
2026-TORO-22217,729,2026 Toro 22217,Toro,Unknown,,0,0,none,no_image,SEVERE,mfr_hd,NEEDS_SOURCING from toro.com (confidence: HIGH),"Zero-turns, push mowers. toro.com has structured product image gallery."
2026-TORO-72504,420,2026 Toro 72504,Toro,Unknown,,0,0,none,no_image,SEVERE,mfr_hd,NEEDS_SOURCING from toro.com (confidence: HIGH),"Zero-turns, push mowers. toro.com has structured product image gallery."
2026-TORO-75747-7,563,2026 Toro 75747,Toro,Unknown,,0,0,none,no_image,SEVERE,mfr_hd,NEEDS_SOURCING from toro.com (confidence: HIGH),"Zero-turns, push mowers. toro.com has structured product image gallery."
2026-TORO-75747-6,529,2026 Toro 75747,Toro,Unknown,,0,0,none,no_image,SEVERE,mfr_hd,NEEDS_SOURCING from toro.com (confidence: HIGH),"Zero-turns, push mowers. toro.com has structured product image gallery."
2026-TORO-75747-5,511,2026 Toro 75747,Toro,Unknown,,0,0,none,no_image,SEVERE,mfr_hd,NEEDS_SOURCING from toro.com (confidence: HIGH),"Zero-turns, push mowers. toro.com has structured product image gallery."
2026-TORO-75747-4,446,2026 Toro 75747,Toro,Unknown,,0,0,none,no_image,SEVERE,mfr_hd,NEEDS_SOURCING from toro.com (confidence: HIGH),"Zero-turns, push mowers. toro.com has structured product image gallery."
2026-TORO-75747-3,389,2026 Toro 75747,Toro,Unknown,,0,0,none,no_image,SEVERE,mfr_hd,NEEDS_SOURCING from toro.com (confidence: HIGH),"Zero-turns, push mowers. toro.com has structured product image gallery."
2026-TORO-75747-2,378,2026 Toro 75747,Toro,Unknown,,0,0,none,no_image,SEVERE,mfr_hd,NEEDS_SOURCING from toro.com (confidence: HIGH),"Zero-turns, push mowers. toro.com has structured product image gallery."
2026-TORO-75747,369,2026 Toro 75747,Toro,Unknown,,0,0,none,no_image,SEVERE,mfr_hd,NEEDS_SOURCING from toro.com (confidence: HIGH),"Zero-turns, push mowers. toro.com has structured product image gallery."
2026-TORO-77283-3,540,2026 Toro 77283,Toro,Unknown,,0,0,none,no_image,SEVERE,mfr_hd,NEEDS_SOURCING from toro.com (confidence: HIGH),"Zero-turns, push mowers. toro.com has structured product image gallery."
2026-TORO-77283-2,470,2026 Toro 77283,Toro,Unknown,,0,0,none,no_image,SEVERE,mfr_hd,NEEDS_SOURCING from toro.com (confidence: HIGH),"Zero-turns, push mowers. toro.com has structured product image gallery."
2026-TORO-77283,422,2026 Toro 77283,Toro,Unknown,,0,0,none,no_image,SEVERE,mfr_hd,NEEDS_SOURCING from toro.com (confidence: HIGH),"Zero-turns, push mowers. toro.com has structured product image gallery."
2026-TORO-77404-3,739,2026 Toro 77404,Toro,Unknown,,0,0,none,no_image,SEVERE,mfr_hd,NEEDS_SOURCING from toro.com (confidence: HIGH),"Zero-turns, push mowers. toro.com has structured product image gallery."
2026-TORO-77404-2,730,2026 Toro 77404,Toro,Unknown,,0,0,none,no_image,SEVERE,mfr_hd,NEEDS_SOURCING from toro.com (confidence: HIGH),"Zero-turns, push mowers. toro.com has structured product image gallery."
2026-TORO-77404,476,2026 Toro 77404,Toro,Unknown,,0,0,none,no_image,SEVERE,mfr_hd,NEEDS_SOURCING from toro.com (confidence: HIGH),"Zero-turns, push mowers. toro.com has structured product image gallery."
2026-TORO-77501,443,2026 Toro 77501,Toro,Unknown,,0,0,none,no_image,SEVERE,mfr_hd,NEEDS_SOURCING from toro.com (confidence: HIGH),"Zero-turns, push mowers. toro.com has structured product image gallery."
2026-TORO-77503,503,2026 Toro 77503,Toro,Unknown,,0,0,none,no_image,SEVERE,mfr_hd,NEEDS_SOURCING from toro.com (confidence: HIGH),"Zero-turns, push mowers. toro.com has structured product image gallery."
2024-TRAILER-X-2,537,2024 Trailer X,Trailer,Unknown,,0,0,none,no_image,SEVERE,google_url,NEEDS_SOURCING from google (confidence: LOW),Generic trailer products. Source via Google image search for each model.
2024-TRAILER-X,425,2024 Trailer X,Trailer,Unknown,,0,0,none,no_image,SEVERE,google_url,NEEDS_SOURCING from google (confidence: LOW),Generic trailer products. Source via Google image search for each model.
2025-TRAILER-X-4,558,2025 Trailer X,Trailer,Unknown,,0,0,none,no_image,SEVERE,google_url,NEEDS_SOURCING from google (confidence: LOW),Generic trailer products. Source via Google image search for each model.
2025-TRAILER-X-3,489,2025 Trailer X,Trailer,Unknown,,0,0,none,no_image,SEVERE,google_url,NEEDS_SOURCING from google (confidence: LOW),Generic trailer products. Source via Google image search for each model.
2025-TRAILER-X-2,453,2025 Trailer X,Trailer,Unknown,,0,0,none,no_image,SEVERE,google_url,NEEDS_SOURCING from google (confidence: LOW),Generic trailer products. Source via Google image search for each model.
2025-TRAILER-X,414,2025 Trailer X,Trailer,Unknown,,0,0,none,no_image,SEVERE,google_url,NEEDS_SOURCING from google (confidence: LOW),Generic trailer products. Source via Google image search for each model.
2026-TRAILER-X-4,531,2026 Trailer X,Trailer,Unknown,,0,0,none,no_image,SEVERE,google_url,NEEDS_SOURCING from google (confidence: LOW),Generic trailer products. Source via Google image search for each model.
2026-TRAILER-X-3,510,2026 Trailer X,Trailer,Unknown,,0,0,none,no_image,SEVERE,google_url,NEEDS_SOURCING from google (confidence: LOW),Generic trailer products. Source via Google image search for each model.
2026-TRAILER-X-2,454,2026 Trailer X,Trailer,Unknown,,0,0,none,no_image,SEVERE,google_url,NEEDS_SOURCING from google (confidence: LOW),Generic trailer products. Source via Google image search for each model.
2026-TRAILER-X,428,2026 Trailer X,Trailer,Unknown,,0,0,none,no_image,SEVERE,google_url,NEEDS_SOURCING from google (confidence: LOW),Generic trailer products. Source via Google image search for each model.
EC-GT225-26,325,Echo GT-225 Curved-Shaft Trimmer,Echo,Unknown,https://reyco.glvmarketing.ca/wp-content/uploads/2026/04/EC-GT225-26.jpg,1200,801,local_jpeg,lifestyle,MODERATE,mfr_url,https://www.echo-usa.com/getattachment/ce0cbf2a-3e9a-45cd-ab35-960022bed16f/v2_ECHO_Trimmers_GT-225_StaticShot2.jpg,CALIBRATION: Currently lifestyle shot. Replace with Echo StaticShot2 white-BG product photo.
EC-SRM2620U-26,331,Echo SRM-2620U U-Handle Brushcutter,Echo,Unknown,https://reyco.glvmarketing.ca/wp-content/uploads/2026/04/EC-SRM2620U-26.jpg,1200,800,local_jpeg,lifestyle,MODERATE,mfr_url,https://www.echo-usa.com/getattachment/d8ccfa8a-8b23-4530-9cb6-f47375582ef9/v2_ECHO_Brushcutters_SRM-2620U_StaticShot2.jpg,CALIBRATION: Currently lifestyle shot. Replace with Echo StaticShot2 white-BG product photo.
EC-SRM2320-26,326,Echo SRM-2320 Straight-Shaft Trimmer,Echo,Unknown,https://reyco.glvmarketing.ca/wp-content/uploads/2026/04/EC-SRM2320-26.jpg,409,1200,local_jpeg,wrong_crop,MINOR,google_url,,
EC-SRM2620-26,327,Echo SRM-2620 Trimmer,Echo,Unknown,https://reyco.glvmarketing.ca/wp-content/uploads/2026/04/EC-SRM2620-26.jpg,503,1200,local_jpeg,wrong_crop,MINOR,google_url,,
EC-SRM3020-26,329,Echo SRM-3020 Heavy-Duty Trimmer,Echo,Unknown,https://reyco.glvmarketing.ca/wp-content/uploads/2026/04/EC-SRM3020-26.jpg,556,1200,local_jpeg,wrong_crop,MINOR,google_url,,
CAN-EASITROLL-26,268,Cannon Easi-Troll,Cannon,Downriggers,https://reyco.glvmarketing.ca/wp-content/uploads/2026/04/CN_1901020_Easi-Troll_Hero-1.webp,2048,2048,local_jpeg,ok,OK,keep,,
CAN-LAKETROLL-26,269,Cannon Lake-Troll,Cannon,Downriggers,https://reyco.glvmarketing.ca/wp-content/uploads/2026/04/CN_1901250_Lake-Troll_Hero-1.webp,2048,2048,local_jpeg,ok,OK,keep,,
CAN-MAG10-26,263,Cannon Magnum 10,Cannon,Downriggers,https://reyco.glvmarketing.ca/wp-content/uploads/2026/04/CN_1902305_Magnum10_3qRightNew.webp,2048,2048,local_jpeg,ok,OK,keep,,
CAN-MAG10TS-26,262,Cannon Magnum 10 TS,Cannon,Downriggers,https://reyco.glvmarketing.ca/wp-content/uploads/2026/04/CN_1902310_Magnum10TS_3qRight.webp,2048,2048,local_jpeg,ok,OK,keep,,
CAN-MAG5-26,264,Cannon Magnum 5,Cannon,Downriggers,https://reyco.glvmarketing.ca/wp-content/uploads/2026/04/CN_1902300_Magnum5_3qRight.webp,2048,2048,local_jpeg,ok,OK,keep,,
CAN-MINITROLL-26,270,Cannon Mini-Troll,Cannon,Downriggers,https://reyco.glvmarketing.ca/wp-content/uploads/2026/04/CN_1901200_Mini-Troll_Hero-1.webp,2048,2048,local_jpeg,ok,OK,keep,,
CAN-OPTIMUM-26,261,Cannon Optimum Downrigger,Cannon,Downriggers,https://reyco.glvmarketing.ca/wp-content/uploads/2026/04/CN_1902335_Optimum_3qRight.webp,2048,2048,local_jpeg,ok,OK,keep,,
CAN-OPTIMUMTS-26,260,Cannon Optimum TS Downrigger,Cannon,Downriggers,https://reyco.glvmarketing.ca/wp-content/uploads/2026/04/CN_1902340_OptimumTS_3qRight-1.webp,2048,2048,local_jpeg,ok,OK,keep,,
CAN-UNI10-26,266,Cannon Uni-Troll 10,Cannon,Downriggers,https://reyco.glvmarketing.ca/wp-content/uploads/2026/04/CN_1901130_UNI-TROLL-10_Hero-1.webp,2048,2048,local_jpeg,ok,OK,keep,,
CAN-UNI10TS-26,265,Cannon Uni-Troll 10 TS,Cannon,Downriggers,https://reyco.glvmarketing.ca/wp-content/uploads/2026/04/CN_1901140_Uni-Troll10TS_Hero-1.webp,2048,2048,local_jpeg,ok,OK,keep,,
CAN-UNI5-26,267,Cannon Uni-Troll 5,Cannon,Downriggers,https://reyco.glvmarketing.ca/wp-content/uploads/2026/04/CN_1901120_Uni-Troll5_Hero-1.webp,2048,2048,local_jpeg,ok,OK,keep,,
CC-CHALL750MX-26,243,Cub Cadet Challenger 750 MX (Hisun-Built UTV),Cub Cadet UTV,Unknown,https://reyco.glvmarketing.ca/wp-content/uploads/2026/04/37CYCCPK010_MX750_PFL.jpg,740,740,local_jpeg,ok,OK,keep,,
EC-CS2511P-26,304,Echo CS-2511P Compact Pro Chainsaw,Echo,Chainsaws,https://reyco.glvmarketing.ca/wp-content/uploads/2026/04/EC-CS2511P-26.jpg,1200,688,local_jpeg,ok,OK,keep,,
EC-CS2511T-26,305,Echo CS-2511T Top-Handle Chainsaw,Echo,Chainsaws,https://reyco.glvmarketing.ca/wp-content/uploads/2026/04/EC-CS2511T-26.jpg,1200,640,local_jpeg,ok,OK,keep,,
EC-CS271T-26,306,Echo CS-271T Top-Handle Chainsaw,Echo,Chainsaws,https://reyco.glvmarketing.ca/wp-content/uploads/2026/04/EC-CS271T-26.jpg,1200,708,local_jpeg,ok,OK,keep,,
EC-CS310-26,225,Echo CS-310 Chainsaw,Echo,Chainsaws,https://reyco.glvmarketing.ca/wp-content/uploads/2026/04/EC-CS310-26.jpg,1200,546,local_jpeg,ok,OK,keep,,
EC-CS3510-26,307,Echo CS-3510 Homeowner Chainsaw,Echo,Chainsaws,https://reyco.glvmarketing.ca/wp-content/uploads/2026/04/EC-CS3510-26.jpg,1200,648,local_jpeg,ok,OK,keep,,
EC-CS352-26,226,Echo CS-352 Chainsaw,Echo,Chainsaws,https://reyco.glvmarketing.ca/wp-content/uploads/2026/04/EC-CS352-26.jpg,1200,546,local_jpeg,ok,OK,keep,,
EC-CS355T-26,308,Echo CS-355T Top-Handle Chainsaw,Echo,Chainsaws,https://reyco.glvmarketing.ca/wp-content/uploads/2026/04/EC-CS355T-26.jpg,1200,664,local_jpeg,ok,OK,keep,,
EC-CS361P-26,309,Echo CS-361P Mid Pro Chainsaw,Echo,Chainsaws,https://reyco.glvmarketing.ca/wp-content/uploads/2026/04/EC-CS361P-26.jpg,1200,654,local_jpeg,ok,OK,keep,,
EC-CS370F-26,310,Echo CS-370F Farm/Ranch Chainsaw,Echo,Chainsaws,https://reyco.glvmarketing.ca/wp-content/uploads/2026/04/EC-CS370F-26.jpg,1200,478,local_jpeg,ok,OK,keep,,
EC-CS4510-26,311,Echo CS-4510 Mid Homeowner Chainsaw,Echo,Chainsaws,https://reyco.glvmarketing.ca/wp-content/uploads/2026/04/EC-CS4510-26.jpg,800,1200,local_jpeg,ok,OK,keep,,
EC-CS490-26,312,Echo CS-490 Mid Pro Chainsaw,Echo,Chainsaws,https://reyco.glvmarketing.ca/wp-content/uploads/2026/04/EC-CS490-26.jpg,1200,759,local_jpeg,ok,OK,keep,,
EC-CS4910-26,313,Echo CS-4910 Pro Chainsaw,Echo,Chainsaws,https://reyco.glvmarketing.ca/wp-content/uploads/2026/04/EC-CS4910-26.jpg,1200,800,local_jpeg,ok,OK,keep,,
EC-CS501P-26,314,Echo CS-501P Pro Chainsaw,Echo,Chainsaws,https://reyco.glvmarketing.ca/wp-content/uploads/2026/04/EC-CS501P-26.jpg,1200,732,local_jpeg,ok,OK,keep,,
EC-CS590-26,224,Echo CS-590 Timber Wolf Chainsaw,Echo,Chainsaws,https://reyco.glvmarketing.ca/wp-content/uploads/2026/04/EC-CS590-26.jpg,800,1200,local_jpeg,ok,OK,keep,,
EC-CS620P-26,315,Echo CS-620P Pro Chainsaw,Echo,Chainsaws,https://reyco.glvmarketing.ca/wp-content/uploads/2026/04/EC-CS620P-26.jpg,800,1200,local_jpeg,ok,OK,keep,,
EC-CS680-26,227,Echo CS-680 Chainsaw,Echo,Chainsaws,https://reyco.glvmarketing.ca/wp-content/uploads/2026/04/EC-CS680-26.jpg,1200,800,local_jpeg,ok,OK,keep,,
EC-CS7310P-26,316,Echo CS-7310P Heavy Production Chainsaw,Echo,Chainsaws,https://reyco.glvmarketing.ca/wp-content/uploads/2026/04/EC-CS7310P-26.jpg,1200,800,local_jpeg,ok,OK,keep,,
EC-CSG7410-26,346,Echo CSG-7410 Handheld Cut-Off Saw,Echo,Chainsaws,https://reyco.glvmarketing.ca/wp-content/uploads/2026/04/EC-CSG7410-26.jpg,689,1200,local_jpeg,ok,OK,keep,,
EC-CWT7410-26,347,Echo CWT-7410 Walk-Behind Cut-Off Saw,Echo,Cut-Off Saws,https://reyco.glvmarketing.ca/wp-content/uploads/2026/04/EC-CWT7410-26.jpg,720,610,local_jpeg,ok,OK,keep,,
EC-DCS2500T-26,351,Echo DCS-2500T Cordless Top-Handle Chainsaw,Echo,Chainsaws,https://reyco.glvmarketing.ca/wp-content/uploads/2026/04/EC-DCS2500T-26.jpg,1052,441,local_jpeg,ok,OK,keep,,
EC-DCS5000-26,233,Echo DCS-5000 — 56V Cordless Chainsaw,Echo,Chainsaws,https://reyco.glvmarketing.ca/wp-content/uploads/2026/04/EC-DCS5000-26.jpg,1052,441,local_jpeg,ok,OK,keep,,
EC-DHC2300-26,352,Echo DHC-2300 Cordless Hedge Trimmer,Echo,Hedge Trimmers,https://reyco.glvmarketing.ca/wp-content/uploads/2026/04/EC-DHC2300-26.jpg,1052,441,local_jpeg,ok,OK,keep,,
EC-DLM2100-26,353,Echo DLM-2100 Cordless Push Mower,Echo,Unknown,https://reyco.glvmarketing.ca/wp-content/uploads/2026/04/EC-DLM2100-26.jpg,1052,441,local_jpeg,ok,OK,keep,,
EC-DLM2100SP-26,354,Echo DLM-2100SP Cordless Self-Propelled Mower,Echo,Unknown,https://reyco.glvmarketing.ca/wp-content/uploads/2026/04/EC-DLM2100SP-26.jpg,1200,800,local_jpeg,ok,OK,keep,,
EC-DPAS2100-26,355,Echo DPAS-2100 Cordless PAS Powerhead,Echo,Unknown,https://reyco.glvmarketing.ca/wp-content/uploads/2026/04/EC-DPAS2100-26.jpg,1052,441,local_jpeg,ok,OK,keep,,
EC-DPAS2600-26,356,Echo DPAS-2600 Cordless PAS Pro Powerhead,Echo,Unknown,https://reyco.glvmarketing.ca/wp-content/uploads/2026/04/EC-DPAS2600-26.jpg,1052,441,local_jpeg,ok,OK,keep,,
EC-DPB2500-26,357,Echo DPB-2500 Cordless Handheld Blower,Echo,Blowers &amp; Vacuums,https://reyco.glvmarketing.ca/wp-content/uploads/2026/04/EC-DPB2500-26.jpg,1052,441,local_jpeg,ok,OK,keep,,
EC-DPB2500LE-26,358,Echo DPB-2500LE Limited Edition Pink Blower,Echo,Blowers &amp; Vacuums,https://reyco.glvmarketing.ca/wp-content/uploads/2026/04/EC-DPB2500LE-26.jpg,800,1200,local_jpeg,ok,OK,keep,,
EC-DSRM2100-26,359,Echo DSRM-2100 Cordless String Trimmer,Echo,Unknown,https://reyco.glvmarketing.ca/wp-content/uploads/2026/04/EC-DSRM2100-26.jpg,1052,441,local_jpeg,ok,OK,keep,,
EC-DSRM2600-26,360,Echo DSRM-2600 Cordless String Trimmer,Echo,Unknown,https://reyco.glvmarketing.ca/wp-content/uploads/2026/04/EC-DSRM2600-26.jpg,1200,800,local_jpeg,ok,OK,keep,,
EC-DSRM2600U-26,361,Echo DSRM-2600U Cordless U-Handle Brushcutter,Echo,Unknown,https://reyco.glvmarketing.ca/wp-content/uploads/2026/04/EC-DSRM2600U-26.jpg,1052,441,local_jpeg,ok,OK,keep,,
EC-ES250-26,317,Echo ES-250 Handheld Shred/Vac,Echo,Blowers &amp; Vacuums,https://reyco.glvmarketing.ca/wp-content/uploads/2026/04/EC-ES250-26.jpg,1200,628,local_jpeg,ok,OK,keep,,
EC-HC155-26,332,Echo HC-155 Single-Sided Hedge Trimmer,Echo,Hedge Trimmers,https://reyco.glvmarketing.ca/wp-content/uploads/2026/04/EC-HC155-26.jpg,1200,410,local_jpeg,ok,OK,keep,,
EC-HC2020-26,232,Echo HC-2020 Hedge Trimmer,Echo,Hedge Trimmers,https://reyco.glvmarketing.ca/wp-content/uploads/2026/04/EC-HC2020-26.jpg,1200,1025,local_jpeg,ok,OK,keep,,
EC-HC2210-26,333,Echo HC-2210 Double-Sided Hedge Trimmer,Echo,Hedge Trimmers,https://reyco.glvmarketing.ca/wp-content/uploads/2026/04/EC-HC2210-26.jpg,1200,800,local_jpeg,ok,OK,keep,,
EC-HC2810-26,334,Echo HC-2810 Heavy Double-Sided Hedge Trimmer,Echo,Hedge Trimmers,https://reyco.glvmarketing.ca/wp-content/uploads/2026/04/EC-HC2810-26.jpg,1052,441,local_jpeg,ok,OK,keep,,
EC-HCA2620-26,335,Echo HCA-2620 Articulating Extended-Reach,Echo,Hedge Trimmers,https://reyco.glvmarketing.ca/wp-content/uploads/2026/04/EC-HCA2620-26.jpg,1200,722,local_jpeg,ok,OK,keep,,
EC-HCA2620S-26,336,Echo HCA-2620S Articulating Extended-Reach (S),Echo,Hedge Trimmers,https://reyco.glvmarketing.ca/wp-content/uploads/2026/04/EC-HCA2620S-26.jpg,1200,609,local_jpeg,ok,OK,keep,,
EC-PAS225-26,349,Echo PAS-225 Homeowner Powerhead,Echo,Unknown,https://reyco.glvmarketing.ca/wp-content/uploads/2026/04/EC-PAS225-26.jpg,719,1200,local_jpeg,ok,OK,keep,,
EC-PAS2620-26,350,Echo PAS-2620 Pro Powerhead,Echo,Unknown,https://reyco.glvmarketing.ca/wp-content/uploads/2026/04/EC-PAS2620-26.jpg,1200,585,local_jpeg,ok,OK,keep,,
EC-PB2520-26,318,Echo PB-2520 Handheld Blower,Echo,Blowers &amp; Vacuums,https://reyco.glvmarketing.ca/wp-content/uploads/2026/04/EC-PB2520-26.jpg,1200,800,local_jpeg,ok,OK,keep,,
EC-PB255LN-26,319,Echo PB-255LN Low-Noise Handheld,Echo,Blowers &amp; Vacuums,https://reyco.glvmarketing.ca/wp-content/uploads/2026/04/EC-PB255LN-26.jpg,1200,519,local_jpeg,ok,OK,keep,,
EC-PB2620-26,320,Echo PB-2620 Handheld Blower,Echo,Blowers &amp; Vacuums,https://reyco.glvmarketing.ca/wp-content/uploads/2026/04/EC-PB2620-26.jpg,1200,675,local_jpeg,ok,OK,keep,,
EC-PB265LN-26,321,Echo PB-265LN Low-Noise Handheld,Echo,Blowers &amp; Vacuums,https://reyco.glvmarketing.ca/wp-content/uploads/2026/04/EC-PB265LN-26.jpg,1109,1200,local_jpeg,ok,OK,keep,,
EC-PB580T-26,228,Echo PB-580T Backpack Blower,Echo,Blowers &amp; Vacuums,https://reyco.glvmarketing.ca/wp-content/uploads/2026/04/EC-PB580T-26.jpg,1200,1031,local_jpeg,ok,OK,keep,,
EC-PB755ST-26,230,Echo PB-755ST Backpack Blower,Echo,Blowers &amp; Vacuums,https://reyco.glvmarketing.ca/wp-content/uploads/2026/04/EC-PB755ST-26.jpg,1123,1200,local_jpeg,ok,OK,keep,,
EC-PB760LNT-26,322,Echo PB-760LNT Low-Noise Backpack (Tube),Echo,Blowers &amp; Vacuums,https://reyco.glvmarketing.ca/wp-content/uploads/2026/04/v2_ECHO_Blowers_PB-760LNT_StaticShot2.jpg,900,675,local_jpeg,ok,OK,keep,,
EC-PB770-26,323,Echo PB-770 Pro Backpack Blower,Echo,Blowers &amp; Vacuums,https://reyco.glvmarketing.ca/wp-content/uploads/2026/04/EC-PB770-26.jpg,813,1200,local_jpeg,ok,OK,keep,,
EC-PB8010-26,324,Echo PB-8010 X Series Backpack Blower,Echo,Blowers &amp; Vacuums,https://reyco.glvmarketing.ca/wp-content/uploads/2026/04/EC-PB8010-26.jpg,1200,898,local_jpeg,ok,OK,keep,,
EC-PB9010T-26,229,Echo PB-9010T X Series Backpack Blower,Echo,Blowers &amp; Vacuums,https://reyco.glvmarketing.ca/wp-content/uploads/2026/04/EC-PB9010T-26.jpg,978,881,local_jpeg,ok,OK,keep,,
EC-PE2620-26,348,Echo PE-2620 Walk-Behind Edger,Echo,Edgers,https://reyco.glvmarketing.ca/wp-content/uploads/2026/04/EC-PE2620-26.jpg,705,1200,local_jpeg,ok,OK,keep,,
EC-PW3100-26,342,Echo PW-3100 Gas Pressure Washer,Echo,Unknown,https://reyco.glvmarketing.ca/wp-content/uploads/2026/04/EC-PW3100-26.jpg,800,1200,local_jpeg,ok,OK,keep,,
EC-PW3200-26,343,Echo PW-3200 Gas Pressure Washer,Echo,Unknown,https://reyco.glvmarketing.ca/wp-content/uploads/2026/04/EC-PW3200-26.jpg,1200,899,local_jpeg,ok,OK,keep,,
EC-PW3600-26,344,Echo PW-3600 Pro Gas Pressure Washer,Echo,Unknown,https://reyco.glvmarketing.ca/wp-content/uploads/2026/04/EC-PW3600-26.jpg,1200,1004,local_jpeg,ok,OK,keep,,
EC-PW4200-26,345,Echo PW-4200 Flagship Pro Pressure Washer,Echo,Unknown,https://reyco.glvmarketing.ca/wp-content/uploads/2026/04/EC-PW4200-26.jpg,800,1200,local_jpeg,ok,OK,keep,,
EC-PWE1800-26,341,Echo PWE-1800 Electric Pressure Washer,Echo,Unknown,https://reyco.glvmarketing.ca/wp-content/uploads/2026/04/EC-PWE1800-26.jpg,670,1200,local_jpeg,ok,OK,keep,,
EC-SHC225-26,337,Echo SHC-225 Shafted Hedge Trimmer,Echo,Hedge Trimmers,https://reyco.glvmarketing.ca/wp-content/uploads/2026/04/v2_ECHO_Hedge-Trimmers_SHC-225_StaticShot2.jpg,900,675,local_jpeg,ok,OK,keep,,
EC-SHC225S-26,338,Echo SHC-225S Shafted Hedge Trimmer (S),Echo,Hedge Trimmers,https://reyco.glvmarketing.ca/wp-content/uploads/2026/04/v2_ECHO_Hedge-Trimmers_SHC-225S_StaticShot2.jpg,900,675,local_jpeg,ok,OK,keep,,
EC-SHC2620-26,339,Echo SHC-2620 Pro Shafted Hedge Trimmer,Echo,Hedge Trimmers,https://reyco.glvmarketing.ca/wp-content/uploads/2026/04/EC-SHC2620-26.jpg,1200,463,local_jpeg,ok,OK,keep,,
EC-SHC2620S-26,340,Echo SHC-2620S Pro Shafted (S),Echo,Hedge Trimmers,https://reyco.glvmarketing.ca/wp-content/uploads/2026/04/EC-SHC2620S-26.jpg,1200,509,local_jpeg,ok,OK,keep,,
EC-SRM225-26,231,Echo SRM-225 String Trimmer,Echo,Unknown,https://reyco.glvmarketing.ca/wp-content/uploads/2026/04/EC-SRM225-26.jpg,1200,1023,local_jpeg,ok,OK,keep,,
EC-SRM266-26,328,Echo SRM-266 Pro-Grade Trimmer,Echo,Unknown,https://reyco.glvmarketing.ca/wp-content/uploads/2026/04/EC-SRM266-26.jpg,898,1200,local_jpeg,ok,OK,keep,,
EC-SRM410-26,330,Echo SRM-410 Pro Trimmer,Echo,Unknown,https://reyco.glvmarketing.ca/wp-content/uploads/2026/04/EC-SRM410-26.jpg,1200,748,local_jpeg,ok,OK,keep,,
HS-ACENV-26,223,Hisun ACE NV — Electric Golf Cart,Hisun,Golf Carts,https://reyco.glvmarketing.ca/wp-content/uploads/2026/04/800_aceblue-112942.png,800,538,local_jpeg,ok,OK,keep,,
HS-FORGE400I-26,221,Hisun Forge 400i — Sport-Utility ATV,Hisun,ATVs,https://reyco.glvmarketing.ca/wp-content/uploads/2026/04/HS-FORGE400I-26.jpg,1200,1183,local_jpeg,ok,OK,keep,,
HS-GUARDIAN-26,234,Hisun GUARDIAN Utility ATV,Hisun,ATVs,https://reyco.glvmarketing.ca/wp-content/uploads/2026/04/800_gray-guardian-400-105238.png,800,800,local_jpeg,ok,OK,keep,,
HS-MP9550R-26,219,Hisun MP9 550R — Sport Trail UTV,Hisun,Unknown,https://reyco.glvmarketing.ca/wp-content/uploads/2026/04/800_mp9-400-front-angle-red-no-winch-web-105838.png,800,800,local_jpeg,ok,OK,keep,,
HS-MP9750R-26,241,Hisun MP9 750R Sport UTV,Hisun,Unknown,https://reyco.glvmarketing.ca/wp-content/uploads/2026/04/800_mp9-400-front-angle-red-no-winch-web-105838-1.png,800,800,local_jpeg,ok,OK,keep,,
HS-MP9T400-26,242,Hisun MP9T400 Entry Sport UTV,Hisun,Unknown,https://reyco.glvmarketing.ca/wp-content/uploads/2026/04/800_mp9-400-front-angle-red-no-winch-web-105838-2.png,800,800,local_jpeg,ok,OK,keep,,
HS-SEC250-26,237,Hisun Sector 250 Compact Utility UTV,Hisun,Unknown,https://reyco.glvmarketing.ca/wp-content/uploads/2026/04/800_sector250-085013.png,800,750,local_jpeg,ok,OK,keep,,
HS-SEC550EPS-26,216,Hisun Sector 550 EPS — Utility UTV,Hisun,Unknown,https://reyco.glvmarketing.ca/wp-content/uploads/2026/04/800_sector550red-102158.png,800,789,local_jpeg,ok,OK,keep,,
HS-SEC750CREW-26,217,Hisun Sector 750 Crew — 4-Seat Utility UTV,Hisun,Unknown,https://reyco.glvmarketing.ca/wp-content/uploads/2026/04/800_sector750crewred-104342.png,800,705,local_jpeg,ok,OK,keep,,
HS-SEC750EPS-26,238,Hisun Sector 750 EPS,Hisun,Unknown,https://reyco.glvmarketing.ca/wp-content/uploads/2026/04/800_sector-750-hisun-red-110632.png,800,800,local_jpeg,ok,OK,keep,,
HS-SEC-E1-26,222,Hisun Sector E1 — Electric UTV,Hisun,Unknown,https://reyco.glvmarketing.ca/wp-content/uploads/2026/04/800_e1-green-152808.png,800,600,local_jpeg,ok,OK,keep,,
HS-STRK250R-26,214,Hisun Strike 250R — Youth Sport UTV,Hisun,Unknown,https://reyco.glvmarketing.ca/wp-content/uploads/2026/04/800_stike250blue-110557.png,800,750,local_jpeg,ok,OK,keep,,
HS-STRK550R-26,215,Hisun Strike 550R — Adult Sport UTV,Hisun,Unknown,https://reyco.glvmarketing.ca/wp-content/uploads/2026/04/800_strike550blue-110937.png,800,750,local_jpeg,ok,OK,keep,,
HS-STRY550-26,239,Hisun Stryker 550X Sport-Trail UTV,Hisun,Unknown,https://reyco.glvmarketing.ca/wp-content/uploads/2026/04/800_stryker-550x-front-angle-nardo-grey-w-vents-102239.png,800,800,local_jpeg,ok,OK,keep,,
HS-STRY750CREW-26,240,Hisun Stryker 750 Crew (4-Seat Sport),Hisun,Unknown,https://reyco.glvmarketing.ca/wp-content/uploads/2026/04/800_750xc-gray-crew-front-angle-165515.png,800,534,local_jpeg,ok,OK,keep,,
HS-STRY750X-26,218,Hisun Stryker 750X — Sport-Trail UTV,Hisun,Unknown,https://reyco.glvmarketing.ca/wp-content/uploads/2026/04/800_stryker-red-750x-front-angle-w-vents-102322.png,800,800,local_jpeg,ok,OK,keep,,
HS-TACTIC-26,235,Hisun Tactic Utility ATV,Hisun,ATVs,https://reyco.glvmarketing.ca/wp-content/uploads/2026/04/800_tactic400blue-113644.png,800,800,local_jpeg,ok,OK,keep,,
HB-APEX13-26,276,Humminbird APEX 13 MEGA SI+ Chartplotter,Humminbird,Fish Finders,https://reyco.glvmarketing.ca/wp-content/uploads/2026/04/HB_411470-1VX_APEX_VX_13_alt1.webp,1600,1600,local_jpeg,ok,OK,keep,,
HB-APEX13-CHO-26,277,Humminbird APEX 13 MEGA SI+ Chartplotter (CHO),Humminbird,Fish Finders,https://reyco.glvmarketing.ca/wp-content/uploads/2026/04/HB_411470-1VX_APEX_VX_13_alt1-2.webp,1600,1600,local_jpeg,ok,OK,keep,,
HB-APEX16-26,278,Humminbird APEX 16 MEGA SI+ Chartplotter,Humminbird,Fish Finders,https://reyco.glvmarketing.ca/wp-content/uploads/2026/04/HB_411500-1VX_APEXVX_16_alt1-1.webp,1600,1600,local_jpeg,ok,OK,keep,,
HB-APEX16-CHO-26,279,Humminbird APEX 16 MEGA SI+ Chartplotter (CHO),Humminbird,Fish Finders,https://reyco.glvmarketing.ca/wp-content/uploads/2026/04/HB_411500-1VX_APEXVX_16_alt1-3.webp,1600,1600,local_jpeg,ok,OK,keep,,
HB-APEX19-26,280,Humminbird APEX 19 MEGA SI+ Chartplotter,Humminbird,Fish Finders,https://reyco.glvmarketing.ca/wp-content/uploads/2026/04/HB_411470-1VX_APEX_VX_13_alt1-4.webp,1600,1600,local_jpeg,ok,OK,keep,,
HB-APEX19-CHO-26,281,Humminbird APEX 19 MEGA SI+ Chartplotter (CHO),Humminbird,Fish Finders,https://reyco.glvmarketing.ca/wp-content/uploads/2026/04/HB_411470-1VX_APEX_VX_13_alt1-6.webp,1600,1600,local_jpeg,ok,OK,keep,,
HB-ICELIVE2-PM-26,284,Humminbird ICE MEGA Live 2 Compact Pole-Mount,Humminbird,Ice Fishing Electronics,https://reyco.glvmarketing.ca/wp-content/uploads/2026/04/HB_ICE_XPLORE9_CHO_ML2_Alt2.webp,640,640,local_jpeg,ok,OK,keep,,
HB-XPLORE-KIT-26,288,Humminbird ICE XPLORE Shuttle Conversion Kit,Humminbird,Marine Electronics Accessories,https://reyco.glvmarketing.ca/wp-content/uploads/2026/04/HB_XPLORE_9_alt1.webp,640,640,local_jpeg,ok,OK,keep,,
HB-MEGALIVE2-FWD-26,282,Humminbird MEGA Live 2 Forward-Facing Sonar,Humminbird,Live Sonar,https://reyco.glvmarketing.ca/wp-content/uploads/2026/04/HB_710310-1_MEGA_Live_2_alt1-1.webp,640,640,local_jpeg,ok,OK,keep,,
HB-MEGALIVE2-TM-26,283,Humminbird MEGA Live 2 Transom-Mount Sonar,Humminbird,Live Sonar,https://reyco.glvmarketing.ca/wp-content/uploads/2026/04/HB_ML2_Transom_Mount_Alt1.webp,640,640,local_jpeg,ok,OK,keep,,
MK-EC15-BULK-26,259,Minn Kota Battery Charger Extension Cable MK-EC-15 (Bulk),Minnkota,Marine Electronics,https://reyco.glvmarketing.ca/wp-content/uploads/2026/04/MK_1820089_MK-EC-15_hero.webp,640,640,local_jpeg,ok,OK,keep,,
MK-KTRV55-FW-26,252,Minn Kota Kayak Terrova 55 lb — Freshwater,Minnkota,Kayak Motors,https://reyco.glvmarketing.ca/wp-content/uploads/2026/04/MK_KayakTerrova_HeroAlt.webp,2048,2048,local_jpeg,ok,OK,keep,,
MK-MK230PCL-26,254,Minn Kota Precision Charger MK 230 PCL — 2 Bank × 15 Amp,Minnkota,Marine Electronics,https://reyco.glvmarketing.ca/wp-content/uploads/2026/04/MK_1832304_MK-230PCL_3q.webp,640,640,local_jpeg,ok,OK,keep,,
MK-MK330PC-26,255,Minn Kota Precision Charger MK 330 PC — 3 Bank × 10 Amp,Minnkota,Marine Electronics,https://reyco.glvmarketing.ca/wp-content/uploads/2026/04/MK_1833300_MK-330PC_3q2.webp,1600,1600,local_jpeg,ok,OK,keep,,
MK-MK345PCL-26,256,Minn Kota Precision Charger MK 345 PCL — 3 Bank × 15 Amp,Minnkota,Marine Electronics,https://reyco.glvmarketing.ca/wp-content/uploads/2026/04/MK_1833454_MK-345PCL_3q.webp,640,640,local_jpeg,ok,OK,keep,,
MK-MK460PCL-26,257,Minn Kota Precision Charger MK 460 PCL — 4 Bank × 15 Amp,Minnkota,Marine Electronics,https://reyco.glvmarketing.ca/wp-content/uploads/2026/04/MK_1834604_MK-460PCL_3q-1.webp,2048,2048,local_jpeg,ok,OK,keep,,
MK-MKR30-26,258,Minn Kota Remote Power Switch MKR-30,Minnkota,Marine Electronics,https://reyco.glvmarketing.ca/wp-content/uploads/2026/04/MK_1865130_MKR-30_RemotePowerSwitch_Main.webp,640,640,local_jpeg,ok,OK,keep,,
MK-RTKAYAK55-26,253,Minn Kota Riptide Kayak Terrova 55 lb — Saltwater,Minnkota,Kayak Motors,https://reyco.glvmarketing.ca/wp-content/uploads/2026/04/MK_KayakTerrova_HeroAlt-2.webp,2048,2048,local_jpeg,ok,OK,keep,,
MK-RT112-87-26,250,Minn Kota Riptide Terrova 112 lb — 87&#8243; Shaft,Minnkota,Unknown,https://reyco.glvmarketing.ca/wp-content/uploads/2026/04/MK_RiptideTerrova_QUEST_HeroAlt-7.webp,2048,2048,local_jpeg,ok,OK,keep,,
MK-RT80-60-REFURB,251,Minn Kota Riptide Terrova 80 lb Refurb — 60&#8243;,Minnkota,Unknown,https://reyco.glvmarketing.ca/wp-content/uploads/2026/04/MK_RiptideTerrova_QUEST_HeroAlt-9.webp,2048,2048,local_jpeg,ok,OK,keep,,
MK-RTQUEST9115-100-26,249,Minn Kota Riptide Terrova QUEST 90/115 — 100&#8243;,Minnkota,Unknown,https://reyco.glvmarketing.ca/wp-content/uploads/2026/04/MK_RiptideTerrova_QUEST_HeroAlt-5.webp,2048,2048,local_jpeg,ok,OK,keep,,
MK-RTQUEST9115-72-26,247,Minn Kota Riptide Terrova QUEST 90/115 — 72&#8243;,Minnkota,Unknown,https://reyco.glvmarketing.ca/wp-content/uploads/2026/04/MK_RiptideTerrova_QUEST_HeroAlt-1.webp,2048,2048,local_jpeg,ok,OK,keep,,
MK-RTQUEST9115-87-26,248,Minn Kota Riptide Terrova QUEST 90/115 — 87&#8243;,Minnkota,Unknown,https://reyco.glvmarketing.ca/wp-content/uploads/2026/04/MK_RiptideTerrova_QUEST_HeroAlt-3.webp,2048,2048,local_jpeg,ok,OK,keep,,
MK-ULT80-45-26,244,Minn Kota Ultrex 80 lb — 45&#8243; Shaft,Minnkota,Unknown,https://reyco.glvmarketing.ca/wp-content/uploads/2026/04/MK_Ultrex_QUEST_HeroAlt.webp,2048,2048,local_jpeg,ok,OK,keep,,
MK-ULT80-52-26,245,Minn Kota Ultrex 80 lb — 52&#8243; Shaft,Minnkota,Unknown,https://reyco.glvmarketing.ca/wp-content/uploads/2026/04/MK_Ultrex_QUEST_HeroAlt-1.webp,2048,2048,local_jpeg,ok,OK,keep,,
MK-ULTQUEST9115-45-26,246,Minn Kota Ultrex QUEST 90/115 lb — Dual Spectrum CHIRP,Minnkota,Unknown,https://reyco.glvmarketing.ca/wp-content/uploads/2026/04/MK_Ultrex_QUEST_HeroAlt-2.webp,2048,2048,local_jpeg,ok,OK,keep,,
